lang,cid,sid,topic,metric_description,metric_code,page,file_stem,label,answer_value,answer_unit,complete,sasb_category,sasb_unit_of_measure,sasb_key_terms,sasb_what_counts
chinese,tcfh,1,資料安全,(1) 資料洩露數量,FN-CB-230a.1,71,tcfh_071,yes,0,N/A,True,Quantitative,Number|Percentage (%),data breach|personal data breach|account holders affected|cybersecurity|information systems|unauthorised access|encryption,Three values: (1) total number of data breaches; (2) percentage that are personal data breaches (involving personal data destruction/loss/alteration/disclosure); (3) number of unique account holders affected by personal breaches. Must also describe corrective actions taken.
chinese,tcfh,2,資料安全,(2) 資料洩露屬於個人資料洩露之百分比,FN-CB-230a.1,71,tcfh_071,yes,0,N/A,True,Quantitative,Number|Percentage (%),data breach|personal data breach|account holders affected|cybersecurity|information systems|unauthorised access|encryption,Three values: (1) total number of data breaches; (2) percentage that are personal data breaches (involving personal data destruction/loss/alteration/disclosure); (3) number of unique account holders affected by personal breaches. Must also describe corrective actions taken.
chinese,tcfh,3,資料安全,(3) 資料洩露受影響之帳戶持有者數量,FN-CB-230a.1,71,tcfh_071,yes,0,N/A,True,Quantitative,Number|Percentage (%),data breach|personal data breach|account holders affected|cybersecurity|information systems|unauthorised access|encryption,Three values: (1) total number of data breaches; (2) percentage that are personal data breaches (involving personal data destruction/loss/alteration/disclosure); (3) number of unique account holders affected by personal breaches. Must also describe corrective actions taken.
chinese,tcfh,4,資料安全,對辨認及因應資料安全風險之作法之討論,FN-CB-230a.2,71,tcfh_071,yes,N/A,N/A,True,Discussion and Analysis,n/a,data security risk|cybersecurity|vulnerability|ransomware|ISO/IEC 27000|NIST|mobile banking|cyber threats|attack vectors,"Qualitative description of approach to: identifying vulnerabilities, managing data security risks, observed cyber threat trends, breach disclosure policies, alignment with frameworks (ISO/IEC 2700, NIST, NYCRR 500, OCC), emerging threats (mobile banking, ransomware, loan stacking)."
chinese,tcfh,5,普惠金融與能力建構,符合旨在促進小型企業及社區發展計畫之貸款 (1) 數量,FN-CB-240a.1,107,tcfh_107,yes,"61,516",戶,True,Quantitative,Number|Presentation currency,community development loan|small business loan|financial inclusion|low-income|moderate-income|CDFI|microfinance|community development finance,Two values: (1) total NUMBER of qualifying loans outstanding; (2) total AMOUNT outstanding in presentation currency. Scope includes community development loans (low/moderate-income) and small business loans (including farms). EXCLUDES personal expenditures and residential property loans.
chinese,tcfh,5,普惠金融與能力建構,符合旨在促進小型企業及社區發展計畫之貸款 (1) 數量,FN-CB-240a.1,105,tcfh_105,yes,"88,644",戶,True,Quantitative,Number|Presentation currency,community development loan|small business loan|financial inclusion|low-income|moderate-income|CDFI|microfinance|community development finance,Two values: (1) total NUMBER of qualifying loans outstanding; (2) total AMOUNT outstanding in presentation currency. Scope includes community development loans (low/moderate-income) and small business loans (including farms). EXCLUDES personal expenditures and residential property loans.
chinese,tcfh,6,普惠金融與能力建構,符合旨在促進小型企業及社區發展計畫之貸款 (2) 餘額,FN-CB-240a.1,107,tcfh_107,yes,"3,286",億元,True,Quantitative,Number|Presentation currency,community development loan|small business loan|financial inclusion|low-income|moderate-income|CDFI|microfinance|community development finance,Two values: (1) total NUMBER of qualifying loans outstanding; (2) total AMOUNT outstanding in presentation currency. Scope includes community development loans (low/moderate-income) and small business loans (including farms). EXCLUDES personal expenditures and residential property loans.
chinese,tcfh,6,普惠金融與能力建構,符合旨在促進小型企業及社區發展計畫之貸款 (2) 餘額,FN-CB-240a.1,105,tcfh_105,yes,"10,551.05",億元,True,Quantitative,Number|Presentation currency,community development loan|small business loan|financial inclusion|low-income|moderate-income|CDFI|microfinance|community development finance,Two values: (1) total NUMBER of qualifying loans outstanding; (2) total AMOUNT outstanding in presentation currency. Scope includes community development loans (low/moderate-income) and small business loans (including farms). EXCLUDES personal expenditures and residential property loans.
chinese,tcfh,7,普惠金融與能力建構,符合旨在促進小型企業及社區發展計畫之逾期及催收款項或受暫緩還款約束貸款之 (1) 數量,FN-CB-240a.2,107,tcfh_107,yes,"71,000",戶,True,Quantitative,Number|Presentation currency,past due loan|nonaccrual loan|forbearance|community development|small business|low-income|moderate-income,Two values: (1) total NUMBER of past due/nonaccrual loans OR loans subject to forbearance that qualify for small business/community development programmes; (2) total AMOUNT outstanding. Includes originated and purchased loans.
chinese,tcfh,8,普惠金融與能力建構,符合旨在促進小型企業及社區發展計畫之逾期及催收款項或受暫緩還款約束貸款之 (2) 餘額,FN-CB-240a.2,107,tcfh_107,yes,"8,200",億元,True,Quantitative,Number|Presentation currency,past due loan|nonaccrual loan|forbearance|community development|small business|low-income|moderate-income,Two values: (1) total NUMBER of past due/nonaccrual loans OR loans subject to forbearance that qualify for small business/community development programmes; (2) total AMOUNT outstanding. Includes originated and purchased loans.
chinese,tcfh,11,將環境、社會及治理因素納入信用分析,將環境、社會及治理 (ESG) 因素納入信用分析之作法之描述,FN-CB-410a.2,87,tcfh_087,yes,N/A,N/A,True,Discussion and Analysis,n/a,ESG|credit analysis|environmental factors|social factors|governance|creditworthiness|climate risk|Equator Principles|ESRM|carbon-related assets,"Qualitative description of how ESG factors are incorporated in credit analysis for commercial/industrial lending and project finance. Must cover: policies, responsible parties, ESG research approach, oversight, scenario analysis, credit loss estimation, significant ESG concentrations."
chinese,tcfh,19,商業倫理,吹哨者政策及程序之描述,FN-CB-510a.2,56,tcfh_056,yes,N/A,N/A,True,Discussion and Analysis,n/a,whistleblower|compliance programme|hotline|reporting violations|whistleblower incentives|internal controls|ethics,"Qualitative description of whistleblower programme including: internal compliance programmes, hotline details (independent third party?), publication of hotline number, incentives for reporting, methods for submitting tips, applicable jurisdictional regulations, violations and corrective actions."
chinese,tcfh,21,系統性風險管理,描述將強制性與自願性壓力測試之結果整合至資本適足率規劃、公司長期策略及其他商業活動之方法,FN-CB-550a.2,59,tcfh_059,yes,N/A,N/A,True,Discussion and Analysis,n/a,stress test|capital adequacy|capital planning|ESG strategy|systemic risk|long-term strategy|regulatory stress test,Qualitative discussion of how mandatory and voluntary stress test results are integrated into capital planning and long-term corporate strategy. Must also discuss how stress test results inform ESG strategy.
chinese,tcfh,1,資料安全,(1) 資料洩露數量,FN-CB-230a.1,72,tcfh_072,no,0,N/A,True,Quantitative,Number|Percentage (%),data breach|personal data breach|account holders affected|cybersecurity|information systems|unauthorised access|encryption,Three values: (1) total number of data breaches; (2) percentage that are personal data breaches (involving personal data destruction/loss/alteration/disclosure); (3) number of unique account holders affected by personal breaches. Must also describe corrective actions taken.
chinese,tcfh,2,資料安全,(2) 資料洩露屬於個人資料洩露之百分比,FN-CB-230a.1,72,tcfh_072,no,0,N/A,True,Quantitative,Number|Percentage (%),data breach|personal data breach|account holders affected|cybersecurity|information systems|unauthorised access|encryption,Three values: (1) total number of data breaches; (2) percentage that are personal data breaches (involving personal data destruction/loss/alteration/disclosure); (3) number of unique account holders affected by personal breaches. Must also describe corrective actions taken.
chinese,tcfh,3,資料安全,(3) 資料洩露受影響之帳戶持有者數量,FN-CB-230a.1,72,tcfh_072,no,0,N/A,True,Quantitative,Number|Percentage (%),data breach|personal data breach|account holders affected|cybersecurity|information systems|unauthorised access|encryption,Three values: (1) total number of data breaches; (2) percentage that are personal data breaches (involving personal data destruction/loss/alteration/disclosure); (3) number of unique account holders affected by personal breaches. Must also describe corrective actions taken.
chinese,tcfh,4,資料安全,對辨認及因應資料安全風險之作法之討論,FN-CB-230a.2,72,tcfh_072,no,N/A,N/A,True,Discussion and Analysis,n/a,data security risk|cybersecurity|vulnerability|ransomware|ISO/IEC 27000|NIST|mobile banking|cyber threats|attack vectors,"Qualitative description of approach to: identifying vulnerabilities, managing data security risks, observed cyber threat trends, breach disclosure policies, alignment with frameworks (ISO/IEC 2700, NIST, NYCRR 500, OCC), emerging threats (mobile banking, ransomware, loan stacking)."
chinese,tcfh,5,普惠金融與能力建構,符合旨在促進小型企業及社區發展計畫之貸款 (1) 數量,FN-CB-240a.1,106,tcfh_106,no,"88,644",戶,True,Quantitative,Number|Presentation currency,community development loan|small business loan|financial inclusion|low-income|moderate-income|CDFI|microfinance|community development finance,Two values: (1) total NUMBER of qualifying loans outstanding; (2) total AMOUNT outstanding in presentation currency. Scope includes community development loans (low/moderate-income) and small business loans (including farms). EXCLUDES personal expenditures and residential property loans.
chinese,tcfh,6,普惠金融與能力建構,符合旨在促進小型企業及社區發展計畫之貸款 (2) 餘額,FN-CB-240a.1,106,tcfh_106,no,"10,551.05",億元,True,Quantitative,Number|Presentation currency,community development loan|small business loan|financial inclusion|low-income|moderate-income|CDFI|microfinance|community development finance,Two values: (1) total NUMBER of qualifying loans outstanding; (2) total AMOUNT outstanding in presentation currency. Scope includes community development loans (low/moderate-income) and small business loans (including farms). EXCLUDES personal expenditures and residential property loans.
chinese,tcfh,19,商業倫理,吹哨者政策及程序之描述,FN-CB-510a.2,58,tcfh_058,no,N/A,N/A,True,Discussion and Analysis,n/a,whistleblower|compliance programme|hotline|reporting violations|whistleblower incentives|internal controls|ethics,"Qualitative description of whistleblower programme including: internal compliance programmes, hotline details (independent third party?), publication of hotline number, incentives for reporting, methods for submitting tips, applicable jurisdictional regulations, violations and corrective actions."
chinese,tcfh,21,系統性風險管理,描述將強制性與自願性壓力測試之結果整合至資本適足率規劃、公司長期策略及其他商業活動之方法,FN-CB-550a.2,62,tcfh_062,no,N/A,N/A,True,Discussion and Analysis,n/a,stress test|capital adequacy|capital planning|ESG strategy|systemic risk|long-term strategy|regulatory stress test,Qualitative discussion of how mandatory and voluntary stress test results are integrated into capital planning and long-term corporate strategy. Must also discuss how stress test results inform ESG strategy.
chinese,psi,1,溫室氣體排放,(1) 範疇 1 溫室氣體排放之全球總排放量,TC-SC-110a.1,51,psi_051,yes,5221,ton CO2e,True,Quantitative,Metric tons (t) CO2-e|Percentage (%),Scope 1 emissions|greenhouse gas|GHG|perfluorocompounds|PFC|carbon emissions|emissions-limiting regulations|global warming potential,"Two values: (1) gross global Scope 1 GHG emissions in metric tons CO2-equivalent, and percentage covered under emissions-limiting regulations (e.g. cap-and-trade, carbon tax); (2) subset of those emissions from perfluorocompounds (PFCs) used in semiconductor manufacturing. Excludes biogenic CO2."
chinese,psi,2,溫室氣體排放,(2) 來自全氟化合物之全球總排放量,TC-SC-110a.1,51,psi_051,yes,5070,ton CO2e,True,Quantitative,Metric tons (t) CO2-e|Percentage (%),Scope 1 emissions|greenhouse gas|GHG|perfluorocompounds|PFC|carbon emissions|emissions-limiting regulations|global warming potential,"Two values: (1) gross global Scope 1 GHG emissions in metric tons CO2-equivalent, and percentage covered under emissions-limiting regulations (e.g. cap-and-trade, carbon tax); (2) subset of those emissions from perfluorocompounds (PFCs) used in semiconductor manufacturing. Excludes biogenic CO2."
chinese,psi,3,溫室氣體排放,對管理範疇 1 排放之長期及短期策略或計畫、排放減量目標，以及針對該等目標之績效分析之討論,TC-SC-110a.2,51,psi_051,yes,N/A,N/A,True,Discussion and Analysis,n/a,emissions reduction|climate strategy|Scope 1 management|PFC reduction|reduction targets|net zero|abatement|climate risk,"Qualitative discussion of strategy to manage Scope 1 emissions including: reduction targets (absolute or intensity-based), timeline, methods (process optimization, abatement equipment, alternative chemistries for PFCs), and performance against stated targets."
chinese,psi,4,製造之能源管理,(1) 總能源消耗量,TC-SC-130a.1,48,psi_048,yes,"39,181,600",kwh,True,Quantitative,Gigajoules (GJ)|Percentage (%),energy consumption|grid electricity|renewable energy|electricity|energy management|energy intensity|clean energy|power purchase agreement,"Three values: (1) total energy consumed in GJ across all manufacturing operations (electricity, fuel, steam, heating/cooling); (2) percentage of total energy that is grid electricity; (3) percentage of total energy from renewable sources (wind, solar, hydro, certified RECs, PPAs). Scope: owned and operated manufacturing facilities."
chinese,psi,5,製造之能源管理,(2) 所消耗之能源中來自電網電力供應之百分比,TC-SC-130a.1,48,psi_048,yes,100,%,True,Quantitative,Gigajoules (GJ)|Percentage (%),energy consumption|grid electricity|renewable energy|electricity|energy management|energy intensity|clean energy|power purchase agreement,"Three values: (1) total energy consumed in GJ across all manufacturing operations (electricity, fuel, steam, heating/cooling); (2) percentage of total energy that is grid electricity; (3) percentage of total energy from renewable sources (wind, solar, hydro, certified RECs, PPAs). Scope: owned and operated manufacturing facilities."
chinese,psi,6,製造之能源管理,(3) 所消耗之能源中屬再生能源之百分比,TC-SC-130a.1,48,psi_048,yes,0,%,True,Quantitative,Gigajoules (GJ)|Percentage (%),energy consumption|grid electricity|renewable energy|electricity|energy management|energy intensity|clean energy|power purchase agreement,"Three values: (1) total energy consumed in GJ across all manufacturing operations (electricity, fuel, steam, heating/cooling); (2) percentage of total energy that is grid electricity; (3) percentage of total energy from renewable sources (wind, solar, hydro, certified RECs, PPAs). Scope: owned and operated manufacturing facilities."
chinese,psi,13,勞工健康與安全,對評估、監控及降低勞工暴露於人類健康危害所作之努力之描述,TC-SC-320a.1,75,psi_075,yes,N/A,N/A,True,Discussion and Analysis,n/a,occupational health|employee safety|chemical exposure|hazardous substances|OSHA|industrial hygiene|health monitoring|ergonomics|radiation,"Qualitative description of: (1) types of health hazards present (chemicals, radiation, ergonomic); (2) monitoring and assessment methods; (3) controls implemented (engineering controls, PPE, substitution); (4) health surveillance programs; (5) metrics tracked (injury rates, illness rates, days lost)."
chinese,psi,1,溫室氣體排放,(1) 範疇 1 溫室氣體排放之全球總排放量,TC-SC-110a.1,53,psi_053,no,5221,ton CO2e,True,Quantitative,Metric tons (t) CO2-e|Percentage (%),Scope 1 emissions|greenhouse gas|GHG|perfluorocompounds|PFC|carbon emissions|emissions-limiting regulations|global warming potential,"Two values: (1) gross global Scope 1 GHG emissions in metric tons CO2-equivalent, and percentage covered under emissions-limiting regulations (e.g. cap-and-trade, carbon tax); (2) subset of those emissions from perfluorocompounds (PFCs) used in semiconductor manufacturing. Excludes biogenic CO2."
chinese,psi,2,溫室氣體排放,(2) 來自全氟化合物之全球總排放量,TC-SC-110a.1,53,psi_053,no,5070,ton CO2e,True,Quantitative,Metric tons (t) CO2-e|Percentage (%),Scope 1 emissions|greenhouse gas|GHG|perfluorocompounds|PFC|carbon emissions|emissions-limiting regulations|global warming potential,"Two values: (1) gross global Scope 1 GHG emissions in metric tons CO2-equivalent, and percentage covered under emissions-limiting regulations (e.g. cap-and-trade, carbon tax); (2) subset of those emissions from perfluorocompounds (PFCs) used in semiconductor manufacturing. Excludes biogenic CO2."
chinese,psi,3,溫室氣體排放,對管理範疇 1 排放之長期及短期策略或計畫、排放減量目標，以及針對該等目標之績效分析之討論,TC-SC-110a.2,53,psi_053,no,N/A,N/A,True,Discussion and Analysis,n/a,emissions reduction|climate strategy|Scope 1 management|PFC reduction|reduction targets|net zero|abatement|climate risk,"Qualitative discussion of strategy to manage Scope 1 emissions including: reduction targets (absolute or intensity-based), timeline, methods (process optimization, abatement equipment, alternative chemistries for PFCs), and performance against stated targets."
chinese,psi,4,製造之能源管理,(1) 總能源消耗量,TC-SC-130a.1,49,psi_049,no,"39,181,600",kwh,True,Quantitative,Gigajoules (GJ)|Percentage (%),energy consumption|grid electricity|renewable energy|electricity|energy management|energy intensity|clean energy|power purchase agreement,"Three values: (1) total energy consumed in GJ across all manufacturing operations (electricity, fuel, steam, heating/cooling); (2) percentage of total energy that is grid electricity; (3) percentage of total energy from renewable sources (wind, solar, hydro, certified RECs, PPAs). Scope: owned and operated manufacturing facilities."
chinese,psi,5,製造之能源管理,(2) 所消耗之能源中來自電網電力供應之百分比,TC-SC-130a.1,49,psi_049,no,100,%,True,Quantitative,Gigajoules (GJ)|Percentage (%),energy consumption|grid electricity|renewable energy|electricity|energy management|energy intensity|clean energy|power purchase agreement,"Three values: (1) total energy consumed in GJ across all manufacturing operations (electricity, fuel, steam, heating/cooling); (2) percentage of total energy that is grid electricity; (3) percentage of total energy from renewable sources (wind, solar, hydro, certified RECs, PPAs). Scope: owned and operated manufacturing facilities."
chinese,psi,6,製造之能源管理,(3) 所消耗之能源中屬再生能源之百分比,TC-SC-130a.1,49,psi_049,no,0,%,True,Quantitative,Gigajoules (GJ)|Percentage (%),energy consumption|grid electricity|renewable energy|electricity|energy management|energy intensity|clean energy|power purchase agreement,"Three values: (1) total energy consumed in GJ across all manufacturing operations (electricity, fuel, steam, heating/cooling); (2) percentage of total energy that is grid electricity; (3) percentage of total energy from renewable sources (wind, solar, hydro, certified RECs, PPAs). Scope: owned and operated manufacturing facilities."
chinese,psi,7,水管理,(1) 所有來源之取水量（以千立方公尺為單位）,TC-SC-140a.1,53,psi_053,no,"720,615",立方公尺,True,Quantitative,Thousand cubic metres (m³)|Percentage (%),water withdrawal|water consumption|water stress|water scarcity|WRI Aqueduct|water recycling|ultrapure water|wastewater,"Two paired values: (1) total water withdrawn (from all sources: municipal, groundwater, surface water) in thousand m³ + percentage from High/Extremely High Baseline Water Stress regions per WRI Aqueduct; (2) total water consumed (withdrawn minus discharged) + same percentage breakdown. Semiconductor fabs are water-intensive."
chinese,psi,8,水管理,(2) 營運中之耗水量（以千立方公尺為單位）,TC-SC-140a.1,53,psi_053,no,"138,283",立方公尺,True,Quantitative,Thousand cubic metres (m³)|Percentage (%),water withdrawal|water consumption|water stress|water scarcity|WRI Aqueduct|water recycling|ultrapure water|wastewater,"Two paired values: (1) total water withdrawn (from all sources: municipal, groundwater, surface water) in thousand m³ + percentage from High/Extremely High Baseline Water Stress regions per WRI Aqueduct; (2) total water consumed (withdrawn minus discharged) + same percentage breakdown. Semiconductor fabs are water-intensive."
chinese,psi,20,材料取得,與關鍵材料之使用有關風險管理之描述,TC-SC-440a.1,45,psi_045,no,N/A,N/A,True,Discussion and Analysis,n/a,critical materials|rare earth|supply chain risk|conflict minerals|3TG|material sourcing|supply chain resilience|responsible sourcing|cobalt|tantalum,"Qualitative description of: (1) identification of critical and conflict materials used; (2) supply chain mapping and due diligence; (3) supplier audits and certifications (RBA, OECD); (4) mitigation strategies for supply disruptions; (5) alternatives assessment for critical materials."
chinese,esun,1,資料安全,(1) 資料洩露數量,FN-CB-230a.1,113,esun_113,yes,0,N/A,True,Quantitative,Number|Percentage (%),data breach|personal data breach|account holders affected|cybersecurity|information systems|unauthorised access|encryption,Three values: (1) total number of data breaches; (2) percentage that are personal data breaches (involving personal data destruction/loss/alteration/disclosure); (3) number of unique account holders affected by personal breaches. Must also describe corrective actions taken.
chinese,esun,2,資料安全,(2) 資料洩露屬於個人資料洩露之百分比,FN-CB-230a.1,113,esun_113,yes,0,%,True,Quantitative,Number|Percentage (%),data breach|personal data breach|account holders affected|cybersecurity|information systems|unauthorised access|encryption,Three values: (1) total number of data breaches; (2) percentage that are personal data breaches (involving personal data destruction/loss/alteration/disclosure); (3) number of unique account holders affected by personal breaches. Must also describe corrective actions taken.
chinese,esun,3,資料安全,(3) 資料洩露受影響之帳戶持有者數量,FN-CB-230a.1,113,esun_113,yes,0,N/A,True,Quantitative,Number|Percentage (%),data breach|personal data breach|account holders affected|cybersecurity|information systems|unauthorised access|encryption,Three values: (1) total number of data breaches; (2) percentage that are personal data breaches (involving personal data destruction/loss/alteration/disclosure); (3) number of unique account holders affected by personal breaches. Must also describe corrective actions taken.
chinese,esun,4,資料安全,對辨認及因應資料安全風險之作法之討論,FN-CB-230a.2,111,esun_111,yes,N/A,N/A,True,Discussion and Analysis,n/a,data security risk|cybersecurity|vulnerability|ransomware|ISO/IEC 27000|NIST|mobile banking|cyber threats|attack vectors,"Qualitative description of approach to: identifying vulnerabilities, managing data security risks, observed cyber threat trends, breach disclosure policies, alignment with frameworks (ISO/IEC 2700, NIST, NYCRR 500, OCC), emerging threats (mobile banking, ransomware, loan stacking)."
chinese,esun,4,資料安全,對辨認及因應資料安全風險之作法之討論,FN-CB-230a.2,112,esun_112,yes,N/A,N/A,True,Discussion and Analysis,n/a,data security risk|cybersecurity|vulnerability|ransomware|ISO/IEC 27000|NIST|mobile banking|cyber threats|attack vectors,"Qualitative description of approach to: identifying vulnerabilities, managing data security risks, observed cyber threat trends, breach disclosure policies, alignment with frameworks (ISO/IEC 2700, NIST, NYCRR 500, OCC), emerging threats (mobile banking, ransomware, loan stacking)."
chinese,esun,4,資料安全,對辨認及因應資料安全風險之作法之討論,FN-CB-230a.2,113,esun_113,yes,N/A,N/A,True,Discussion and Analysis,n/a,data security risk|cybersecurity|vulnerability|ransomware|ISO/IEC 27000|NIST|mobile banking|cyber threats|attack vectors,"Qualitative description of approach to: identifying vulnerabilities, managing data security risks, observed cyber threat trends, breach disclosure policies, alignment with frameworks (ISO/IEC 2700, NIST, NYCRR 500, OCC), emerging threats (mobile banking, ransomware, loan stacking)."
chinese,esun,11,將環境、社會及治理因素納入信用分析,將環境、社會及治理 (ESG) 因素納入信用分析之作法之描述,FN-CB-410a.2,59,esun_059,yes,N/A,N/A,True,Discussion and Analysis,n/a,ESG|credit analysis|environmental factors|social factors|governance|creditworthiness|climate risk|Equator Principles|ESRM|carbon-related assets,"Qualitative description of how ESG factors are incorporated in credit analysis for commercial/industrial lending and project finance. Must cover: policies, responsible parties, ESG research approach, oversight, scenario analysis, credit loss estimation, significant ESG concentrations."
chinese,esun,11,將環境、社會及治理因素納入信用分析,將環境、社會及治理 (ESG) 因素納入信用分析之作法之描述,FN-CB-410a.2,61,esun_061,yes,N/A,N/A,True,Discussion and Analysis,n/a,ESG|credit analysis|environmental factors|social factors|governance|creditworthiness|climate risk|Equator Principles|ESRM|carbon-related assets,"Qualitative description of how ESG factors are incorporated in credit analysis for commercial/industrial lending and project finance. Must cover: policies, responsible parties, ESG research approach, oversight, scenario analysis, credit loss estimation, significant ESG concentrations."
chinese,esun,11,將環境、社會及治理因素納入信用分析,將環境、社會及治理 (ESG) 因素納入信用分析之作法之描述,FN-CB-410a.2,62,esun_062,yes,N/A,N/A,True,Discussion and Analysis,n/a,ESG|credit analysis|environmental factors|social factors|governance|creditworthiness|climate risk|Equator Principles|ESRM|carbon-related assets,"Qualitative description of how ESG factors are incorporated in credit analysis for commercial/industrial lending and project finance. Must cover: policies, responsible parties, ESG research approach, oversight, scenario analysis, credit loss estimation, significant ESG concentrations."
chinese,esun,1,資料安全,(1) 資料洩露數量,FN-CB-230a.1,114,esun_114,no,0,N/A,True,Quantitative,Number|Percentage (%),data breach|personal data breach|account holders affected|cybersecurity|information systems|unauthorised access|encryption,Three values: (1) total number of data breaches; (2) percentage that are personal data breaches (involving personal data destruction/loss/alteration/disclosure); (3) number of unique account holders affected by personal breaches. Must also describe corrective actions taken.
chinese,esun,2,資料安全,(2) 資料洩露屬於個人資料洩露之百分比,FN-CB-230a.1,114,esun_114,no,0,%,True,Quantitative,Number|Percentage (%),data breach|personal data breach|account holders affected|cybersecurity|information systems|unauthorised access|encryption,Three values: (1) total number of data breaches; (2) percentage that are personal data breaches (involving personal data destruction/loss/alteration/disclosure); (3) number of unique account holders affected by personal breaches. Must also describe corrective actions taken.
chinese,esun,3,資料安全,(3) 資料洩露受影響之帳戶持有者數量,FN-CB-230a.1,114,esun_114,no,0,N/A,True,Quantitative,Number|Percentage (%),data breach|personal data breach|account holders affected|cybersecurity|information systems|unauthorised access|encryption,Three values: (1) total number of data breaches; (2) percentage that are personal data breaches (involving personal data destruction/loss/alteration/disclosure); (3) number of unique account holders affected by personal breaches. Must also describe corrective actions taken.
chinese,esun,4,資料安全,對辨認及因應資料安全風險之作法之討論,FN-CB-230a.2,114,esun_114,no,N/A,N/A,True,Discussion and Analysis,n/a,data security risk|cybersecurity|vulnerability|ransomware|ISO/IEC 27000|NIST|mobile banking|cyber threats|attack vectors,"Qualitative description of approach to: identifying vulnerabilities, managing data security risks, observed cyber threat trends, breach disclosure policies, alignment with frameworks (ISO/IEC 2700, NIST, NYCRR 500, OCC), emerging threats (mobile banking, ransomware, loan stacking)."
chinese,esun,5,普惠金融與能力建構,符合旨在促進小型企業及社區發展計畫之貸款 (1) 數量,FN-CB-240a.1,76,esun_076,no,"19,267",戶數,True,Quantitative,Number|Presentation currency,community development loan|small business loan|financial inclusion|low-income|moderate-income|CDFI|microfinance|community development finance,Two values: (1) total NUMBER of qualifying loans outstanding; (2) total AMOUNT outstanding in presentation currency. Scope includes community development loans (low/moderate-income) and small business loans (including farms). EXCLUDES personal expenditures and residential property loans.
chinese,esun,6,普惠金融與能力建構,符合旨在促進小型企業及社區發展計畫之貸款 (2) 餘額,FN-CB-240a.1,76,esun_076,no,"104,164",佰萬元,True,Quantitative,Number|Presentation currency,community development loan|small business loan|financial inclusion|low-income|moderate-income|CDFI|microfinance|community development finance,Two values: (1) total NUMBER of qualifying loans outstanding; (2) total AMOUNT outstanding in presentation currency. Scope includes community development loans (low/moderate-income) and small business loans (including farms). EXCLUDES personal expenditures and residential property loans.
chinese,esun,11,將環境、社會及治理因素納入信用分析,將環境、社會及治理 (ESG) 因素納入信用分析之作法之描述,FN-CB-410a.2,60,esun_060,no,N/A,N/A,True,Discussion and Analysis,n/a,ESG|credit analysis|environmental factors|social factors|governance|creditworthiness|climate risk|Equator Principles|ESRM|carbon-related assets,"Qualitative description of how ESG factors are incorporated in credit analysis for commercial/industrial lending and project finance. Must cover: policies, responsible parties, ESG research approach, oversight, scenario analysis, credit loss estimation, significant ESG concentrations."
chinese,pegavision,1,Affordability & Pricing,說明各項產品價格資訊如何揭露給顧客或其代理人,HC-MS-250a.1,57,pegavision_057,yes,N/A,N/A,True,Discussion and Analysis,n/a,pricing policies|affordability|patient assistance|access to medicines|price transparency|reimbursement|low-income access|humanitarian pricing,"Qualitative description of: pricing policies and governance, patient assistance programs, differential/tiered pricing strategies for low-income markets, reimbursement support, and any commitments to expand access to medical devices."
chinese,pegavision,4,Product Safety,(1) 發布產品召回的次數,HC-MS-240a.2,57,pegavision_057,yes but not complete,0,N/A,False,Quantitative,Number,product recall|recalled units|FDA recall|device recall|medical device recall|safety recall|Class I recall|Class II recall,"Two values: (1) number of distinct products (SKUs/models) subject to recall during the period; (2) total units recalled. Includes voluntary and mandatory recalls. Classify by recall class (Class I, II, III) where applicable. Scope: all markets."
chinese,pegavision,5,Product Safety,(2) 總召回產品單位數,HC-MS-240a.2,57,pegavision_057,yes but not complete,0,N/A,False,Quantitative,Number,product recall|recalled units|FDA recall|device recall|medical device recall|safety recall|Class I recall|Class II recall,"Two values: (1) number of distinct products (SKUs/models) subject to recall during the period; (2) total units recalled. Includes voluntary and mandatory recalls. Classify by recall class (Class I, II, III) where applicable. Scope: all markets."
chinese,pegavision,6,Product Safety,列入任何公開醫療產品安全或不良事件警示資料庫的產品,HC-MS-240a.3,57,pegavision_057,yes,N/A,N/A,True,Quantitative,Number,product fatalities|product injuries|adverse events|MDR|medical device reporting|safety events|corrective action|CAPA,"Count of fatalities and injuries reported to regulatory bodies (e.g. FDA MDR, EU IVDR) associated with the entity's products. Must include description of corrective actions taken (CAPA, design changes, labeling updates, user training)."
chinese,pegavision,7,Product Safety,與產品相關的死亡事件數量,HC-MS-240a.3,57,pegavision_057,yes but not complete,0,N/A,False,Quantitative,Number,product fatalities|product injuries|adverse events|MDR|medical device reporting|safety events|corrective action|CAPA,"Count of fatalities and injuries reported to regulatory bodies (e.g. FDA MDR, EU IVDR) associated with the entity's products. Must include description of corrective actions taken (CAPA, design changes, labeling updates, user training)."
chinese,pegavision,9,Ethical Marketing,因虛假行銷主張所引發之法律訴訟造成的金額損失總額,HC-MS-270a.1,57,pegavision_057,yes but not complete,0,N/A,False,Quantitative,Presentation currency,false marketing|off-label promotion|monetary losses|legal proceedings|FDA enforcement|marketing violations|promotional claims,"Total monetary losses (fines, settlements, judgements) from legal proceedings related to false, misleading, or off-label marketing and promotion of medical products. EXCLUDES legal defence costs."
chinese,pegavision,18,Business Ethics,因行賄或貪污相關法律訴訟所造成之金額損失總額,HC-MS-510a.1,57,pegavision_057,yes,N/A,N/A,True,Quantitative,Presentation currency,bribery|corruption|anti-kickback|FCPA|monetary losses|legal proceedings|healthcare compliance|fraud,"Total monetary losses (fines, penalties, settlements) from legal proceedings related to bribery, corruption, anti-kickback violations (e.g. under US Anti-Kickback Statute or equivalent), and fraudulent billing. EXCLUDES legal defence fees."
chinese,pegavision,20,Activity Metrics,依產品類別劃分之銷售單位總數,HC-MS-000.A,30,pegavision_030,yes,"54,599",仟盒,True,Quantitative,Number,units sold|product category|sales volume|medical devices|product mix,N/A
chinese,pegavision,11,Product Design & Lifecycle Management,說明評估與管理產品中化學品對環境與人體健康影響之流程，並因應永續產品的市場需求,HC-MS-410a.1,50,pegavision_050,no,N/A,N/A,True,Discussion and Analysis,n/a,product design|lifecycle management|sustainable products|chemical substances|packaging materials|design for environment|RoHS|REACH|product stewardship,"Qualitative description of: process to identify and manage chemical/substance risks in products and packaging, lifecycle impact assessment, design-for-environment programs, compliance with chemical regulations (RoHS, REACH), and efforts to meet customer sustainability requirements."
chinese,pegavision,16,Supply Chain Management,說明於配銷鏈中維持產品可追溯性之措施,HC-MS-430a.2,50,pegavision_050,no,N/A,N/A,True,Discussion and Analysis,n/a,supply chain management|product integrity|delivery risk|supplier qualification|supply chain resilience|counterfeit prevention|traceability,"Qualitative description of: supplier qualification and onboarding, monitoring and audit programs, traceability systems, counterfeit product prevention, business continuity planning, and management of supply disruption risks."
chinese,pegavision,17,Supply Chain Management,說明與關鍵原料使用相關之風險管理措施,HC-MS-430a.3,50,pegavision_050,no,N/A,N/A,True,Discussion and Analysis,n/a,critical materials|supply chain risks|conflict minerals|rare materials|supply diversification|single-source risk|material substitution,"Qualitative discussion of: identification of critical or sole-source materials, supply concentration risks, conflict mineral due diligence, strategies for supply diversification, and material substitution plans."
chinese,npc,1,溫室氣體排放,範疇 1 排放之全球總排放量,TC-SC-110a.1,56,npc_056,yes,84.0,公噸CO2e,True,Quantitative,Metric tons (t) CO2-e|Percentage (%),Scope 1 emissions|greenhouse gas|GHG|perfluorocompounds|PFC|carbon emissions|emissions-limiting regulations|global warming potential,"Two values: (1) gross global Scope 1 GHG emissions in metric tons CO2-equivalent, and percentage covered under emissions-limiting regulations (e.g. cap-and-trade, carbon tax); (2) subset of those emissions from perfluorocompounds (PFCs) used in semiconductor manufacturing. Excludes biogenic CO2."
chinese,npc,20,勞工健康與安全,(a) 直接員工之 (1) 總可紀錄事故比率 (TRIR),TC-SC-320a.2,79,npc_079,yes but not complete,2.09,%,False,Quantitative,Rate|Number,TRIR|total recordable incident rate|fatality rate|lost time injury|occupational injury|workplace safety|contract workers,"Four values: TRIR and fatality rate, each reported separately for (a) direct employees and (b) contract employees. TRIR = (number of recordable incidents × 200,000) / total hours worked. Fatality rate = fatalities per 100,000 workers."
chinese,npc,21,勞工健康與安全,(a) 直接員工之 (2) 死亡率,TC-SC-320a.2,79,npc_079,yes but not complete,0.0,%,False,Quantitative,Rate|Number,TRIR|total recordable incident rate|fatality rate|lost time injury|occupational injury|workplace safety|contract workers,"Four values: TRIR and fatality rate, each reported separately for (a) direct employees and (b) contract employees. TRIR = (number of recordable incidents × 200,000) / total hours worked. Fatality rate = fatalities per 100,000 workers."
chinese,npc,1,溫室氣體排放,範疇 1 排放之全球總排放量,TC-SC-110a.1,58,npc_058,no,84.0,公噸CO2e,True,Quantitative,Metric tons (t) CO2-e|Percentage (%),Scope 1 emissions|greenhouse gas|GHG|perfluorocompounds|PFC|carbon emissions|emissions-limiting regulations|global warming potential,"Two values: (1) gross global Scope 1 GHG emissions in metric tons CO2-equivalent, and percentage covered under emissions-limiting regulations (e.g. cap-and-trade, carbon tax); (2) subset of those emissions from perfluorocompounds (PFCs) used in semiconductor manufacturing. Excludes biogenic CO2."
chinese,npc,10,水管理,(1) 所有來源之取水量（以千立方公尺為單位）,TC-SC-140a.1,56,npc_056,no,439.91,百萬公升,True,Quantitative,Thousand cubic metres (m³)|Percentage (%),water withdrawal|water consumption|water stress|water scarcity|WRI Aqueduct|water recycling|ultrapure water|wastewater,"Two paired values: (1) total water withdrawn (from all sources: municipal, groundwater, surface water) in thousand m³ + percentage from High/Extremely High Baseline Water Stress regions per WRI Aqueduct; (2) total water consumed (withdrawn minus discharged) + same percentage breakdown. Semiconductor fabs are water-intensive."
chinese,npc,11,水管理,(2) 營運中之耗水量（以千立方公尺為單位）,TC-SC-140a.1,56,npc_056,no,0.0,百萬公升,True,Quantitative,Thousand cubic metres (m³)|Percentage (%),water withdrawal|water consumption|water stress|water scarcity|WRI Aqueduct|water recycling|ultrapure water|wastewater,"Two paired values: (1) total water withdrawn (from all sources: municipal, groundwater, surface water) in thousand m³ + percentage from High/Extremely High Baseline Water Stress regions per WRI Aqueduct; (2) total water consumed (withdrawn minus discharged) + same percentage breakdown. Semiconductor fabs are water-intensive."
chinese,npc,26,勞工健康與安全,對用於整合安全文化之管理系統之討論,TC-SC-320a.1,82,npc_082,no,N/A,N/A,False,Discussion and Analysis,n/a,occupational health|employee safety|chemical exposure|hazardous substances|OSHA|industrial hygiene|health monitoring|ergonomics|radiation,"Qualitative description of: (1) types of health hazards present (chemicals, radiation, ergonomic); (2) monitoring and assessment methods; (3) controls implemented (engineering controls, PPE, substitution); (4) health surveillance programs; (5) metrics tracked (injury rates, illness rates, days lost)."
chinese,spt,17,Counterfeit Drugs,說明於供應鏈中維持產品可追溯性並防範仿冒所採用的方法與技術,HC-BP-430a.1,94,spt_094,yes but not complete,N/A,N/A,False,Quantitative,Percentage (%),supplier audit|supply chain|social audit|environmental audit|third-party audit|SMETA|supplier compliance|supply chain sustainability,"Percentage of suppliers (by tier) audited against a third-party social and environmental standard (RBA, SMETA, SA8000, etc.). Report by supplier tier (Tier 1 vs. Tier 2+)."
chinese,spt,18,Counterfeit Drugs,說明針對偽藥風險之通報流程，包括對客戶與業務夥伴之提醒方式,HC-BP-240b.3,94,spt_094,yes but not complete,N/A,N/A,False,Discussion and Analysis,n/a,quality management|GMP|product recall|quality control|manufacturing quality|CAPA|FDA warning letter|quality systems,"Qualitative description of: quality management system (GMP compliance, ISO certification), recall procedures, CAPA (corrective and preventive action) processes, manufacturing quality controls, and FDA/EMA inspection history."
chinese,spt,21,Ethical Marketing,說明管控產品非標示用途推廣行為的倫理準則,HC-BP-270a.2,94,spt_094,yes but not complete,N/A,N/A,False,Discussion and Analysis,n/a,off-label promotion|code of ethics|marketing code|pharmaceutical marketing|PhRMA code|EFPIA code|physician relationships|medical education,"Qualitative description of: code of ethics for product promotion, policies on off-label communications, compliance with PhRMA/EFPIA or equivalent codes, management of medical education activities, and physician payment transparency."
chinese,spt,17,Counterfeit Drugs,說明於供應鏈中維持產品可追溯性並防範仿冒所採用的方法與技術,HC-BP-430a.1,95,spt_095,no,N/A,N/A,False,Quantitative,Percentage (%),supplier audit|supply chain|social audit|environmental audit|third-party audit|SMETA|supplier compliance|supply chain sustainability,"Percentage of suppliers (by tier) audited against a third-party social and environmental standard (RBA, SMETA, SA8000, etc.). Report by supplier tier (Tier 1 vs. Tier 2+)."
chinese,spt,18,Counterfeit Drugs,說明針對偽藥風險之通報流程，包括對客戶與業務夥伴之提醒方式,HC-BP-240b.3,95,spt_095,no,N/A,N/A,False,Discussion and Analysis,n/a,quality management|GMP|product recall|quality control|manufacturing quality|CAPA|FDA warning letter|quality systems,"Qualitative description of: quality management system (GMP compliance, ISO certification), recall procedures, CAPA (corrective and preventive action) processes, manufacturing quality controls, and FDA/EMA inspection history."
chinese,spt,21,Ethical Marketing,說明管控產品非標示用途推廣行為的倫理準則,HC-BP-270a.2,95,spt_095,no,N/A,N/A,False,Discussion and Analysis,n/a,off-label promotion|code of ethics|marketing code|pharmaceutical marketing|PhRMA code|EFPIA code|physician relationships|medical education,"Qualitative description of: code of ethics for product promotion, policies on off-label communications, compliance with PhRMA/EFPIA or equivalent codes, management of medical education activities, and physician payment transparency."
chinese,spt,22,"Employee Recruitment, Development & Retention",說明針對科學家與研發人員的人才招募與留任措施,HC-BP-330a.2,66,spt_066,no,N/A,N/A,True,Discussion and Analysis,n/a,talent management|employee recruitment|employee retention|development programs|training|succession planning|talent pipeline|R&D talent,"Qualitative description of: strategies to attract and retain scientific/technical talent, employee development and training programs, succession planning, diversity in recruitment, compensation and benefits strategies, and turnover management."
chinese,standard,5,Access to Medicines,說明提升醫療產品可近性之行動與倡議，涵蓋 Access to Medicine Index 所定義的優先疾病與國家,HC-BP-210a.2,57,standard_057,yes,N/A,N/A,True,Discussion and Analysis,n/a,access to medicines|tiered pricing|licensing|voluntary licensing|generic medicines|patient assistance|differential pricing|Access to Medicine Index,"Qualitative description of strategies to improve medicine access including: tiered/differential pricing for low-income countries, voluntary licensing of generics, patient assistance programs, not-for-profit pricing, donations, and educational initiatives."
chinese,standard,22,"Employee Recruitment, Development & Retention",說明針對科學家與研發人員的人才招募與留任措施,HC-BP-330a.2,59,standard_059,yes,N/A,N/A,True,Discussion and Analysis,n/a,talent management|employee recruitment|employee retention|development programs|training|succession planning|talent pipeline|R&D talent,"Qualitative description of: strategies to attract and retain scientific/technical talent, employee development and training programs, succession planning, diversity in recruitment, compensation and benefits strategies, and turnover management."
chinese,standard,22,"Employee Recruitment, Development & Retention",說明針對科學家與研發人員的人才招募與留任措施,HC-BP-330a.2,60,standard_060,yes,N/A,N/A,True,Discussion and Analysis,n/a,talent management|employee recruitment|employee retention|development programs|training|succession planning|talent pipeline|R&D talent,"Qualitative description of: strategies to attract and retain scientific/technical talent, employee development and training programs, succession planning, diversity in recruitment, compensation and benefits strategies, and turnover management."
chinese,gtg,1,Energy Affordability,(1) 住宅用戶的零售天然氣平均費率,IF-GU-240a.1,52,gtg_052,yes,10.38,新台幣元/m^3,True,Quantitative,Presentation currency per gigajoule (GJ),retail gas rate|residential customers|commercial customers|industrial customers|gas price|energy affordability|tariff|utility rate,"Three values: average retail natural gas rate (in presentation currency per GJ or per unit used) disaggregated by customer class: (1) residential, (2) commercial, (3) industrial. Rates should reflect actual billed rates including distribution charges."
chinese,gtg,2,Energy Affordability,(2) 商業用戶的零售天然氣平均費率,IF-GU-240a.1,52,gtg_052,yes,10.38,新台幣元/m^3,True,Quantitative,Presentation currency per gigajoule (GJ),retail gas rate|residential customers|commercial customers|industrial customers|gas price|energy affordability|tariff|utility rate,"Three values: average retail natural gas rate (in presentation currency per GJ or per unit used) disaggregated by customer class: (1) residential, (2) commercial, (3) industrial. Rates should reflect actual billed rates including distribution charges."
chinese,gtg,3,Energy Affordability,(3) 工業用戶的零售天然氣平均費率,IF-GU-240a.1,52,gtg_052,yes,10.38,新台幣元/m^3,True,Quantitative,Presentation currency per gigajoule (GJ),retail gas rate|residential customers|commercial customers|industrial customers|gas price|energy affordability|tariff|utility rate,"Three values: average retail natural gas rate (in presentation currency per GJ or per unit used) disaggregated by customer class: (1) residential, (2) commercial, (3) industrial. Rates should reflect actual billed rates including distribution charges."
chinese,gtg,5,Energy Affordability,(1) 因未付款導致住宅用戶遭斷氣的戶數,IF-GU-240a.3,52,gtg_052,yes,109,次/年,True,Quantitative,Number|Presentation currency,low-income assistance|energy assistance|affordability programs|LIHEAP|residential customers|utility assistance|fuel assistance,"Two quantitative values plus qualitative discussion: (1) number of residential customers receiving low-income energy assistance; (2) total monetary amount paid by the entity toward low-income energy assistance programs; (3) qualitative discussion of programs, eligibility, and delivery methods."
chinese,gtg,6,Energy Affordability,(2) 於 30 天內恢復供氣之比例,IF-GU-240a.3,52,gtg_052,yes,26.61,%,True,Quantitative,Number|Presentation currency,low-income assistance|energy assistance|affordability programs|LIHEAP|residential customers|utility assistance|fuel assistance,"Two quantitative values plus qualitative discussion: (1) number of residential customers receiving low-income energy assistance; (2) total monetary amount paid by the entity toward low-income energy assistance programs; (3) qualitative discussion of programs, eligibility, and delivery methods."
chinese,gtg,7,Energy Affordability,探討外部因素對客戶支付天然氣能力之影響，包括服務地區的經濟狀況,IF-GU-240a.4,52,gtg_052,yes,N/A,N/A,True,Discussion and Analysis,n/a,rate structures|gas connection|new customers|access barriers|affordability|service territory|connection fees|hook-up costs,Qualitative discussion of: (1) how current rate structures affect ability of customers to access new natural gas service; (2) safety considerations that may limit new connections; (3) geographic or economic barriers; (4) programs to improve access.
chinese,gtg,8,End-Use Efficiency,因效率措施產生的用戶天然氣節省量，依市場別區分,IF-GU-420a.2,52,gtg_052,yes,N/A,N/A,True,Quantitative,Percentage (%),energy efficiency|rate structures|efficiency incentives|decoupling|demand-side management|gas sales volume|efficiency programs,"Percentage of total gas sales volume (by customer type: residential, commercial, industrial) sold under rate structures that include energy efficiency incentives or disincentives to increasing gas throughput (e.g. decoupled rates, efficiency tariffs)."
chinese,gtg,9,Integrity of Gas Delivery Infrastructure,(1) 可申報之管線事故數量,IF-GU-540a.1,52,gtg_052,yes,0,N/A,True,Quantitative,Number|Percentage (%),pipeline incidents|reportable incidents|material failure|weld failure|pipeline safety|gas leak|PHMSA|pipeline integrity,"Two values: (1) total number of reportable pipeline incidents during the period (per applicable regulations, e.g. PHMSA in US); (2) percentage of those incidents attributable to material or weld failure (vs. corrosion, excavation damage, operator error, etc.)."
chinese,gtg,10,Integrity of Gas Delivery Infrastructure,(2) 接獲之改善措施次數,IF-GU-540a.1,52,gtg_052,yes,0,N/A,True,Quantitative,Number|Percentage (%),pipeline incidents|reportable incidents|material failure|weld failure|pipeline safety|gas leak|PHMSA|pipeline integrity,"Two values: (1) total number of reportable pipeline incidents during the period (per applicable regulations, e.g. PHMSA in US); (2) percentage of those incidents attributable to material or weld failure (vs. corrosion, excavation damage, operator error, etc.)."
chinese,gtg,11,Integrity of Gas Delivery Infrastructure,(3) 違反管線安全法規之次數,IF-GU-540a.1,52,gtg_052,yes,0,N/A,True,Quantitative,Number|Percentage (%),pipeline incidents|reportable incidents|material failure|weld failure|pipeline safety|gas leak|PHMSA|pipeline integrity,"Two values: (1) total number of reportable pipeline incidents during the period (per applicable regulations, e.g. PHMSA in US); (2) percentage of those incidents attributable to material or weld failure (vs. corrosion, excavation damage, operator error, etc.)."
chinese,gtg,12,Integrity of Gas Delivery Infrastructure,(1) 使用鑄鐵或鍛鐵之配氣管線比例,IF-GU-540a.2,52,gtg_052,yes,46.44,%,True,Quantitative,Number|Percentage (%),pipeline inspection|pipeline class|leak detection|leak limits|integrity management|pipeline assessment|cathodic protection,"Two values: (1) number of pipelines inspected disaggregated by pipeline class (Class 1, 2, 3, 4 or equivalent); (2) percentage of inspected pipelines found to exceed leak limits (requiring repair or replacement)."
chinese,gtg,13,Integrity of Gas Delivery Infrastructure,(2) 使用未防護鋼材之配氣管線比例,IF-GU-540a.2,52,gtg_052,yes,2.18,%,True,Quantitative,Number|Percentage (%),pipeline inspection|pipeline class|leak detection|leak limits|integrity management|pipeline assessment|cathodic protection,"Two values: (1) number of pipelines inspected disaggregated by pipeline class (Class 1, 2, 3, 4 or equivalent); (2) percentage of inspected pipelines found to exceed leak limits (requiring repair or replacement)."
chinese,gtg,14,Integrity of Gas Delivery Infrastructure,(1) 接受檢查之天然氣輸送管線比例,IF-GU-540a.2,52,gtg_052,yes,100,%,True,Quantitative,Number|Percentage (%),pipeline inspection|pipeline class|leak detection|leak limits|integrity management|pipeline assessment|cathodic protection,"Two values: (1) number of pipelines inspected disaggregated by pipeline class (Class 1, 2, 3, 4 or equivalent); (2) percentage of inspected pipelines found to exceed leak limits (requiring repair or replacement)."
chinese,gtg,16,Integrity of Gas Delivery Infrastructure,說明維護天然氣傳輸設施完整性之管理作法，包括與安全及排放相關之風險因應措施,IF-GU-540a.4,28,gtg_028,yes,N/A,N/A,True,Discussion and Analysis,n/a,pipeline integrity management|emergency response|leak detection|corrosion control|integrity management program|pipeline safety|incident response|risk assessment,Qualitative description of: (1) integrity management program (IMP) components; (2) risk assessment methods; (3) inspection technologies and frequency; (4) corrosion control programs; (5) emergency response procedures for pipeline incidents; (6) communication with regulators and public.
chinese,gtg,16,Integrity of Gas Delivery Infrastructure,說明維護天然氣傳輸設施完整性之管理作法，包括與安全及排放相關之風險因應措施,IF-GU-540a.4,31,gtg_031,yes,N/A,N/A,True,Discussion and Analysis,n/a,pipeline integrity management|emergency response|leak detection|corrosion control|integrity management program|pipeline safety|incident response|risk assessment,Qualitative description of: (1) integrity management program (IMP) components; (2) risk assessment methods; (3) inspection technologies and frequency; (4) corrosion control programs; (5) emergency response procedures for pipeline incidents; (6) communication with regulators and public.
chinese,gtg,17,Activity Metrics,(1) 服務之住宅用戶數量,IF-GU-000.A,52,gtg_052,yes,"391,957",戶,True,Quantitative,Number,customer accounts|residential customers|commercial customers|industrial customers|service connections,N/A
chinese,gtg,18,Activity Metrics,(2) 服務之商業用戶數量,IF-GU-000.A,52,gtg_052,yes,"10,078",戶,True,Quantitative,Number,customer accounts|residential customers|commercial customers|industrial customers|service connections,N/A
chinese,gtg,19,Activity Metrics,(3) 服務之工業用戶數量,IF-GU-000.A,52,gtg_052,yes,1,戶,True,Quantitative,Number,customer accounts|residential customers|commercial customers|industrial customers|service connections,N/A
chinese,gtg,20,Activity Metrics,(1) 運送至住宅用戶之天然氣總量,IF-GU-000.B,52,gtg_052,yes,50.2,%,True,Quantitative,Gigajoules (GJ),gas delivered|gas throughput|gas sales volume|transportation|third-party transport|residential delivery|commercial delivery,N/A
chinese,gtg,21,Activity Metrics,(2) 運送至商業用戶之天然氣總量,IF-GU-000.B,52,gtg_052,yes,49.3,%,True,Quantitative,Gigajoules (GJ),gas delivered|gas throughput|gas sales volume|transportation|third-party transport|residential delivery|commercial delivery,N/A
chinese,gtg,22,Activity Metrics,(3) 運送至工業用戶之天然氣總量,IF-GU-000.B,52,gtg_052,yes,0.5,%,True,Quantitative,Gigajoules (GJ),gas delivered|gas throughput|gas sales volume|transportation|third-party transport|residential delivery|commercial delivery,N/A
chinese,gtg,23,Activity Metrics,(4) 轉交給第三方之天然氣總量,IF-GU-000.B,52,gtg_052,yes,0,%,True,Quantitative,Gigajoules (GJ),gas delivered|gas throughput|gas sales volume|transportation|third-party transport|residential delivery|commercial delivery,N/A
chinese,gtg,24,Activity Metrics,(1) 天然氣輸送管線長度,IF-GU-000.C,52,gtg_052,yes,"1,024,271",m,True,Quantitative,Kilometres (km),pipeline length|distribution network|pipeline infrastructure|gas network,N/A
chinese,gtg,16,Integrity of Gas Delivery Infrastructure,說明維護天然氣傳輸設施完整性之管理作法，包括與安全及排放相關之風險因應措施,IF-GU-540a.4,33,gtg_033,no,N/A,N/A,True,Discussion and Analysis,n/a,pipeline integrity management|emergency response|leak detection|corrosion control|integrity management program|pipeline safety|incident response|risk assessment,Qualitative description of: (1) integrity management program (IMP) components; (2) risk assessment methods; (3) inspection technologies and frequency; (4) corrosion control programs; (5) emergency response procedures for pipeline incidents; (6) communication with regulators and public.
chinese,fpcc,3,溫室氣體排放,對管理範疇 1 排放之長期及短期策略或計畫、排放減量目標，以及針對該等目標之績效分析之討論,EM-RM-110a.2,55,fpcc_055,yes,N/A,N/A,True,Discussion and Analysis,n/a,emissions reduction strategy|GHG targets|climate strategy|carbon reduction|refinery efficiency|emissions performance|net zero|energy efficiency,Qualitative discussion covering: (1) long-term and short-term strategy/plan to manage Scope 1 emissions from refining operations; (2) specific emissions reduction targets (absolute or intensity-based); (3) performance analysis against those targets including progress to date.
chinese,fpcc,3,溫室氣體排放,對管理範疇 1 排放之長期及短期策略或計畫、排放減量目標，以及針對該等目標之績效分析之討論,EM-RM-110a.2,54,fpcc_054,yes but not complete,N/A,N/A,False,Discussion and Analysis,n/a,emissions reduction strategy|GHG targets|climate strategy|carbon reduction|refinery efficiency|emissions performance|net zero|energy efficiency,Qualitative discussion covering: (1) long-term and short-term strategy/plan to manage Scope 1 emissions from refining operations; (2) specific emissions reduction targets (absolute or intensity-based); (3) performance analysis against those targets including progress to date.
chinese,fpcc,4,空氣品質,下列空氣汙染物之排放：(1) 氮氧化物 (NOx) 不包括氧化亞氮 (N2O),EM-RM-120a.1,61,fpcc_061,yes,"7,682,737",N/A,True,Quantitative,Metric tonnes (t),NOx|SOx|VOCs|volatile organic compounds|particulate matter|PM10|hydrogen sulphide|H2S|air pollution|criteria pollutants|refinery emissions,Five values in metric tonnes: (1) NOx (EXCLUDES N2O); (2) SOx; (3) total VOCs; (4) PM10; (5) hydrogen sulphide (H2S). H2S is unique to refining vs E&P. Covers all owned/operated refining and marketing facilities.
chinese,fpcc,5,空氣品質,下列空氣汙染物之排放：(2) 硫氧化物 (SOx),EM-RM-120a.1,61,fpcc_061,yes,"2,970,137",N/A,True,Quantitative,Metric tonnes (t),NOx|SOx|VOCs|volatile organic compounds|particulate matter|PM10|hydrogen sulphide|H2S|air pollution|criteria pollutants|refinery emissions,Five values in metric tonnes: (1) NOx (EXCLUDES N2O); (2) SOx; (3) total VOCs; (4) PM10; (5) hydrogen sulphide (H2S). H2S is unique to refining vs E&P. Covers all owned/operated refining and marketing facilities.
chinese,fpcc,20,勞工健康與安全,(a) 直接員工之 (1) 總可紀錄事故比率 (TRIR),EM-RM-320a.1,73,fpcc_073,yes,0.03,N/A,True,Quantitative,Rate,TRIR|total recordable incident rate|fatality rate|recordable incidents|workplace injuries|contractor safety|occupational safety|OSHA|refinery safety,"Four rate values: TRIR and fatality rate each for (a) direct full-time employees and (b) contract employees. TRIR = (number of recordable incidents × 200,000) / total hours worked. Fatality rate = (number of fatalities × 200,000) / total hours worked."
chinese,fpcc,21,勞工健康與安全,(a) 直接員工之 (2) 死亡率,EM-RM-320a.1,73,fpcc_073,yes,0,N/A,True,Quantitative,Rate,TRIR|total recordable incident rate|fatality rate|recordable incidents|workplace injuries|contractor safety|occupational safety|OSHA|refinery safety,"Four rate values: TRIR and fatality rate each for (a) direct full-time employees and (b) contract employees. TRIR = (number of recordable incidents × 200,000) / total hours worked. Fatality rate = (number of fatalities × 200,000) / total hours worked."
chinese,fpcc,26,勞工健康與安全,對用於整合安全文化之管理系統之討論,EM-RM-320a.2,76,fpcc_076,yes,N/A,N/A,True,Discussion and Analysis,n/a,safety management system|safety culture|process safety|HSE management|safety leadership|refinery safety|behaviour-based safety|turnaround safety,"Qualitative description of safety management systems including: safety leadership and culture programmes, risk assessment processes, incident investigation, safety training, contractor management, and integration of safety throughout refinery operations and planned turnarounds."
chinese,fpcc,26,勞工健康與安全,對用於整合安全文化之管理系統之討論,EM-RM-320a.2,80,fpcc_080,yes,N/A,N/A,True,Discussion and Analysis,n/a,safety management system|safety culture|process safety|HSE management|safety leadership|refinery safety|behaviour-based safety|turnaround safety,"Qualitative description of safety management systems including: safety leadership and culture programmes, risk assessment processes, incident investigation, safety training, contractor management, and integration of safety throughout refinery operations and planned turnarounds."
chinese,fpcc,26,勞工健康與安全,對用於整合安全文化之管理系統之討論,EM-RM-320a.2,77,fpcc_077,yes but not complete,N/A,N/A,False,Discussion and Analysis,n/a,safety management system|safety culture|process safety|HSE management|safety leadership|refinery safety|behaviour-based safety|turnaround safety,"Qualitative description of safety management systems including: safety leadership and culture programmes, risk assessment processes, incident investigation, safety training, contractor management, and integration of safety throughout refinery operations and planned turnarounds."
chinese,fpcc,26,勞工健康與安全,對用於整合安全文化之管理系統之討論,EM-RM-320a.2,78,fpcc_078,yes but not complete,N/A,N/A,False,Discussion and Analysis,n/a,safety management system|safety culture|process safety|HSE management|safety leadership|refinery safety|behaviour-based safety|turnaround safety,"Qualitative description of safety management systems including: safety leadership and culture programmes, risk assessment processes, incident investigation, safety training, contractor management, and integration of safety throughout refinery operations and planned turnarounds."
chinese,fpcc,4,空氣品質,下列空氣汙染物之排放：(1) 氮氧化物 (NOx) 不包括氧化亞氮 (N2O),EM-RM-120a.1,62,fpcc_062,no,"7,682,737",N/A,True,Quantitative,Metric tonnes (t),NOx|SOx|VOCs|volatile organic compounds|particulate matter|PM10|hydrogen sulphide|H2S|air pollution|criteria pollutants|refinery emissions,Five values in metric tonnes: (1) NOx (EXCLUDES N2O); (2) SOx; (3) total VOCs; (4) PM10; (5) hydrogen sulphide (H2S). H2S is unique to refining vs E&P. Covers all owned/operated refining and marketing facilities.
chinese,fpcc,5,空氣品質,下列空氣汙染物之排放：(2) 硫氧化物 (SOx),EM-RM-120a.1,62,fpcc_062,no,"2,970,137",N/A,True,Quantitative,Metric tonnes (t),NOx|SOx|VOCs|volatile organic compounds|particulate matter|PM10|hydrogen sulphide|H2S|air pollution|criteria pollutants|refinery emissions,Five values in metric tonnes: (1) NOx (EXCLUDES N2O); (2) SOx; (3) total VOCs; (4) PM10; (5) hydrogen sulphide (H2S). H2S is unique to refining vs E&P. Covers all owned/operated refining and marketing facilities.
chinese,fpcc,15,有害材料管理,(1) 產生之有害廢棄物重量,EM-RM-150a.1,68,fpcc_068,no,613,噸,True,Quantitative,Metric tonnes (t)|Percentage (%),hazardous waste|waste generation|waste recycling|spent catalyst|hazardous materials|waste disposal|RCRA|hazardous waste management,"Two values: (1) total amount of hazardous waste generated in metric tonnes (includes spent catalysts, contaminated soils, hazardous solvents, and other regulated waste streams); (2) percentage of that hazardous waste that is recycled or recovered. Scope: all owned/operated facilities."
chinese,fpcc,20,勞工健康與安全,(a) 直接員工之 (1) 總可紀錄事故比率 (TRIR),EM-RM-320a.1,74,fpcc_074,no,0.03,N/A,True,Quantitative,Rate,TRIR|total recordable incident rate|fatality rate|recordable incidents|workplace injuries|contractor safety|occupational safety|OSHA|refinery safety,"Four rate values: TRIR and fatality rate each for (a) direct full-time employees and (b) contract employees. TRIR = (number of recordable incidents × 200,000) / total hours worked. Fatality rate = (number of fatalities × 200,000) / total hours worked."
chinese,fpcc,21,勞工健康與安全,(a) 直接員工之 (2) 死亡率,EM-RM-320a.1,74,fpcc_074,no,0,N/A,True,Quantitative,Rate,TRIR|total recordable incident rate|fatality rate|recordable incidents|workplace injuries|contractor safety|occupational safety|OSHA|refinery safety,"Four rate values: TRIR and fatality rate each for (a) direct full-time employees and (b) contract employees. TRIR = (number of recordable incidents × 200,000) / total hours worked. Fatality rate = (number of fatalities × 200,000) / total hours worked."
chinese,fpcc,32,法律及監管環境管理,討論與政府法規或政策提議有關之企業立場，該等法規或提議係因應影響行業之環境及社會因素,EM-RM-530a.1,41,fpcc_041,no,N/A,N/A,True,Discussion and Analysis,n/a,lobbying|regulatory engagement|policy positions|government relations|environmental regulations|clean fuel standards|political contributions|advocacy|refinery regulations,"Qualitative discussion of corporate positions on government regulations and policy proposals addressing environmental and social factors relevant to refining and marketing. Includes: lobbying activities, trade association memberships, political contributions, and alignment between stated sustainability positions and actual advocacy."
chinese,fpcc,32,法律及監管環境管理,討論與政府法規或政策提議有關之企業立場，該等法規或提議係因應影響行業之環境及社會因素,EM-RM-530a.1,43,fpcc_043,no,N/A,N/A,False,Discussion and Analysis,n/a,lobbying|regulatory engagement|policy positions|government relations|environmental regulations|clean fuel standards|political contributions|advocacy|refinery regulations,"Qualitative discussion of corporate positions on government regulations and policy proposals addressing environmental and social factors relevant to refining and marketing. Includes: lobbying activities, trade association memberships, political contributions, and alignment between stated sustainability positions and actual advocacy."
chinese,largan,1,產品安全,對辨認及因應產品資料安全風險之作法之描述,TC-SC-410a.1,39,largan_039,yes,N/A,N/A,True,Discussion and Analysis,n/a,product lifecycle|design for environment|RoHS|REACH|restricted substances|sustainable products|energy efficiency|product stewardship,"Qualitative description of: strategies to reduce environmental impact over the product lifecycle, compliance with hazardous substance regulations (RoHS, REACH), design-for-environment programs, customer requirements for greener products, and product energy efficiency improvements."
chinese,largan,21,材料取得,與關鍵材料之使用有關之風險管理之描述,TC-SC-440a.1,58,largan_058,yes but not complete,N/A,N/A,False,Discussion and Analysis,n/a,critical materials|rare earth|supply chain risk|conflict minerals|3TG|material sourcing|supply chain resilience|responsible sourcing|cobalt|tantalum,"Qualitative description of: (1) identification of critical and conflict materials used; (2) supply chain mapping and due diligence; (3) supplier audits and certifications (RBA, OECD); (4) mitigation strategies for supply disruptions; (5) alternatives assessment for critical materials."
chinese,largan,21,材料取得,與關鍵材料之使用有關之風險管理之描述,TC-SC-440a.1,58,largan_058,yes,N/A,N/A,True,Discussion and Analysis,n/a,critical materials|rare earth|supply chain risk|conflict minerals|3TG|material sourcing|supply chain resilience|responsible sourcing|cobalt|tantalum,"Qualitative description of: (1) identification of critical and conflict materials used; (2) supply chain mapping and due diligence; (3) supplier audits and certifications (RBA, OECD); (4) mitigation strategies for supply disruptions; (5) alternatives assessment for critical materials."
chinese,largan,2,員工多元及包容性,針對 (a) 高階管理階層之 (1) 性別之代表性之百分比,TC-SC-330a.1,76,largan_076,no,3.16,%,True,Quantitative,Percentage (%),foreign nationals|offshore employees|global workforce|international employees|diversity|talent management|H-1B visa,Two percentages: (1) employees who are foreign nationals (non-citizens of country of employment); (2) employees located outside the company's home country. Relevant for understanding talent dependency and visa/immigration risk.
chinese,largan,3,員工多元及包容性,針對 (b) 非高階管理階層之 (1) 性別之代表性之百分比,TC-SC-330a.1,76,largan_076,no,41.74,%,True,Quantitative,Percentage (%),foreign nationals|offshore employees|global workforce|international employees|diversity|talent management|H-1B visa,Two percentages: (1) employees who are foreign nationals (non-citizens of country of employment); (2) employees located outside the company's home country. Relevant for understanding talent dependency and visa/immigration risk.
chinese,largan,4,員工多元及包容性,針對 (c) 技術員工之 (1) 性別之代表性之百分比,TC-SC-330a.1,76,largan_076,no,2.5,%,True,Quantitative,Percentage (%),foreign nationals|offshore employees|global workforce|international employees|diversity|talent management|H-1B visa,Two percentages: (1) employees who are foreign nationals (non-citizens of country of employment); (2) employees located outside the company's home country. Relevant for understanding talent dependency and visa/immigration risk.
chinese,largan,21,材料取得,與關鍵材料之使用有關之風險管理之描述,TC-SC-440a.1,62,largan_062,no,N/A,N/A,False,Discussion and Analysis,n/a,critical materials|rare earth|supply chain risk|conflict minerals|3TG|material sourcing|supply chain resilience|responsible sourcing|cobalt|tantalum,"Qualitative description of: (1) identification of critical and conflict materials used; (2) supply chain mapping and due diligence; (3) supplier audits and certifications (RBA, OECD); (4) mitigation strategies for supply disruptions; (5) alternatives assessment for critical materials."
chinese,inx,2,員工多元及包容性,針對 (a) 高階管理階層之 (1) 性別之代表性之百分比,TC-SC-330a.1,82,inx_082,yes,7.69,%,True,Quantitative,Percentage (%),foreign nationals|offshore employees|global workforce|international employees|diversity|talent management|H-1B visa,Two percentages: (1) employees who are foreign nationals (non-citizens of country of employment); (2) employees located outside the company's home country. Relevant for understanding talent dependency and visa/immigration risk.
chinese,inx,3,員工多元及包容性,針對 (b) 非高階管理階層之 (1) 性別之代表性之百分比,TC-SC-330a.1,82,inx_082,yes,19.61,%,True,Quantitative,Percentage (%),foreign nationals|offshore employees|global workforce|international employees|diversity|talent management|H-1B visa,Two percentages: (1) employees who are foreign nationals (non-citizens of country of employment); (2) employees located outside the company's home country. Relevant for understanding talent dependency and visa/immigration risk.
chinese,inx,4,員工多元及包容性,針對 (c) 技術員工之 (1) 性別之代表性之百分比,TC-SC-330a.1,82,inx_082,yes,21.52,%,True,Quantitative,Percentage (%),foreign nationals|offshore employees|global workforce|international employees|diversity|talent management|H-1B visa,Two percentages: (1) employees who are foreign nationals (non-citizens of country of employment); (2) employees located outside the company's home country. Relevant for understanding talent dependency and visa/immigration risk.
chinese,inx,21,材料取得,與關鍵材料之使用有關之風險管理之描述,TC-SC-440a.1,67,inx_067,yes,N/A,N/A,True,Discussion and Analysis,n/a,critical materials|rare earth|supply chain risk|conflict minerals|3TG|material sourcing|supply chain resilience|responsible sourcing|cobalt|tantalum,"Qualitative description of: (1) identification of critical and conflict materials used; (2) supply chain mapping and due diligence; (3) supplier audits and certifications (RBA, OECD); (4) mitigation strategies for supply disruptions; (5) alternatives assessment for critical materials."
chinese,inx,21,材料取得,與關鍵材料之使用有關之風險管理之描述,TC-SC-440a.1,68,inx_068,yes,N/A,N/A,True,Discussion and Analysis,n/a,critical materials|rare earth|supply chain risk|conflict minerals|3TG|material sourcing|supply chain resilience|responsible sourcing|cobalt|tantalum,"Qualitative description of: (1) identification of critical and conflict materials used; (2) supply chain mapping and due diligence; (3) supplier audits and certifications (RBA, OECD); (4) mitigation strategies for supply disruptions; (5) alternatives assessment for critical materials."
chinese,inx,2,員工多元及包容性,針對 (a) 高階管理階層之 (1) 性別之代表性之百分比,TC-SC-330a.1,83,inx_083,no,7.69,%,True,Quantitative,Percentage (%),foreign nationals|offshore employees|global workforce|international employees|diversity|talent management|H-1B visa,Two percentages: (1) employees who are foreign nationals (non-citizens of country of employment); (2) employees located outside the company's home country. Relevant for understanding talent dependency and visa/immigration risk.
chinese,inx,3,員工多元及包容性,針對 (b) 非高階管理階層之 (1) 性別之代表性之百分比,TC-SC-330a.1,83,inx_083,no,19.61,%,True,Quantitative,Percentage (%),foreign nationals|offshore employees|global workforce|international employees|diversity|talent management|H-1B visa,Two percentages: (1) employees who are foreign nationals (non-citizens of country of employment); (2) employees located outside the company's home country. Relevant for understanding talent dependency and visa/immigration risk.
chinese,inx,4,員工多元及包容性,針對 (c) 技術員工之 (1) 性別之代表性之百分比,TC-SC-330a.1,83,inx_083,no,21.52,%,True,Quantitative,Percentage (%),foreign nationals|offshore employees|global workforce|international employees|diversity|talent management|H-1B visa,Two percentages: (1) employees who are foreign nationals (non-citizens of country of employment); (2) employees located outside the company's home country. Relevant for understanding talent dependency and visa/immigration risk.
chinese,inx,5,員工多元及包容性,針對 (d) 所有其他員工之 (1) 性別之代表性之百分比,TC-SC-330a.1,85,inx_085,no,N/A,N/A,False,Quantitative,Percentage (%),foreign nationals|offshore employees|global workforce|international employees|diversity|talent management|H-1B visa,Two percentages: (1) employees who are foreign nationals (non-citizens of country of employment); (2) employees located outside the company's home country. Relevant for understanding talent dependency and visa/immigration risk.
chinese,inx,9,員工多元及包容性,針對 (d) 所有其他員工之 (2) 多元群體之代表性之百分比,TC-SC-330a.1,85,inx_085,no,1.18,%,False,Quantitative,Percentage (%),foreign nationals|offshore employees|global workforce|international employees|diversity|talent management|H-1B visa,Two percentages: (1) employees who are foreign nationals (non-citizens of country of employment); (2) employees located outside the company's home country. Relevant for understanding talent dependency and visa/immigration risk.
chinese,mfhc,10,普惠金融與能力建構,為無銀行服務、低度使用銀行服務或服務不足之客戶提供之金融素養倡議之參與者數量,FN-CB-240a.4,36,mfhc_036,yes,371,實施參與人次,True,Quantitative,Number,financial literacy|unbanked|underbanked|underserved|financial education|workshops|seminars|counselling,"Total number of unique individuals documented as participating in at least one financial literacy initiative during reporting period. Includes both direct and third-party initiatives contracted by the entity. Covers retail AND commercial customers (SMEs, minority-owned businesses)."
chinese,mfhc,11,將環境、社會及治理因素納入信用分析,將環境、社會及治理 (ESG) 因素納入信用分析之作法之描述,FN-CB-410a.2,29,mfhc_029,yes,N/A,N/A,True,Discussion and Analysis,n/a,ESG|credit analysis|environmental factors|social factors|governance|creditworthiness|climate risk|Equator Principles|ESRM|carbon-related assets,"Qualitative description of how ESG factors are incorporated in credit analysis for commercial/industrial lending and project finance. Must cover: policies, responsible parties, ESG research approach, oversight, scenario analysis, credit loss estimation, significant ESG concentrations."
chinese,mfhc,5,普惠金融與能力建構,符合旨在促進小型企業及社區發展計畫之貸款 (1) 數量,FN-CB-240a.1,35,mfhc_035,no,"16,121",戶,True,Quantitative,Number|Presentation currency,community development loan|small business loan|financial inclusion|low-income|moderate-income|CDFI|microfinance|community development finance,Two values: (1) total NUMBER of qualifying loans outstanding; (2) total AMOUNT outstanding in presentation currency. Scope includes community development loans (low/moderate-income) and small business loans (including farms). EXCLUDES personal expenditures and residential property loans.
chinese,mfhc,6,普惠金融與能力建構,符合旨在促進小型企業及社區發展計畫之貸款 (2) 餘額,FN-CB-240a.1,35,mfhc_035,no,"2,446",億元,True,Quantitative,Number|Presentation currency,community development loan|small business loan|financial inclusion|low-income|moderate-income|CDFI|microfinance|community development finance,Two values: (1) total NUMBER of qualifying loans outstanding; (2) total AMOUNT outstanding in presentation currency. Scope includes community development loans (low/moderate-income) and small business loans (including farms). EXCLUDES personal expenditures and residential property loans.
chinese,mfhc,7,普惠金融與能力建構,符合旨在促進小型企業及社區發展計畫之逾期及催收款項或受暫緩還款約束貸款之 (1) 數量,FN-CB-240a.2,35,mfhc_035,no,133,件,True,Quantitative,Number|Presentation currency,past due loan|nonaccrual loan|forbearance|community development|small business|low-income|moderate-income,Two values: (1) total NUMBER of past due/nonaccrual loans OR loans subject to forbearance that qualify for small business/community development programmes; (2) total AMOUNT outstanding. Includes originated and purchased loans.
chinese,mfhc,8,普惠金融與能力建構,符合旨在促進小型企業及社區發展計畫之逾期及催收款項或受暫緩還款約束貸款之 (2) 餘額,FN-CB-240a.2,35,mfhc_035,no,5.46,億元,True,Quantitative,Number|Presentation currency,past due loan|nonaccrual loan|forbearance|community development|small business|low-income|moderate-income,Two values: (1) total NUMBER of past due/nonaccrual loans OR loans subject to forbearance that qualify for small business/community development programmes; (2) total AMOUNT outstanding. Includes originated and purchased loans.
chinese,mfhc,10,普惠金融與能力建構,為無銀行服務、低度使用銀行服務或服務不足之客戶提供之金融素養倡議之參與者數量,FN-CB-240a.4,37,mfhc_037,no,371,實施參與人次,True,Quantitative,Number,financial literacy|unbanked|underbanked|underserved|financial education|workshops|seminars|counselling,"Total number of unique individuals documented as participating in at least one financial literacy initiative during reporting period. Includes both direct and third-party initiatives contracted by the entity. Covers retail AND commercial customers (SMEs, minority-owned businesses)."
chinese,mfhc,11,將環境、社會及治理因素納入信用分析,將環境、社會及治理 (ESG) 因素納入信用分析之作法之描述,FN-CB-410a.2,31,mfhc_031,no,N/A,N/A,True,Discussion and Analysis,n/a,ESG|credit analysis|environmental factors|social factors|governance|creditworthiness|climate risk|Equator Principles|ESRM|carbon-related assets,"Qualitative description of how ESG factors are incorporated in credit analysis for commercial/industrial lending and project finance. Must cover: policies, responsible parties, ESG research approach, oversight, scenario analysis, credit loss estimation, significant ESG concentrations."
chinese,mfhc,22,一般資訊,支票存款及儲蓄存款帳戶之 (1) 數量，按部門別 (a) 個人,FN-CB-000.A,35,mfhc_035,no,"3,886,424",戶數,True,Quantitative,Number|Presentation currency,checking accounts|savings accounts|personal|small business|deposits,N/A
chinese,mfhc,23,一般資訊,支票存款及儲蓄存款帳戶之 (1) 數量，按部門別 (b) 小型企業,FN-CB-000.A,35,mfhc_035,no,"133,583",戶數,True,Quantitative,Number|Presentation currency,checking accounts|savings accounts|personal|small business|deposits,N/A
chinese,mfhc,24,一般資訊,支票存款及儲蓄存款帳戶之 (2) 金額，按部門別 (a) 個人,FN-CB-000.A,35,mfhc_035,no,"11,061",億元,True,Quantitative,Number|Presentation currency,checking accounts|savings accounts|personal|small business|deposits,N/A
chinese,mfhc,25,一般資訊,支票存款及儲蓄存款帳戶之 (2) 金額，按部門別 (b) 小型企業,FN-CB-000.A,35,mfhc_035,no,"8,931",億元,True,Quantitative,Number|Presentation currency,checking accounts|savings accounts|personal|small business|deposits,N/A
chinese,mfhc,26,一般資訊,放款之 (1) 數量，按部門別 (a) 個人,FN-CB-000.B,35,mfhc_035,no,"126,138",戶數,True,Quantitative,Number|Presentation currency,loans|personal loans|small business loans|corporate loans,N/A
chinese,mfhc,27,一般資訊,放款之 (1) 數量，按部門別 (b) 小型企業,FN-CB-000.B,35,mfhc_035,no,"16,121",戶,True,Quantitative,Number|Presentation currency,loans|personal loans|small business loans|corporate loans,N/A
chinese,mfhc,28,一般資訊,放款之 (1) 數量，按部門別 (c) 公司,FN-CB-000.B,35,mfhc_035,no,709,戶數,True,Quantitative,Number|Presentation currency,loans|personal loans|small business loans|corporate loans,N/A
chinese,mfhc,29,一般資訊,放款之 (2) 金額，按部門別 (a) 個人,FN-CB-000.B,35,mfhc_035,no,"5,306",億元,True,Quantitative,Number|Presentation currency,loans|personal loans|small business loans|corporate loans,N/A
chinese,mfhc,30,一般資訊,放款之 (2) 金額，按部門別 (b) 小型企業,FN-CB-000.B,35,mfhc_035,no,"2,446",億元,True,Quantitative,Number|Presentation currency,loans|personal loans|small business loans|corporate loans,N/A
chinese,mfhc,31,一般資訊,放款之 (2) 金額，按部門別 (c) 公司,FN-CB-000.B,35,mfhc_035,no,"3,556",億元,True,Quantitative,Number|Presentation currency,loans|personal loans|small business loans|corporate loans,N/A
chinese,kye,5,員工多元及包容性,針對 (d) 所有其他員工之 (1) 性別之代表性之百分比,TC-SC-330a.1,75,kye_075,yes,19.6,%,True,Quantitative,Percentage (%),foreign nationals|offshore employees|global workforce|international employees|diversity|talent management|H-1B visa,Two percentages: (1) employees who are foreign nationals (non-citizens of country of employment); (2) employees located outside the company's home country. Relevant for understanding talent dependency and visa/immigration risk.
chinese,kye,21,材料取得,與關鍵材料之使用有關之風險管理之描述,TC-SC-440a.1,54,kye_054,yes,N/A,N/A,True,Discussion and Analysis,n/a,critical materials|rare earth|supply chain risk|conflict minerals|3TG|material sourcing|supply chain resilience|responsible sourcing|cobalt|tantalum,"Qualitative description of: (1) identification of critical and conflict materials used; (2) supply chain mapping and due diligence; (3) supplier audits and certifications (RBA, OECD); (4) mitigation strategies for supply disruptions; (5) alternatives assessment for critical materials."
chinese,kye,2,員工多元及包容性,針對 (a) 高階管理階層之 (1) 性別之代表性之百分比,TC-SC-330a.1,23,kye_023,no,85.7,%,True,Quantitative,Percentage (%),foreign nationals|offshore employees|global workforce|international employees|diversity|talent management|H-1B visa,Two percentages: (1) employees who are foreign nationals (non-citizens of country of employment); (2) employees located outside the company's home country. Relevant for understanding talent dependency and visa/immigration risk.
chinese,alchip,1,溫室氣體排放,(1) 範疇 1 溫室氣體排放之全球總排放量,TC-SC-110a.1,33,alchip_033,yes,7.3979,公噸 CO2e,True,Quantitative,Metric tons (t) CO2-e|Percentage (%),Scope 1 emissions|greenhouse gas|GHG|perfluorocompounds|PFC|carbon emissions|emissions-limiting regulations|global warming potential,"Two values: (1) gross global Scope 1 GHG emissions in metric tons CO2-equivalent, and percentage covered under emissions-limiting regulations (e.g. cap-and-trade, carbon tax); (2) subset of those emissions from perfluorocompounds (PFCs) used in semiconductor manufacturing. Excludes biogenic CO2."
chinese,alchip,3,溫室氣體排放,對管理範疇 1 排放之長期及短期策略或計畫、排放減量目標，以及針對該等目標之績效分析之討論,TC-SC-110a.2,33,alchip_033,yes,N/A,N/A,True,Discussion and Analysis,n/a,emissions reduction|climate strategy|Scope 1 management|PFC reduction|reduction targets|net zero|abatement|climate risk,"Qualitative discussion of strategy to manage Scope 1 emissions including: reduction targets (absolute or intensity-based), timeline, methods (process optimization, abatement equipment, alternative chemistries for PFCs), and performance against stated targets."
chinese,alchip,11,廢棄物管理,(1) 製造過程中產生之有害廢棄物重量,TC-SC-150a.1,33,alchip_033,yes,0.25,公噸,True,Quantitative,Metric tons (t)|Percentage (%),hazardous waste|waste generation|recycling|waste disposal|chemical waste|solvents|acids|waste recovery,"Two values: (1) total weight of hazardous waste generated in metric tons; (2) percentage of that hazardous waste that is recycled or recovered. Semiconductor manufacturing generates significant hazardous chemical wastes (solvents, acids, slurries). Excludes non-hazardous waste."
chinese,alchip,13,勞工健康與安全,對評估、監控及降低勞工暴露於人類健康危害所作之努力之描述,TC-SC-320a.1,40,alchip_040,yes,N/A,N/A,True,Discussion and Analysis,n/a,occupational health|employee safety|chemical exposure|hazardous substances|OSHA|industrial hygiene|health monitoring|ergonomics|radiation,"Qualitative description of: (1) types of health hazards present (chemicals, radiation, ergonomic); (2) monitoring and assessment methods; (3) controls implemented (engineering controls, PPE, substitution); (4) health surveillance programs; (5) metrics tracked (injury rates, illness rates, days lost)."
chinese,alchip,1,溫室氣體排放,(1) 範疇 1 溫室氣體排放之全球總排放量,TC-SC-110a.1,34,alchip_034,no,7.3979,公噸 CO2e,True,Quantitative,Metric tons (t) CO2-e|Percentage (%),Scope 1 emissions|greenhouse gas|GHG|perfluorocompounds|PFC|carbon emissions|emissions-limiting regulations|global warming potential,"Two values: (1) gross global Scope 1 GHG emissions in metric tons CO2-equivalent, and percentage covered under emissions-limiting regulations (e.g. cap-and-trade, carbon tax); (2) subset of those emissions from perfluorocompounds (PFCs) used in semiconductor manufacturing. Excludes biogenic CO2."
chinese,alchip,3,溫室氣體排放,對管理範疇 1 排放之長期及短期策略或計畫、排放減量目標，以及針對該等目標之績效分析之討論,TC-SC-110a.2,34,alchip_034,no,N/A,N/A,True,Discussion and Analysis,n/a,emissions reduction|climate strategy|Scope 1 management|PFC reduction|reduction targets|net zero|abatement|climate risk,"Qualitative discussion of strategy to manage Scope 1 emissions including: reduction targets (absolute or intensity-based), timeline, methods (process optimization, abatement equipment, alternative chemistries for PFCs), and performance against stated targets."
chinese,alchip,7,水管理,(1) 所有來源之取水量（以千立方公尺為單位）,TC-SC-140a.1,33,alchip_033,no,1.10,百萬公升,True,Quantitative,Thousand cubic metres (m³)|Percentage (%),water withdrawal|water consumption|water stress|water scarcity|WRI Aqueduct|water recycling|ultrapure water|wastewater,"Two paired values: (1) total water withdrawn (from all sources: municipal, groundwater, surface water) in thousand m³ + percentage from High/Extremely High Baseline Water Stress regions per WRI Aqueduct; (2) total water consumed (withdrawn minus discharged) + same percentage breakdown. Semiconductor fabs are water-intensive."
chinese,alchip,8,水管理,(2) 營運中之耗水量（以千立方公尺為單位）,TC-SC-140a.1,33,alchip_033,no,0.91,百萬公升,False,Quantitative,Thousand cubic metres (m³)|Percentage (%),water withdrawal|water consumption|water stress|water scarcity|WRI Aqueduct|water recycling|ultrapure water|wastewater,"Two paired values: (1) total water withdrawn (from all sources: municipal, groundwater, surface water) in thousand m³ + percentage from High/Extremely High Baseline Water Stress regions per WRI Aqueduct; (2) total water consumed (withdrawn minus discharged) + same percentage breakdown. Semiconductor fabs are water-intensive."
chinese,alchip,9,水管理,(3) 於基線水壓力高或極高區域之取水量占總取水量之百分比。,TC-SC-140a.1,33,alchip_033,no,N/A,N/A,False,Quantitative,Thousand cubic metres (m³)|Percentage (%),water withdrawal|water consumption|water stress|water scarcity|WRI Aqueduct|water recycling|ultrapure water|wastewater,"Two paired values: (1) total water withdrawn (from all sources: municipal, groundwater, surface water) in thousand m³ + percentage from High/Extremely High Baseline Water Stress regions per WRI Aqueduct; (2) total water consumed (withdrawn minus discharged) + same percentage breakdown. Semiconductor fabs are water-intensive."
chinese,alchip,11,廢棄物管理,(1) 製造過程中產生之有害廢棄物重量,TC-SC-150a.1,34,alchip_034,no,0.25,公噸,True,Quantitative,Metric tons (t)|Percentage (%),hazardous waste|waste generation|recycling|waste disposal|chemical waste|solvents|acids|waste recovery,"Two values: (1) total weight of hazardous waste generated in metric tons; (2) percentage of that hazardous waste that is recycled or recovered. Semiconductor manufacturing generates significant hazardous chemical wastes (solvents, acids, slurries). Excludes non-hazardous waste."
chinese,tsmc,3,溫室氣體排放,對管理範疇 1 排放之長期及短期策略或計畫、排放減量目標，以及針對該等目標之績效分析之討論,TC-SC-110a.2,98,tsmc_098,yes,N/A,N/A,True,Discussion and Analysis,n/a,emissions reduction|climate strategy|Scope 1 management|PFC reduction|reduction targets|net zero|abatement|climate risk,"Qualitative discussion of strategy to manage Scope 1 emissions including: reduction targets (absolute or intensity-based), timeline, methods (process optimization, abatement equipment, alternative chemistries for PFCs), and performance against stated targets."
chinese,tsmc,3,溫室氣體排放,對管理範疇 1 排放之長期及短期策略或計畫、排放減量目標，以及針對該等目標之績效分析之討論,TC-SC-110a.2,95,tsmc_095,yes,N/A,N/A,True,Discussion and Analysis,n/a,emissions reduction|climate strategy|Scope 1 management|PFC reduction|reduction targets|net zero|abatement|climate risk,"Qualitative discussion of strategy to manage Scope 1 emissions including: reduction targets (absolute or intensity-based), timeline, methods (process optimization, abatement equipment, alternative chemistries for PFCs), and performance against stated targets."
chinese,tsmc,7,水管理,(1) 所有來源之取水量（以千立方公尺為單位）,TC-SC-140a.1,109,tsmc_109,yes,2億1500萬,立方公尺,True,Quantitative,Thousand cubic metres (m³)|Percentage (%),water withdrawal|water consumption|water stress|water scarcity|WRI Aqueduct|water recycling|ultrapure water|wastewater,"Two paired values: (1) total water withdrawn (from all sources: municipal, groundwater, surface water) in thousand m³ + percentage from High/Extremely High Baseline Water Stress regions per WRI Aqueduct; (2) total water consumed (withdrawn minus discharged) + same percentage breakdown. Semiconductor fabs are water-intensive."
chinese,tsmc,8,水管理,(2) 營運中之耗水量（以千立方公尺為單位）,TC-SC-140a.1,112,tsmc_112,yes,96.8百萬,立方公尺,True,Quantitative,Thousand cubic metres (m³)|Percentage (%),water withdrawal|water consumption|water stress|water scarcity|WRI Aqueduct|water recycling|ultrapure water|wastewater,"Two paired values: (1) total water withdrawn (from all sources: municipal, groundwater, surface water) in thousand m³ + percentage from High/Extremely High Baseline Water Stress regions per WRI Aqueduct; (2) total water consumed (withdrawn minus discharged) + same percentage breakdown. Semiconductor fabs are water-intensive."
chinese,tsmc,11,廢棄物管理,(1) 製造過程中產生之有害廢棄物重量,TC-SC-150a.1,118,tsmc_118,yes,"97萬3,853",公噸,True,Quantitative,Metric tons (t)|Percentage (%),hazardous waste|waste generation|recycling|waste disposal|chemical waste|solvents|acids|waste recovery,"Two values: (1) total weight of hazardous waste generated in metric tons; (2) percentage of that hazardous waste that is recycled or recovered. Semiconductor manufacturing generates significant hazardous chemical wastes (solvents, acids, slurries). Excludes non-hazardous waste."
chinese,tsmc,12,廢棄物管理,(2) 製造營運中產生之有害廢棄物之再循環百分比,TC-SC-150a.1,118,tsmc_118,yes,18,%,True,Quantitative,Metric tons (t)|Percentage (%),hazardous waste|waste generation|recycling|waste disposal|chemical waste|solvents|acids|waste recovery,"Two values: (1) total weight of hazardous waste generated in metric tons; (2) percentage of that hazardous waste that is recycled or recovered. Semiconductor manufacturing generates significant hazardous chemical wastes (solvents, acids, slurries). Excludes non-hazardous waste."
chinese,tsmc,13,勞工健康與安全,對評估、監控及降低勞工暴露於人類健康危害所作之努力之描述,TC-SC-320a.1,166,tsmc_166,yes,N/A,N/A,True,Discussion and Analysis,n/a,occupational health|employee safety|chemical exposure|hazardous substances|OSHA|industrial hygiene|health monitoring|ergonomics|radiation,"Qualitative description of: (1) types of health hazards present (chemicals, radiation, ergonomic); (2) monitoring and assessment methods; (3) controls implemented (engineering controls, PPE, substitution); (4) health surveillance programs; (5) metrics tracked (injury rates, illness rates, days lost)."
chinese,tsmc,13,勞工健康與安全,對評估、監控及降低勞工暴露於人類健康危害所作之努力之描述,TC-SC-320a.1,168,tsmc_168,yes,N/A,N/A,True,Discussion and Analysis,n/a,occupational health|employee safety|chemical exposure|hazardous substances|OSHA|industrial hygiene|health monitoring|ergonomics|radiation,"Qualitative description of: (1) types of health hazards present (chemicals, radiation, ergonomic); (2) monitoring and assessment methods; (3) controls implemented (engineering controls, PPE, substitution); (4) health surveillance programs; (5) metrics tracked (injury rates, illness rates, days lost)."
chinese,tsmc,13,勞工健康與安全,對評估、監控及降低勞工暴露於人類健康危害所作之努力之描述,TC-SC-320a.1,169,tsmc_169,yes,N/A,N/A,True,Discussion and Analysis,n/a,occupational health|employee safety|chemical exposure|hazardous substances|OSHA|industrial hygiene|health monitoring|ergonomics|radiation,"Qualitative description of: (1) types of health hazards present (chemicals, radiation, ergonomic); (2) monitoring and assessment methods; (3) controls implemented (engineering controls, PPE, substitution); (4) health surveillance programs; (5) metrics tracked (injury rates, illness rates, days lost)."
chinese,tsmc,13,勞工健康與安全,對評估、監控及降低勞工暴露於人類健康危害所作之努力之描述,TC-SC-320a.1,170,tsmc_170,yes,N/A,N/A,True,Discussion and Analysis,n/a,occupational health|employee safety|chemical exposure|hazardous substances|OSHA|industrial hygiene|health monitoring|ergonomics|radiation,"Qualitative description of: (1) types of health hazards present (chemicals, radiation, ergonomic); (2) monitoring and assessment methods; (3) controls implemented (engineering controls, PPE, substitution); (4) health surveillance programs; (5) metrics tracked (injury rates, illness rates, days lost)."
chinese,tsmc,1,溫室氣體排放,(1) 範疇 1 溫室氣體排放之全球總排放量,TC-SC-110a.1,98,tsmc_098,no,2.019,百萬噸CO2e,True,Quantitative,Metric tons (t) CO2-e|Percentage (%),Scope 1 emissions|greenhouse gas|GHG|perfluorocompounds|PFC|carbon emissions|emissions-limiting regulations|global warming potential,"Two values: (1) gross global Scope 1 GHG emissions in metric tons CO2-equivalent, and percentage covered under emissions-limiting regulations (e.g. cap-and-trade, carbon tax); (2) subset of those emissions from perfluorocompounds (PFCs) used in semiconductor manufacturing. Excludes biogenic CO2."
chinese,tsmc,3,溫室氣體排放,對管理範疇 1 排放之長期及短期策略或計畫、排放減量目標，以及針對該等目標之績效分析之討論,TC-SC-110a.2,99,tsmc_099,no,N/A,N/A,True,Discussion and Analysis,n/a,emissions reduction|climate strategy|Scope 1 management|PFC reduction|reduction targets|net zero|abatement|climate risk,"Qualitative discussion of strategy to manage Scope 1 emissions including: reduction targets (absolute or intensity-based), timeline, methods (process optimization, abatement equipment, alternative chemistries for PFCs), and performance against stated targets."
chinese,tsmc,4,製造之能源管理,(1) 總能源消耗量,TC-SC-130a.1,103,tsmc_103,no,224億,度,True,Quantitative,Gigajoules (GJ)|Percentage (%),energy consumption|grid electricity|renewable energy|electricity|energy management|energy intensity|clean energy|power purchase agreement,"Three values: (1) total energy consumed in GJ across all manufacturing operations (electricity, fuel, steam, heating/cooling); (2) percentage of total energy that is grid electricity; (3) percentage of total energy from renewable sources (wind, solar, hydro, certified RECs, PPAs). Scope: owned and operated manufacturing facilities."
chinese,tsmc,6,製造之能源管理,(3) 所消耗之能源中屬再生能源之百分比,TC-SC-130a.1,103,tsmc_103,no,9.7,%,True,Quantitative,Gigajoules (GJ)|Percentage (%),energy consumption|grid electricity|renewable energy|electricity|energy management|energy intensity|clean energy|power purchase agreement,"Three values: (1) total energy consumed in GJ across all manufacturing operations (electricity, fuel, steam, heating/cooling); (2) percentage of total energy that is grid electricity; (3) percentage of total energy from renewable sources (wind, solar, hydro, certified RECs, PPAs). Scope: owned and operated manufacturing facilities."
chinese,tsmc,7,水管理,(1) 所有來源之取水量（以千立方公尺為單位）,TC-SC-140a.1,110,tsmc_110,no,2億1500萬,立方公尺,True,Quantitative,Thousand cubic metres (m³)|Percentage (%),water withdrawal|water consumption|water stress|water scarcity|WRI Aqueduct|water recycling|ultrapure water|wastewater,"Two paired values: (1) total water withdrawn (from all sources: municipal, groundwater, surface water) in thousand m³ + percentage from High/Extremely High Baseline Water Stress regions per WRI Aqueduct; (2) total water consumed (withdrawn minus discharged) + same percentage breakdown. Semiconductor fabs are water-intensive."
chinese,tsmc,11,廢棄物管理,(1) 製造過程中產生之有害廢棄物重量,TC-SC-150a.1,119,tsmc_119,no,"97萬3,853",公噸,True,Quantitative,Metric tons (t)|Percentage (%),hazardous waste|waste generation|recycling|waste disposal|chemical waste|solvents|acids|waste recovery,"Two values: (1) total weight of hazardous waste generated in metric tons; (2) percentage of that hazardous waste that is recycled or recovered. Semiconductor manufacturing generates significant hazardous chemical wastes (solvents, acids, slurries). Excludes non-hazardous waste."
chinese,tsmc,12,廢棄物管理,(2) 製造營運中產生之有害廢棄物之再循環百分比,TC-SC-150a.1,119,tsmc_119,no,18,%,True,Quantitative,Metric tons (t)|Percentage (%),hazardous waste|waste generation|recycling|waste disposal|chemical waste|solvents|acids|waste recovery,"Two values: (1) total weight of hazardous waste generated in metric tons; (2) percentage of that hazardous waste that is recycled or recovered. Semiconductor manufacturing generates significant hazardous chemical wastes (solvents, acids, slurries). Excludes non-hazardous waste."
chinese,tsmc,13,勞工健康與安全,對評估、監控及降低勞工暴露於人類健康危害所作之努力之描述,TC-SC-320a.1,167,tsmc_167,no,N/A,N/A,True,Discussion and Analysis,n/a,occupational health|employee safety|chemical exposure|hazardous substances|OSHA|industrial hygiene|health monitoring|ergonomics|radiation,"Qualitative description of: (1) types of health hazards present (chemicals, radiation, ergonomic); (2) monitoring and assessment methods; (3) controls implemented (engineering controls, PPE, substitution); (4) health surveillance programs; (5) metrics tracked (injury rates, illness rates, days lost)."
chinese,tsmc,13,勞工健康與安全,對評估、監控及降低勞工暴露於人類健康危害所作之努力之描述,TC-SC-320a.1,177,tsmc_177,no,N/A,N/A,True,Discussion and Analysis,n/a,occupational health|employee safety|chemical exposure|hazardous substances|OSHA|industrial hygiene|health monitoring|ergonomics|radiation,"Qualitative description of: (1) types of health hazards present (chemicals, radiation, ergonomic); (2) monitoring and assessment methods; (3) controls implemented (engineering controls, PPE, substitution); (4) health surveillance programs; (5) metrics tracked (injury rates, illness rates, days lost)."
english,esg-report-2022,FN-CB-410a.2,"Incorporation of Environmental, Social, and Governance Factors in Credit Analysis","Description of approach to incorporation of environmental, social and governance (ESG) factors in credit analysis",FN-CB-410a.2,7,esg-report-2022_007,yes,N/A,N/A,True,Discussion and Analysis,n/a,ESG|credit analysis|environmental factors|social factors|governance|creditworthiness|climate risk|Equator Principles|ESRM|carbon-related assets,"Qualitative description of how ESG factors are incorporated in credit analysis for commercial/industrial lending and project finance. Must cover: policies, responsible parties, ESG research approach, oversight, scenario analysis, credit loss estimation, significant ESG concentrations."
english,esg-report-2022,FN-CB-410a.2,"Incorporation of Environmental, Social, and Governance Factors in Credit Analysis","Description of approach to incorporation of environmental, social and governance (ESG) factors in credit analysis",FN-CB-410a.2,10,esg-report-2022_010,yes,N/A,N/A,True,Discussion and Analysis,n/a,ESG|credit analysis|environmental factors|social factors|governance|creditworthiness|climate risk|Equator Principles|ESRM|carbon-related assets,"Qualitative description of how ESG factors are incorporated in credit analysis for commercial/industrial lending and project finance. Must cover: policies, responsible parties, ESG research approach, oversight, scenario analysis, credit loss estimation, significant ESG concentrations."
english,esg-report-2022,FN-CB-510a.2,Business Ethics,Description of whistleblower policies and procedures,FN-CB-510a.2,13,esg-report-2022_013,yes,N/A,N/A,True,Discussion and Analysis,n/a,whistleblower|compliance programme|hotline|reporting violations|whistleblower incentives|internal controls|ethics,"Qualitative description of whistleblower programme including: internal compliance programmes, hotline details (independent third party?), publication of hotline number, incentives for reporting, methods for submitting tips, applicable jurisdictional regulations, violations and corrective actions."
english,esg-report-2022,FN-CB-550a.2,Systemic Risk Management,"Description of approach to integrate results of mandatory and voluntary stress tests into capital adequacy planning, long-term corporate strategy, and other business activities",FN-CB-550a.2,13,esg-report-2022_013,yes,N/A,N/A,True,Discussion and Analysis,n/a,stress test|capital adequacy|capital planning|ESG strategy|systemic risk|long-term strategy|regulatory stress test,Qualitative discussion of how mandatory and voluntary stress test results are integrated into capital planning and long-term corporate strategy. Must also discuss how stress test results inform ESG strategy.
english,esg-report-2022,FN-CB-410a.2,"Incorporation of Environmental, Social, and Governance Factors in Credit Analysis","Description of approach to incorporation of environmental, social and governance (ESG) factors in credit analysis",FN-CB-410a.2,16,esg-report-2022_016,yes,N/A,N/A,True,Discussion and Analysis,n/a,ESG|credit analysis|environmental factors|social factors|governance|creditworthiness|climate risk|Equator Principles|ESRM|carbon-related assets,"Qualitative description of how ESG factors are incorporated in credit analysis for commercial/industrial lending and project finance. Must cover: policies, responsible parties, ESG research approach, oversight, scenario analysis, credit loss estimation, significant ESG concentrations."
english,esg-report-2022,FN-CB-240a.1,Financial Inclusion & Capacity Building,(1) Number and (2) amount of loans outstanding that qualify for programmes designed to promote small business and community development 2,FN-CB-240a.1,16,esg-report-2022_016,yes but not complete,"1,271,000",tonsCO2e,False,Quantitative,Number|Presentation currency,community development loan|small business loan|financial inclusion|low-income|moderate-income|CDFI|microfinance|community development finance,Two values: (1) total NUMBER of qualifying loans outstanding; (2) total AMOUNT outstanding in presentation currency. Scope includes community development loans (low/moderate-income) and small business loans (including farms). EXCLUDES personal expenditures and residential property loans.
english,esg-report-2022,FN-CB-410b.4,Financed Emissions,Description of the methodology used to calculate financed emissions,FN-CB-410b.4,17,esg-report-2022_017,yes,N/A,N/A,True,Discussion and Analysis,n/a,financed emissions methodology|PCAF|attribution factor|data sources|emission factors|portfolio carbon accounting|estimation approach,"Qualitative description of: methodology for calculating financed emissions (PCAF or equivalent), attribution factors used by asset class, data sources for counterparty emissions and financial data, estimation approaches for data gaps, and deviations from PCAF methodology."
english,esg-report-2022,FN-CB-240a.1,Financial Inclusion & Capacity Building,(1) Number and (2) amount of loans outstanding that qualify for programmes designed to promote small business and community development 2,FN-CB-240a.1,20,esg-report-2022_020,yes but not complete,N/A,N/A,False,Quantitative,Number|Presentation currency,community development loan|small business loan|financial inclusion|low-income|moderate-income|CDFI|microfinance|community development finance,Two values: (1) total NUMBER of qualifying loans outstanding; (2) total AMOUNT outstanding in presentation currency. Scope includes community development loans (low/moderate-income) and small business loans (including farms). EXCLUDES personal expenditures and residential property loans.
english,esg-report-2022,FN-CB-240a.1,Financial Inclusion & Capacity Building,(1) Number and (2) amount of loans outstanding that qualify for programmes designed to promote small business and community development 2,FN-CB-240a.1,25,esg-report-2022_025,yes,"20,785,818",USD,True,Quantitative,Number|Presentation currency,community development loan|small business loan|financial inclusion|low-income|moderate-income|CDFI|microfinance|community development finance,Two values: (1) total NUMBER of qualifying loans outstanding; (2) total AMOUNT outstanding in presentation currency. Scope includes community development loans (low/moderate-income) and small business loans (including farms). EXCLUDES personal expenditures and residential property loans.
english,esg-report-2022,FN-CB-230a.2,Data Security,Description of approach to identifying and addressing data security risks,FN-CB-230a.2,34,esg-report-2022_034,yes,0,"identiﬁed leaks, thefts, or losses of customer data(1)",True,Discussion and Analysis,n/a,data security risk|cybersecurity|vulnerability|ransomware|ISO/IEC 27000|NIST|mobile banking|cyber threats|attack vectors,"Qualitative description of approach to: identifying vulnerabilities, managing data security risks, observed cyber threat trends, breach disclosure policies, alignment with frameworks (ISO/IEC 2700, NIST, NYCRR 500, OCC), emerging threats (mobile banking, ransomware, loan stacking)."
english,esg-report-2022,FN-CB-510a.1,Business Ethics,"Total amount of monetary losses as a result of legal proceedings associated with fraud, insider trading, antitrust, anti-competitive behaviour, market manipulation, malpractice, or other related financial industry laws or regulations 4",FN-CB-510a.1,34,esg-report-2022_034,yes but not complete,0,number of conﬁrmed incidents of corruption,False,Quantitative,Presentation currency,monetary losses|legal proceedings|fraud|insider trading|anti-trust|market manipulation|malpractice|regulatory fines|settlements,"Total monetary losses (fines, penalties, settlements, judgements) from legal proceedings related to fraud, insider trading, anti-trust violations, market manipulation, malpractice, and other financial industry legal/regulatory violations. EXCLUDES legal defence costs."
english,esg-report-2022,FN-CB-240a.1,Financial Inclusion & Capacity Building,(1) Number and (2) amount of loans outstanding that qualify for programmes designed to promote small business and community development 2,FN-CB-240a.1,35,esg-report-2022_035,yes,29.10,USD Million,True,Quantitative,Number|Presentation currency,community development loan|small business loan|financial inclusion|low-income|moderate-income|CDFI|microfinance|community development finance,Two values: (1) total NUMBER of qualifying loans outstanding; (2) total AMOUNT outstanding in presentation currency. Scope includes community development loans (low/moderate-income) and small business loans (including farms). EXCLUDES personal expenditures and residential property loans.
english,esg-report-2022,FN-CB-240a.1,Financial Inclusion & Capacity Building,(1) Number and (2) amount of loans outstanding that qualify for programmes designed to promote small business and community development 2,FN-CB-240a.1,37,esg-report-2022_037,yes,"1,034",USD Million,True,Quantitative,Number|Presentation currency,community development loan|small business loan|financial inclusion|low-income|moderate-income|CDFI|microfinance|community development finance,Two values: (1) total NUMBER of qualifying loans outstanding; (2) total AMOUNT outstanding in presentation currency. Scope includes community development loans (low/moderate-income) and small business loans (including farms). EXCLUDES personal expenditures and residential property loans.
english,esg-report-2022,FN-CB-410a.2,"Incorporation of Environmental, Social, and Governance Factors in Credit Analysis","Description of approach to incorporation of environmental, social and governance (ESG) factors in credit analysis",FN-CB-410a.2,13,esg-report-2022_013,no,N/A,N/A,True,Discussion and Analysis,n/a,ESG|credit analysis|environmental factors|social factors|governance|creditworthiness|climate risk|Equator Principles|ESRM|carbon-related assets,"Qualitative description of how ESG factors are incorporated in credit analysis for commercial/industrial lending and project finance. Must cover: policies, responsible parties, ESG research approach, oversight, scenario analysis, credit loss estimation, significant ESG concentrations."
english,esg-report-2022,FN-CB-410a.2,"Incorporation of Environmental, Social, and Governance Factors in Credit Analysis","Description of approach to incorporation of environmental, social and governance (ESG) factors in credit analysis",FN-CB-410a.2,17,esg-report-2022_017,no,N/A,N/A,True,Discussion and Analysis,n/a,ESG|credit analysis|environmental factors|social factors|governance|creditworthiness|climate risk|Equator Principles|ESRM|carbon-related assets,"Qualitative description of how ESG factors are incorporated in credit analysis for commercial/industrial lending and project finance. Must cover: policies, responsible parties, ESG research approach, oversight, scenario analysis, credit loss estimation, significant ESG concentrations."
english,esg-report-2022,FN-CB-240a.1,Financial Inclusion & Capacity Building,(1) Number and (2) amount of loans outstanding that qualify for programmes designed to promote small business and community development 2,FN-CB-240a.1,17,esg-report-2022_017,no,"1,271,000",tonsCO2e,False,Quantitative,Number|Presentation currency,community development loan|small business loan|financial inclusion|low-income|moderate-income|CDFI|microfinance|community development finance,Two values: (1) total NUMBER of qualifying loans outstanding; (2) total AMOUNT outstanding in presentation currency. Scope includes community development loans (low/moderate-income) and small business loans (including farms). EXCLUDES personal expenditures and residential property loans.
english,esg-report-2022,FN-CB-240a.1,Financial Inclusion & Capacity Building,(1) Number and (2) amount of loans outstanding that qualify for programmes designed to promote small business and community development 2,FN-CB-240a.1,21,esg-report-2022_021,no,N/A,N/A,False,Quantitative,Number|Presentation currency,community development loan|small business loan|financial inclusion|low-income|moderate-income|CDFI|microfinance|community development finance,Two values: (1) total NUMBER of qualifying loans outstanding; (2) total AMOUNT outstanding in presentation currency. Scope includes community development loans (low/moderate-income) and small business loans (including farms). EXCLUDES personal expenditures and residential property loans.
english,esg-report-2022,FN-CB-230a.2,Data Security,Description of approach to identifying and addressing data security risks,FN-CB-230a.2,26,esg-report-2022_026,no,N/A,N/A,True,Discussion and Analysis,n/a,data security risk|cybersecurity|vulnerability|ransomware|ISO/IEC 27000|NIST|mobile banking|cyber threats|attack vectors,"Qualitative description of approach to: identifying vulnerabilities, managing data security risks, observed cyber threat trends, breach disclosure policies, alignment with frameworks (ISO/IEC 2700, NIST, NYCRR 500, OCC), emerging threats (mobile banking, ransomware, loan stacking)."
english,esg-report-2022,FN-CB-240a.1,Financial Inclusion & Capacity Building,(1) Number and (2) amount of loans outstanding that qualify for programmes designed to promote small business and community development 2,FN-CB-240a.1,26,esg-report-2022_026,no,"20,785,818",USD,True,Quantitative,Number|Presentation currency,community development loan|small business loan|financial inclusion|low-income|moderate-income|CDFI|microfinance|community development finance,Two values: (1) total NUMBER of qualifying loans outstanding; (2) total AMOUNT outstanding in presentation currency. Scope includes community development loans (low/moderate-income) and small business loans (including farms). EXCLUDES personal expenditures and residential property loans.
english,esg-report-2022,FN-CB-230a.2,Data Security,Description of approach to identifying and addressing data security risks,FN-CB-230a.2,37,esg-report-2022_037,no,0,"identiﬁed leaks, thefts, or losses of customer data(1)",True,Discussion and Analysis,n/a,data security risk|cybersecurity|vulnerability|ransomware|ISO/IEC 27000|NIST|mobile banking|cyber threats|attack vectors,"Qualitative description of approach to: identifying vulnerabilities, managing data security risks, observed cyber threat trends, breach disclosure policies, alignment with frameworks (ISO/IEC 2700, NIST, NYCRR 500, OCC), emerging threats (mobile banking, ransomware, loan stacking)."
english,esg-report-2022,FN-CB-510a.1,Business Ethics,"Total amount of monetary losses as a result of legal proceedings associated with fraud, insider trading, antitrust, anti-competitive behaviour, market manipulation, malpractice, or other related financial industry laws or regulations 4",FN-CB-510a.1,35,esg-report-2022_035,no,0,number of conﬁrmed incidents of corruption,False,Quantitative,Presentation currency,monetary losses|legal proceedings|fraud|insider trading|anti-trust|market manipulation|malpractice|regulatory fines|settlements,"Total monetary losses (fines, penalties, settlements, judgements) from legal proceedings related to fraud, insider trading, anti-trust violations, market manipulation, malpractice, and other financial industry legal/regulatory violations. EXCLUDES legal defence costs."
english,esg-report-2022,FN-CB-240a.1,Financial Inclusion & Capacity Building,(1) Number and (2) amount of loans outstanding that qualify for programmes designed to promote small business and community development 2,FN-CB-240a.1,44,esg-report-2022_044,no,"20,786",000' USD,True,Quantitative,Number|Presentation currency,community development loan|small business loan|financial inclusion|low-income|moderate-income|CDFI|microfinance|community development finance,Two values: (1) total NUMBER of qualifying loans outstanding; (2) total AMOUNT outstanding in presentation currency. Scope includes community development loans (low/moderate-income) and small business loans (including farms). EXCLUDES personal expenditures and residential property loans.
english,esg-report-2022,FN-CB-410b.4,Financed Emissions,Description of the methodology used to calculate financed emissions,FN-CB-410b.4,46,esg-report-2022_046,no,N/A,N/A,True,Discussion and Analysis,n/a,financed emissions methodology|PCAF|attribution factor|data sources|emission factors|portfolio carbon accounting|estimation approach,"Qualitative description of: methodology for calculating financed emissions (PCAF or equivalent), attribution factors used by asset class, data sources for counterparty emissions and financial data, estimation approaches for data gaps, and deviations from PCAF methodology."
english,2022-baytex-esg-report-final,EM-EP-160a.1,Biodiversity Impacts,Description of environmental management policies and practices for active sites,EM-EP-160a.1,14,2022-baytex-esg-report-final_014,yes,N/A,N/A,True,Discussion and Analysis,n/a,biodiversity|environmental management|EMS|environmental policy|active sites|habitat|protected areas|environmental impact assessment|EIA,"Qualitative description of environmental management policies and practices at active exploration and production sites, including: environmental management systems (EMS), biodiversity assessments, habitat protection measures, restoration practices, and compliance with national/international biodiversity standards."
english,2022-baytex-esg-report-final,EM-EP-210b.1,Community Relations,Discussion of process to manage risks and opportunities associated with community rights and interests,EM-EP-210b.1,26,2022-baytex-esg-report-final_026,yes,N/A,N/A,True,Discussion and Analysis,n/a,community relations|community engagement|social licence to operate|stakeholder engagement|community investment|grievance mechanism|community rights,"Qualitative discussion of processes to manage risks and opportunities related to community rights and interests, including: stakeholder identification and engagement, grievance mechanisms, community investment programmes, free prior informed consent, benefit sharing, and social impact assessment."
english,2022-baytex-esg-report-final,EM-EP-320a.2,Workforce Health & Safety,Discussion of management systems used to integrate a culture of safety throughout the exploration and production lifecycle,EM-EP-320a.2,30,2022-baytex-esg-report-final_030,yes,N/A,N/A,True,Discussion and Analysis,n/a,safety management system|safety culture|process safety|HSE management|safety leadership|exploration lifecycle|production lifecycle|behaviour-based safety,"Qualitative description of safety management systems including: safety leadership and culture programmes, risk assessment processes, incident investigation procedures, safety training, contractor management, and integration of safety across exploration, drilling, and production phases."
english,2022-baytex-esg-report-final,EM-EP-320a.2,Workforce Health & Safety,Discussion of management systems used to integrate a culture of safety throughout the exploration and production lifecycle,EM-EP-320a.2,31,2022-baytex-esg-report-final_031,yes,N/A,N/A,True,Discussion and Analysis,n/a,safety management system|safety culture|process safety|HSE management|safety leadership|exploration lifecycle|production lifecycle|behaviour-based safety,"Qualitative description of safety management systems including: safety leadership and culture programmes, risk assessment processes, incident investigation procedures, safety training, contractor management, and integration of safety across exploration, drilling, and production phases."
english,2022-baytex-esg-report-final,EM-EP-510a.2,Business Ethics & Transparency,Description of the management system for prevention of corruption and bribery throughout the value chain,EM-EP-510a.2,41,2022-baytex-esg-report-final_041,yes,N/A,N/A,True,Discussion and Analysis,n/a,anti-corruption|anti-bribery|compliance programme|due diligence|third-party risk|value chain|FCPA|UK Bribery Act|whistleblower,"Qualitative description of anti-corruption management system including: policies and codes of conduct, due diligence on third parties (agents, joint venture partners, suppliers), training programmes, monitoring and audit processes, whistleblower mechanisms, and applicability throughout the value chain."
english,2022-baytex-esg-report-final,EM-EP-110a.1,Greenhouse Gas Emissions,"Gross global Scope 1 emissions, percentage methane, percentage covered under emissions-limiting regulations",EM-EP-110a.1,52,2022-baytex-esg-report-final_052,yes,"1,001,008",tonnes CO2 e,True,Quantitative,Metric tonnes (t) CO2-e|Percentage (%),Scope 1|greenhouse gas|GHG|methane|CO2-e|emissions-limiting regulations|flaring|venting|fugitive emissions|GWP,"Three values: (1) total gross global Scope 1 GHG emissions in metric tonnes CO2-e (using GWP values from IPCC); (2) percentage that is methane (CH4); (3) percentage covered under emissions-limiting regulations (cap-and-trade, carbon tax, or regulatory limits). Includes combustion, flaring, venting, fugitive emissions from all owned/operated assets."
english,2022-baytex-esg-report-final,EM-EP-110a.2,Greenhouse Gas Emissions,"Amount of gross global Scope 1 emissions from: (1) flared hydrocarbons, (2) other combustion, (3) process emissions, (4) other vented emissions and (5) fugitive emissions",EM-EP-110a.2,52,2022-baytex-esg-report-final_052,yes but not complete,50,%,False,Quantitative,Metric tonnes (t) CO2-e,flaring|combustion|process emissions|vented emissions|fugitive emissions|methane leakage|GHG breakdown|emission sources,"Five disaggregated Scope 1 emission values in metric tonnes CO2-e: (1) flared hydrocarbons; (2) other combustion (engines, boilers, heaters); (3) process emissions (chemical reactions); (4) other vented emissions (intentional non-flare); (5) fugitive emissions (unintentional leaks from equipment). Sum should approximate total Scope 1."
english,2022-baytex-esg-report-final,EM-EP-110a.3,Greenhouse Gas Emissions,"Discussion of long- and short-term strategy or plan to manage Scope 1 emissions, emissions reduction targets, and an analysis of performance against those targets",EM-EP-110a.3,12,2022-baytex-esg-report-final_012,no,N/A,N/A,True,Discussion and Analysis,n/a,emissions reduction strategy|GHG targets|climate strategy|net zero|carbon reduction plan|flare reduction|methane reduction|emissions performance,Qualitative discussion covering: (1) long-term and short-term strategy/plan to manage Scope 1 emissions; (2) specific emissions reduction targets (absolute or intensity); (3) analysis of performance against those targets. Must include timeframe for targets and progress to date.
english,2022-baytex-esg-report-final,EM-EP-110a.3,Greenhouse Gas Emissions,"Discussion of long- and short-term strategy or plan to manage Scope 1 emissions, emissions reduction targets, and an analysis of performance against those targets",EM-EP-110a.3,14,2022-baytex-esg-report-final_014,no,N/A,N/A,True,Discussion and Analysis,n/a,emissions reduction strategy|GHG targets|climate strategy|net zero|carbon reduction plan|flare reduction|methane reduction|emissions performance,Qualitative discussion covering: (1) long-term and short-term strategy/plan to manage Scope 1 emissions; (2) specific emissions reduction targets (absolute or intensity); (3) analysis of performance against those targets. Must include timeframe for targets and progress to date.
english,2022-baytex-esg-report-final,EM-EP-160a.1,Biodiversity Impacts,Description of environmental management policies and practices for active sites,EM-EP-160a.1,17,2022-baytex-esg-report-final_017,no,N/A,N/A,True,Discussion and Analysis,n/a,biodiversity|environmental management|EMS|environmental policy|active sites|habitat|protected areas|environmental impact assessment|EIA,"Qualitative description of environmental management policies and practices at active exploration and production sites, including: environmental management systems (EMS), biodiversity assessments, habitat protection measures, restoration practices, and compliance with national/international biodiversity standards."
english,2022-baytex-esg-report-final,EM-EP-160a.1,Environmental Impacts in the Supply Chain,Description of environmental management policies and practices for active sites,EM-EP-160a.1,17,2022-baytex-esg-report-final_017,no,"5,000",tanks,True,Discussion and Analysis,n/a,biodiversity|environmental management|EMS|environmental policy|active sites|habitat|protected areas|environmental impact assessment|EIA,"Qualitative description of environmental management policies and practices at active exploration and production sites, including: environmental management systems (EMS), biodiversity assessments, habitat protection measures, restoration practices, and compliance with national/international biodiversity standards."
english,2022-baytex-esg-report-final,EM-EP-210b.1,Community Relations,Discussion of process to manage risks and opportunities associated with community rights and interests,EM-EP-210b.1,27,2022-baytex-esg-report-final_027,no,N/A,N/A,True,Discussion and Analysis,n/a,community relations|community engagement|social licence to operate|stakeholder engagement|community investment|grievance mechanism|community rights,"Qualitative discussion of processes to manage risks and opportunities related to community rights and interests, including: stakeholder identification and engagement, grievance mechanisms, community investment programmes, free prior informed consent, benefit sharing, and social impact assessment."
english,2022-baytex-esg-report-final,EM-EP-320a.2,Workforce Health & Safety,Discussion of management systems used to integrate a culture of safety throughout the exploration and production lifecycle,EM-EP-320a.2,32,2022-baytex-esg-report-final_032,no,N/A,N/A,True,Discussion and Analysis,n/a,safety management system|safety culture|process safety|HSE management|safety leadership|exploration lifecycle|production lifecycle|behaviour-based safety,"Qualitative description of safety management systems including: safety leadership and culture programmes, risk assessment processes, incident investigation procedures, safety training, contractor management, and integration of safety across exploration, drilling, and production phases."
english,2022-baytex-esg-report-final,EM-EP-210a.3,"Security, Human Rights & Rights of Indigenous Peoples","Discussion of engagement processes and due diligence practices with respect to human rights, indigenous rights, and operation in areas of conflict",EM-EP-210a.3,36,2022-baytex-esg-report-final_036,no,N/A,N/A,True,Quantitative,Number,bribery|corruption|facilitation payments|FCPA|UK Bribery Act|anti-corruption|compliance violations,"Total number of incidents involving bribery, corruption, or facilitation payments during the reporting period. Includes incidents reported internally and those identified by external parties or regulators. Must describe corrective actions taken."
english,2022-baytex-esg-report-final,EM-EP-510a.2,Business Ethics & Transparency,Description of the management system for prevention of corruption and bribery throughout the value chain,EM-EP-510a.2,42,2022-baytex-esg-report-final_042,no,N/A,N/A,True,Discussion and Analysis,n/a,anti-corruption|anti-bribery|compliance programme|due diligence|third-party risk|value chain|FCPA|UK Bribery Act|whistleblower,"Qualitative description of anti-corruption management system including: policies and codes of conduct, due diligence on third parties (agents, joint venture partners, suppliers), training programmes, monitoring and audit processes, whistleblower mechanisms, and applicability throughout the value chain."
english,burberry_2020-21_esg,CG-AA-430a.1,Environmental Impacts in the Supply Chain,Percentage of (1) Tier 1 supplier facilities and (2) supplier facilities beyond Tier 1 in compliance with wastewater discharge permits or contractual agreements,CG-AA-430a.1,6,burberry_2020-21_esg_006,yes but not complete,N/A,N/A,False,Quantitative,Percentage (%),supplier audit|social audit|Tier 1 suppliers|supply chain|environmental audit|SMETA|Fair Trade|responsible sourcing,"Percentage of supplier facilities audited to an environmental social audit standard, disaggregated by: (1) Tier 1 (direct suppliers) and (2) beyond Tier 1 (sub-suppliers); and by (a) all facilities and (b) high-risk facilities. Reports coverage and penetration of audit programmes."
english,burberry_2020-21_esg,CG-AA-440a.4,Raw Materials Sourcing,"(1) Amount of priority raw materials purchased, by material, and (2) amount of each priority raw material that is certified to a third-party environmental or social standard, by standard",CG-AA-440a.4,6,burberry_2020-21_esg_006,yes but not complete,100,%,False,Quantitative,Metric tons (t)|Percentage (%),raw materials|certified materials|organic cotton|BCI|FSC leather|RDS down|RWS wool|sustainable sourcing|certification,"Two values per priority material: (1) total quantity purchased (metric tons); (2) quantity or percentage certified to a sustainability standard (e.g. organic cotton, BCI cotton, RDS down, RWS wool, Leather Working Group). Report by material and by certification standard."
english,burberry_2020-21_esg,CG-AA-430b.1,Labour Conditions in the Supply Chain,"Percentage of (1) Tier 1 supplier facilities and (2) supplier facilities beyond Tier 1 that have been audited to a labour code of conduct, (3) percentage of total audits conducted by a third-party auditor",CG-AA-430b.1,21,burberry_2020-21_esg_021,yes but not complete,N/A,N/A,False,Quantitative,Percentage (%),labour audit|Tier 1 suppliers|beyond Tier 1|high-risk facilities|supply chain|SMETA|SA8000|fair labour|working conditions,"Percentage of supplier facilities (Tier 1 and beyond) audited to a recognised labour standard (SMETA, SA8000, Fair Trade, etc.), disaggregated by tier (1 vs. beyond 1) and risk level (all vs. high-risk)."
english,burberry_2020-21_esg,CG-AA-430b.3,Labour Conditions in the Supply Chain,"Description of the greatest (1) labour and (2) environmental, health and safety risks in the supply chain",CG-AA-430b.3,21,burberry_2020-21_esg_021,yes,N/A,N/A,True,Discussion and Analysis,n/a,supply chain risks|labour risks|health and safety|forced labour|child labour|working conditions|environmental risk|supplier risk,"Qualitative description of the most material labour risks (e.g. forced labour, child labour, excessive hours, wage theft, freedom of association) and environmental/health & safety risks in the supply chain, including geographic concentration and mitigation strategies."
english,burberry_2020-21_esg,CG-AA-440a.4,Raw Materials Sourcing,"(1) Amount of priority raw materials purchased, by material, and (2) amount of each priority raw material that is certified to a third-party environmental or social standard, by standard",CG-AA-440a.4,30,burberry_2020-21_esg_030,yes but not complete,100,%,False,Quantitative,Metric tons (t)|Percentage (%),raw materials|certified materials|organic cotton|BCI|FSC leather|RDS down|RWS wool|sustainable sourcing|certification,"Two values per priority material: (1) total quantity purchased (metric tons); (2) quantity or percentage certified to a sustainability standard (e.g. organic cotton, BCI cotton, RDS down, RWS wool, Leather Working Group). Report by material and by certification standard."
english,burberry_2020-21_esg,CG-AA-250a.2,Management of Chemicals in Products,Discussion of processes to assess and manage risks or hazards associated with chemicals in products,CG-AA-250a.2,31,burberry_2020-21_esg_031,yes,N/A,N/A,True,Discussion and Analysis,n/a,chemical hazards|product safety|chemical risk assessment|restricted substances|ZDHC|bluesign|safer chemistry|hazard assessment,"Qualitative description of processes to proactively assess and manage chemical risks beyond compliance: hazard assessment of chemicals used in manufacturing, substitution programs for chemicals of concern, safer chemistry initiatives, and supplier capability building."
english,burberry_2020-21_esg,CG-AA-430a.1,Environmental Impacts in the Supply Chain,Percentage of (1) Tier 1 supplier facilities and (2) supplier facilities beyond Tier 1 in compliance with wastewater discharge permits or contractual agreements,CG-AA-430a.1,31,burberry_2020-21_esg_031,yes but not complete,N/A,N/A,False,Quantitative,Percentage (%),supplier audit|social audit|Tier 1 suppliers|supply chain|environmental audit|SMETA|Fair Trade|responsible sourcing,"Percentage of supplier facilities audited to an environmental social audit standard, disaggregated by: (1) Tier 1 (direct suppliers) and (2) beyond Tier 1 (sub-suppliers); and by (a) all facilities and (b) high-risk facilities. Reports coverage and penetration of audit programmes."
english,burberry_2020-21_esg,CG-AA-430b.1,Labour Conditions in the Supply Chain,"Percentage of (1) Tier 1 supplier facilities and (2) supplier facilities beyond Tier 1 that have been audited to a labour code of conduct, (3) percentage of total audits conducted by a third-party auditor",CG-AA-430b.1,31,burberry_2020-21_esg_031,yes but not complete,N/A,N/A,False,Quantitative,Percentage (%),labour audit|Tier 1 suppliers|beyond Tier 1|high-risk facilities|supply chain|SMETA|SA8000|fair labour|working conditions,"Percentage of supplier facilities (Tier 1 and beyond) audited to a recognised labour standard (SMETA, SA8000, Fair Trade, etc.), disaggregated by tier (1 vs. beyond 1) and risk level (all vs. high-risk)."
english,burberry_2020-21_esg,CG-AA-430b.2,Labour Conditions in the Supply Chain,(1) Priority non-conformance rate and (2) associated corrective action rate for suppliers’ labour code of conduct audits,CG-AA-430b.2,31,burberry_2020-21_esg_031,yes but not complete,N/A,N/A,False,Quantitative,Percentage (%),non-conformance|corrective action|labour audit|priority violations|supplier compliance|SMETA|audit findings|remediation,Two rates from labour audits: (1) percentage of audited facilities with at least one priority non-conformance (serious violation of labour standards); (2) percentage of priority non-conformances for which a corrective action plan has been implemented.
english,burberry_2020-21_esg,CG-AA-430b.3,Labour Conditions in the Supply Chain,"Description of the greatest (1) labour and (2) environmental, health and safety risks in the supply chain",CG-AA-430b.3,22,burberry_2020-21_esg_022,no,N/A,N/A,True,Discussion and Analysis,n/a,supply chain risks|labour risks|health and safety|forced labour|child labour|working conditions|environmental risk|supplier risk,"Qualitative description of the most material labour risks (e.g. forced labour, child labour, excessive hours, wage theft, freedom of association) and environmental/health & safety risks in the supply chain, including geographic concentration and mitigation strategies."
english,burberry_2020-21_esg,CG-AA-430b.1,Labour Conditions in the Supply Chain,"Percentage of (1) Tier 1 supplier facilities and (2) supplier facilities beyond Tier 1 that have been audited to a labour code of conduct, (3) percentage of total audits conducted by a third-party auditor",CG-AA-430b.1,22,burberry_2020-21_esg_022,no,N/A,N/A,False,Quantitative,Percentage (%),labour audit|Tier 1 suppliers|beyond Tier 1|high-risk facilities|supply chain|SMETA|SA8000|fair labour|working conditions,"Percentage of supplier facilities (Tier 1 and beyond) audited to a recognised labour standard (SMETA, SA8000, Fair Trade, etc.), disaggregated by tier (1 vs. beyond 1) and risk level (all vs. high-risk)."
english,burberry_2020-21_esg,CG-AA-440a.4,Raw Materials Sourcing,"(1) Amount of priority raw materials purchased, by material, and (2) amount of each priority raw material that is certified to a third-party environmental or social standard, by standard",CG-AA-440a.4,31,burberry_2020-21_esg_031,no,100,%,False,Quantitative,Metric tons (t)|Percentage (%),raw materials|certified materials|organic cotton|BCI|FSC leather|RDS down|RWS wool|sustainable sourcing|certification,"Two values per priority material: (1) total quantity purchased (metric tons); (2) quantity or percentage certified to a sustainability standard (e.g. organic cotton, BCI cotton, RDS down, RWS wool, Leather Working Group). Report by material and by certification standard."
english,burberry_2020-21_esg,CG-AA-250a.2,Management of Chemicals in Products,Discussion of processes to assess and manage risks or hazards associated with chemicals in products,CG-AA-250a.2,32,burberry_2020-21_esg_032,no,N/A,N/A,True,Discussion and Analysis,n/a,chemical hazards|product safety|chemical risk assessment|restricted substances|ZDHC|bluesign|safer chemistry|hazard assessment,"Qualitative description of processes to proactively assess and manage chemical risks beyond compliance: hazard assessment of chemicals used in manufacturing, substitution programs for chemicals of concern, safer chemistry initiatives, and supplier capability building."
english,burberry_2020-21_esg,CG-AA-430a.1,Environmental Impacts in the Supply Chain,Percentage of (1) Tier 1 supplier facilities and (2) supplier facilities beyond Tier 1 in compliance with wastewater discharge permits or contractual agreements,CG-AA-430a.1,32,burberry_2020-21_esg_032,no,N/A,N/A,False,Quantitative,Percentage (%),supplier audit|social audit|Tier 1 suppliers|supply chain|environmental audit|SMETA|Fair Trade|responsible sourcing,"Percentage of supplier facilities audited to an environmental social audit standard, disaggregated by: (1) Tier 1 (direct suppliers) and (2) beyond Tier 1 (sub-suppliers); and by (a) all facilities and (b) high-risk facilities. Reports coverage and penetration of audit programmes."
english,burberry_2020-21_esg,CG-AA-430b.1,Labour Conditions in the Supply Chain,"Percentage of (1) Tier 1 supplier facilities and (2) supplier facilities beyond Tier 1 that have been audited to a labour code of conduct, (3) percentage of total audits conducted by a third-party auditor",CG-AA-430b.1,32,burberry_2020-21_esg_032,no,N/A,N/A,False,Quantitative,Percentage (%),labour audit|Tier 1 suppliers|beyond Tier 1|high-risk facilities|supply chain|SMETA|SA8000|fair labour|working conditions,"Percentage of supplier facilities (Tier 1 and beyond) audited to a recognised labour standard (SMETA, SA8000, Fair Trade, etc.), disaggregated by tier (1 vs. beyond 1) and risk level (all vs. high-risk)."
english,kering_sustainability_progress_report_2020_2023_7d06687606,CG-AA-430a.2,Environmental Impacts in the Supply Chain,Percentage of (1) Tier 1 supplier facilities and (2) supplier facilities beyond Tier 1 that have completed the Sustainable Apparel Coalition’s Higg Facility Environmental Module (Higg FEM) assessment or an equivalent environmental data assessment,CG-AA-430a.2,7,kering_sustainability_progress_report_2020_2023_7d06687606_007,yes,100,%,True,Quantitative,Percentage (%),environmental audit|supplier facilities|Tier 1|beyond Tier 1|high-risk|environmental compliance|supply chain audit,"Percentage of supplier facilities audited to an environmental standard, disaggregated by tier and risk level."
english,kering_sustainability_progress_report_2020_2023_7d06687606,CG-AA-440a.3,Raw Materials Sourcing,"(1) List of priority raw materials; for each priority raw material: (2) environmental or social factor(s) most likely to threaten sourcing, (3) discussion on business risks or opportunities associated with environmental or social factors and (4) management strategy for addressing business risks and opportunities",CG-AA-440a.3,7,kering_sustainability_progress_report_2020_2023_7d06687606_007,yes,95,%,True,Discussion and Analysis,n/a,priority raw materials|cotton|leather|wool|down|silk|rubber|material risk|supply chain risk|responsible sourcing|deforestation,"Three elements: (1) list of priority raw materials (e.g. cotton, leather, wool, down, silk, cashmere, rubber); (2) for each, the environmental or social risk factor (water use, deforestation, animal welfare, labour); (3) discussion of how the risk affects the business and opportunities for sustainable sourcing."
english,kering_sustainability_progress_report_2020_2023_7d06687606,CG-AA-430a.2,Environmental Impacts in the Supply Chain,Percentage of (1) Tier 1 supplier facilities and (2) supplier facilities beyond Tier 1 that have completed the Sustainable Apparel Coalition’s Higg Facility Environmental Module (Higg FEM) assessment or an equivalent environmental data assessment,CG-AA-430a.2,7,kering_sustainability_progress_report_2020_2023_7d06687606_007,yes but not complete,840,hectares,False,Quantitative,Percentage (%),environmental audit|supplier facilities|Tier 1|beyond Tier 1|high-risk|environmental compliance|supply chain audit,"Percentage of supplier facilities audited to an environmental standard, disaggregated by tier and risk level."
english,kering_sustainability_progress_report_2020_2023_7d06687606,CG-AA-440a.4,Raw Materials Sourcing,"(1) Amount of priority raw materials purchased, by material, and (2) amount of each priority raw material that is certified to a third-party environmental or social standard, by standard",CG-AA-440a.4,7,kering_sustainability_progress_report_2020_2023_7d06687606_007,yes but not complete,N/A,N/A,False,Quantitative,Metric tons (t)|Percentage (%),raw materials|certified materials|organic cotton|BCI|FSC leather|RDS down|RWS wool|sustainable sourcing|certification,"Two values per priority material: (1) total quantity purchased (metric tons); (2) quantity or percentage certified to a sustainability standard (e.g. organic cotton, BCI cotton, RDS down, RWS wool, Leather Working Group). Report by material and by certification standard."
english,kering_sustainability_progress_report_2020_2023_7d06687606,CG-AA-430a.2,Environmental Impacts in the Supply Chain,Percentage of (1) Tier 1 supplier facilities and (2) supplier facilities beyond Tier 1 that have completed the Sustainable Apparel Coalition’s Higg Facility Environmental Module (Higg FEM) assessment or an equivalent environmental data assessment,CG-AA-430a.2,8,kering_sustainability_progress_report_2020_2023_7d06687606_008,yes,90,%,True,Quantitative,Percentage (%),environmental audit|supplier facilities|Tier 1|beyond Tier 1|high-risk|environmental compliance|supply chain audit,"Percentage of supplier facilities audited to an environmental standard, disaggregated by tier and risk level."
english,kering_sustainability_progress_report_2020_2023_7d06687606,CG-AA-250a.1,Raw Materials Sourcing,"(1) List of priority raw materials; for each priority raw material: (2) environmental or social factor(s) most likely to threaten sourcing, (3) discussion on business risks or opportunities associated with environmental or social factors and (4) management strategy for addressing business risks and opportunities",CG-AA-250a.1,8,kering_sustainability_progress_report_2020_2023_7d06687606_008,yes,N/A,N/A,True,Discussion and Analysis,n/a,restricted substances|chemicals|REACH|ZDHC|RSL|MRSL|hazardous chemicals|product compliance|chemical management,"Qualitative description of: (1) processes to identify and comply with restricted substances regulations (REACH, CPSC, California Prop 65, country-specific RSLs); (2) supplier chemical management requirements (ZDHC MRSL); (3) testing and verification of compliance; (4) risk assessment for chemicals of concern."
english,kering_sustainability_progress_report_2020_2023_7d06687606,CG-AA-430a.2,Environmental Impacts in the Supply Chain,Percentage of (1) Tier 1 supplier facilities and (2) supplier facilities beyond Tier 1 that have completed the Sustainable Apparel Coalition’s Higg Facility Environmental Module (Higg FEM) assessment or an equivalent environmental data assessment,CG-AA-430a.2,9,kering_sustainability_progress_report_2020_2023_7d06687606_009,yes,71,%,True,Quantitative,Percentage (%),environmental audit|supplier facilities|Tier 1|beyond Tier 1|high-risk|environmental compliance|supply chain audit,"Percentage of supplier facilities audited to an environmental standard, disaggregated by tier and risk level."
english,kering_sustainability_progress_report_2020_2023_7d06687606,CG-AA-250a.1,Raw Materials Sourcing,"(1) List of priority raw materials; for each priority raw material: (2) environmental or social factor(s) most likely to threaten sourcing, (3) discussion on business risks or opportunities associated with environmental or social factors and (4) management strategy for addressing business risks and opportunities",CG-AA-250a.1,10,kering_sustainability_progress_report_2020_2023_7d06687606_010,yes,N/A,N/A,True,Discussion and Analysis,n/a,restricted substances|chemicals|REACH|ZDHC|RSL|MRSL|hazardous chemicals|product compliance|chemical management,"Qualitative description of: (1) processes to identify and comply with restricted substances regulations (REACH, CPSC, California Prop 65, country-specific RSLs); (2) supplier chemical management requirements (ZDHC MRSL); (3) testing and verification of compliance; (4) risk assessment for chemicals of concern."
english,kering_sustainability_progress_report_2020_2023_7d06687606,CG-AA-430b.1,Labour Conditions in the Supply Chain,"Percentage of (1) Tier 1 supplier facilities and (2) supplier facilities beyond Tier 1 that have been audited to a labour code of conduct, (3) percentage of total audits conducted by a third-party auditor",CG-AA-430b.1,19,kering_sustainability_progress_report_2020_2023_7d06687606_019,yes but not complete,"9,937",N/A,False,Quantitative,Percentage (%),labour audit|Tier 1 suppliers|beyond Tier 1|high-risk facilities|supply chain|SMETA|SA8000|fair labour|working conditions,"Percentage of supplier facilities (Tier 1 and beyond) audited to a recognised labour standard (SMETA, SA8000, Fair Trade, etc.), disaggregated by tier (1 vs. beyond 1) and risk level (all vs. high-risk)."
english,kering_sustainability_progress_report_2020_2023_7d06687606,CG-AA-430a.2,Environmental Impacts in the Supply Chain,Percentage of (1) Tier 1 supplier facilities and (2) supplier facilities beyond Tier 1 that have completed the Sustainable Apparel Coalition’s Higg Facility Environmental Module (Higg FEM) assessment or an equivalent environmental data assessment,CG-AA-430a.2,28,kering_sustainability_progress_report_2020_2023_7d06687606_028,yes but not complete,N/A,N/A,False,Quantitative,Percentage (%),environmental audit|supplier facilities|Tier 1|beyond Tier 1|high-risk|environmental compliance|supply chain audit,"Percentage of supplier facilities audited to an environmental standard, disaggregated by tier and risk level."
english,kering_sustainability_progress_report_2020_2023_7d06687606,CG-AA-430a.2,Environmental Impacts in the Supply Chain,Percentage of (1) Tier 1 supplier facilities and (2) supplier facilities beyond Tier 1 that have completed the Sustainable Apparel Coalition’s Higg Facility Environmental Module (Higg FEM) assessment or an equivalent environmental data assessment,CG-AA-430a.2,10,kering_sustainability_progress_report_2020_2023_7d06687606_010,no,100,%,True,Quantitative,Percentage (%),environmental audit|supplier facilities|Tier 1|beyond Tier 1|high-risk|environmental compliance|supply chain audit,"Percentage of supplier facilities audited to an environmental standard, disaggregated by tier and risk level."
english,kering_sustainability_progress_report_2020_2023_7d06687606,CG-AA-440a.3,Raw Materials Sourcing,"(1) List of priority raw materials; for each priority raw material: (2) environmental or social factor(s) most likely to threaten sourcing, (3) discussion on business risks or opportunities associated with environmental or social factors and (4) management strategy for addressing business risks and opportunities",CG-AA-440a.3,8,kering_sustainability_progress_report_2020_2023_7d06687606_008,no,95,%,True,Discussion and Analysis,n/a,priority raw materials|cotton|leather|wool|down|silk|rubber|material risk|supply chain risk|responsible sourcing|deforestation,"Three elements: (1) list of priority raw materials (e.g. cotton, leather, wool, down, silk, cashmere, rubber); (2) for each, the environmental or social risk factor (water use, deforestation, animal welfare, labour); (3) discussion of how the risk affects the business and opportunities for sustainable sourcing."
english,kering_sustainability_progress_report_2020_2023_7d06687606,CG-AA-440a.4,Raw Materials Sourcing,"(1) Amount of priority raw materials purchased, by material, and (2) amount of each priority raw material that is certified to a third-party environmental or social standard, by standard",CG-AA-440a.4,8,kering_sustainability_progress_report_2020_2023_7d06687606_008,no,N/A,N/A,False,Quantitative,Metric tons (t)|Percentage (%),raw materials|certified materials|organic cotton|BCI|FSC leather|RDS down|RWS wool|sustainable sourcing|certification,"Two values per priority material: (1) total quantity purchased (metric tons); (2) quantity or percentage certified to a sustainability standard (e.g. organic cotton, BCI cotton, RDS down, RWS wool, Leather Working Group). Report by material and by certification standard."
english,kering_sustainability_progress_report_2020_2023_7d06687606,CG-AA-250a.1,Raw Materials Sourcing,"(1) List of priority raw materials; for each priority raw material: (2) environmental or social factor(s) most likely to threaten sourcing, (3) discussion on business risks or opportunities associated with environmental or social factors and (4) management strategy for addressing business risks and opportunities",CG-AA-250a.1,9,kering_sustainability_progress_report_2020_2023_7d06687606_009,no,N/A,N/A,True,Discussion and Analysis,n/a,restricted substances|chemicals|REACH|ZDHC|RSL|MRSL|hazardous chemicals|product compliance|chemical management,"Qualitative description of: (1) processes to identify and comply with restricted substances regulations (REACH, CPSC, California Prop 65, country-specific RSLs); (2) supplier chemical management requirements (ZDHC MRSL); (3) testing and verification of compliance; (4) risk assessment for chemicals of concern."
english,kering_sustainability_progress_report_2020_2023_7d06687606,CG-AA-430a.2,Environmental Impacts in the Supply Chain,Percentage of (1) Tier 1 supplier facilities and (2) supplier facilities beyond Tier 1 that have completed the Sustainable Apparel Coalition’s Higg Facility Environmental Module (Higg FEM) assessment or an equivalent environmental data assessment,CG-AA-430a.2,22,kering_sustainability_progress_report_2020_2023_7d06687606_022,no,19,%,True,Quantitative,Percentage (%),environmental audit|supplier facilities|Tier 1|beyond Tier 1|high-risk|environmental compliance|supply chain audit,"Percentage of supplier facilities audited to an environmental standard, disaggregated by tier and risk level."
english,esgreport2022,FN-CB-240a.1,Financial Inclusion & Capacity Building,(1) Number and (2) amount of loans outstanding that qualify for programmes designed to promote small business and community development 2,FN-CB-240a.1,9,esgreport2022_009,yes,177 million,R,True,Quantitative,Number|Presentation currency,community development loan|small business loan|financial inclusion|low-income|moderate-income|CDFI|microfinance|community development finance,Two values: (1) total NUMBER of qualifying loans outstanding; (2) total AMOUNT outstanding in presentation currency. Scope includes community development loans (low/moderate-income) and small business loans (including farms). EXCLUDES personal expenditures and residential property loans.
english,esgreport2022,FN-CB-230a.2,Data Security,Description of approach to identifying and addressing data security risks,FN-CB-230a.2,11,esgreport2022_011,yes,N/A,N/A,True,Discussion and Analysis,n/a,data security risk|cybersecurity|vulnerability|ransomware|ISO/IEC 27000|NIST|mobile banking|cyber threats|attack vectors,"Qualitative description of approach to: identifying vulnerabilities, managing data security risks, observed cyber threat trends, breach disclosure policies, alignment with frameworks (ISO/IEC 2700, NIST, NYCRR 500, OCC), emerging threats (mobile banking, ransomware, loan stacking)."
english,esgreport2022,FN-CB-510a.2,Business Ethics,Description of whistleblower policies and procedures,FN-CB-510a.2,20,esgreport2022_020,yes,N/A,N/A,True,Discussion and Analysis,n/a,whistleblower|compliance programme|hotline|reporting violations|whistleblower incentives|internal controls|ethics,"Qualitative description of whistleblower programme including: internal compliance programmes, hotline details (independent third party?), publication of hotline number, incentives for reporting, methods for submitting tips, applicable jurisdictional regulations, violations and corrective actions."
english,esgreport2022,FN-CB-410a.2,"Incorporation of Environmental, Social, and Governance Factors in Credit Analysis","Description of approach to incorporation of environmental, social and governance (ESG) factors in credit analysis",FN-CB-410a.2,21,esgreport2022_021,yes,N/A,N/A,True,Discussion and Analysis,n/a,ESG|credit analysis|environmental factors|social factors|governance|creditworthiness|climate risk|Equator Principles|ESRM|carbon-related assets,"Qualitative description of how ESG factors are incorporated in credit analysis for commercial/industrial lending and project finance. Must cover: policies, responsible parties, ESG research approach, oversight, scenario analysis, credit loss estimation, significant ESG concentrations."
english,esgreport2022,FN-CB-510a.2,Business Ethics,Description of whistleblower policies and procedures,FN-CB-510a.2,21,esgreport2022_021,yes,N/A,N/A,True,Discussion and Analysis,n/a,whistleblower|compliance programme|hotline|reporting violations|whistleblower incentives|internal controls|ethics,"Qualitative description of whistleblower programme including: internal compliance programmes, hotline details (independent third party?), publication of hotline number, incentives for reporting, methods for submitting tips, applicable jurisdictional regulations, violations and corrective actions."
english,esgreport2022,FN-CB-510a.2,Business Ethics,Description of whistleblower policies and procedures,FN-CB-510a.2,22,esgreport2022_022,yes,N/A,N/A,True,Discussion and Analysis,n/a,whistleblower|compliance programme|hotline|reporting violations|whistleblower incentives|internal controls|ethics,"Qualitative description of whistleblower programme including: internal compliance programmes, hotline details (independent third party?), publication of hotline number, incentives for reporting, methods for submitting tips, applicable jurisdictional regulations, violations and corrective actions."
english,esgreport2022,FN-CB-510a.1,Business Ethics,"Total amount of monetary losses as a result of legal proceedings associated with fraud, insider trading, antitrust, anti-competitive behaviour, market manipulation, malpractice, or other related financial industry laws or regulations 4",FN-CB-510a.1,29,esgreport2022_029,yes,2.95 million,R,True,Quantitative,Presentation currency,monetary losses|legal proceedings|fraud|insider trading|anti-trust|market manipulation|malpractice|regulatory fines|settlements,"Total monetary losses (fines, penalties, settlements, judgements) from legal proceedings related to fraud, insider trading, anti-trust violations, market manipulation, malpractice, and other financial industry legal/regulatory violations. EXCLUDES legal defence costs."
english,esgreport2022,FN-CB-230a.1,Data Security,"(1) Number of data breaches, (2) percentage that are personal data breaches, (3) number of account holders affected 1",FN-CB-230a.1,32,esgreport2022_032,yes but not complete,N/A,N/A,False,Quantitative,Number|Percentage (%),data breach|personal data breach|account holders affected|cybersecurity|information systems|unauthorised access|encryption,Three values: (1) total number of data breaches; (2) percentage that are personal data breaches (involving personal data destruction/loss/alteration/disclosure); (3) number of unique account holders affected by personal breaches. Must also describe corrective actions taken.
english,esgreport2022,FN-CB-230a.2,Data Security,Description of approach to identifying and addressing data security risks,FN-CB-230a.2,32,esgreport2022_032,yes,N/A,N/A,True,Discussion and Analysis,n/a,data security risk|cybersecurity|vulnerability|ransomware|ISO/IEC 27000|NIST|mobile banking|cyber threats|attack vectors,"Qualitative description of approach to: identifying vulnerabilities, managing data security risks, observed cyber threat trends, breach disclosure policies, alignment with frameworks (ISO/IEC 2700, NIST, NYCRR 500, OCC), emerging threats (mobile banking, ransomware, loan stacking)."
english,esgreport2022,FN-CB-230a.2,Data Security,Description of approach to identifying and addressing data security risks,FN-CB-230a.2,36,esgreport2022_036,yes,N/A,N/A,True,Discussion and Analysis,n/a,data security risk|cybersecurity|vulnerability|ransomware|ISO/IEC 27000|NIST|mobile banking|cyber threats|attack vectors,"Qualitative description of approach to: identifying vulnerabilities, managing data security risks, observed cyber threat trends, breach disclosure policies, alignment with frameworks (ISO/IEC 2700, NIST, NYCRR 500, OCC), emerging threats (mobile banking, ransomware, loan stacking)."
english,esgreport2022,FN-CB-230a.1,Data Security,"(1) Number of data breaches, (2) percentage that are personal data breaches, (3) number of account holders affected 1",FN-CB-230a.1,38,esgreport2022_038,yes,4,data privacy breaches,True,Quantitative,Number|Percentage (%),data breach|personal data breach|account holders affected|cybersecurity|information systems|unauthorised access|encryption,Three values: (1) total number of data breaches; (2) percentage that are personal data breaches (involving personal data destruction/loss/alteration/disclosure); (3) number of unique account holders affected by personal breaches. Must also describe corrective actions taken.
english,esgreport2022,FN-CB-230a.1,Data Security,"(1) Number of data breaches, (2) percentage that are personal data breaches, (3) number of account holders affected 1",FN-CB-230a.1,38,esgreport2022_038,yes but not complete,N/A,N/A,False,Quantitative,Number|Percentage (%),data breach|personal data breach|account holders affected|cybersecurity|information systems|unauthorised access|encryption,Three values: (1) total number of data breaches; (2) percentage that are personal data breaches (involving personal data destruction/loss/alteration/disclosure); (3) number of unique account holders affected by personal breaches. Must also describe corrective actions taken.
english,esgreport2022,FN-CB-230a.2,Data Security,Description of approach to identifying and addressing data security risks,FN-CB-230a.2,38,esgreport2022_038,yes,N/A,N/A,True,Discussion and Analysis,n/a,data security risk|cybersecurity|vulnerability|ransomware|ISO/IEC 27000|NIST|mobile banking|cyber threats|attack vectors,"Qualitative description of approach to: identifying vulnerabilities, managing data security risks, observed cyber threat trends, breach disclosure policies, alignment with frameworks (ISO/IEC 2700, NIST, NYCRR 500, OCC), emerging threats (mobile banking, ransomware, loan stacking)."
english,esgreport2022,FN-CB-410a.2,"Incorporation of Environmental, Social, and Governance Factors in Credit Analysis","Description of approach to incorporation of environmental, social and governance (ESG) factors in credit analysis",FN-CB-410a.2,80,esgreport2022_080,yes,4890,transactions,True,Discussion and Analysis,n/a,ESG|credit analysis|environmental factors|social factors|governance|creditworthiness|climate risk|Equator Principles|ESRM|carbon-related assets,"Qualitative description of how ESG factors are incorporated in credit analysis for commercial/industrial lending and project finance. Must cover: policies, responsible parties, ESG research approach, oversight, scenario analysis, credit loss estimation, significant ESG concentrations."
english,esgreport2022,FN-CB-230a.2,Data Security,Description of approach to identifying and addressing data security risks,FN-CB-230a.2,80,esgreport2022_080,yes,147,employees,True,Discussion and Analysis,n/a,data security risk|cybersecurity|vulnerability|ransomware|ISO/IEC 27000|NIST|mobile banking|cyber threats|attack vectors,"Qualitative description of approach to: identifying vulnerabilities, managing data security risks, observed cyber threat trends, breach disclosure policies, alignment with frameworks (ISO/IEC 2700, NIST, NYCRR 500, OCC), emerging threats (mobile banking, ransomware, loan stacking)."
english,esgreport2022,FN-CB-230a.2,Data Security,Description of approach to identifying and addressing data security risks,FN-CB-230a.2,12,esgreport2022_012,no,N/A,N/A,True,Discussion and Analysis,n/a,data security risk|cybersecurity|vulnerability|ransomware|ISO/IEC 27000|NIST|mobile banking|cyber threats|attack vectors,"Qualitative description of approach to: identifying vulnerabilities, managing data security risks, observed cyber threat trends, breach disclosure policies, alignment with frameworks (ISO/IEC 2700, NIST, NYCRR 500, OCC), emerging threats (mobile banking, ransomware, loan stacking)."
english,esgreport2022,FN-CB-510a.2,Business Ethics,Description of whistleblower policies and procedures,FN-CB-510a.2,23,esgreport2022_023,no,N/A,N/A,True,Discussion and Analysis,n/a,whistleblower|compliance programme|hotline|reporting violations|whistleblower incentives|internal controls|ethics,"Qualitative description of whistleblower programme including: internal compliance programmes, hotline details (independent third party?), publication of hotline number, incentives for reporting, methods for submitting tips, applicable jurisdictional regulations, violations and corrective actions."
english,esgreport2022,FN-CB-410a.2,"Incorporation of Environmental, Social, and Governance Factors in Credit Analysis","Description of approach to incorporation of environmental, social and governance (ESG) factors in credit analysis",FN-CB-410a.2,22,esgreport2022_022,no,N/A,N/A,True,Discussion and Analysis,n/a,ESG|credit analysis|environmental factors|social factors|governance|creditworthiness|climate risk|Equator Principles|ESRM|carbon-related assets,"Qualitative description of how ESG factors are incorporated in credit analysis for commercial/industrial lending and project finance. Must cover: policies, responsible parties, ESG research approach, oversight, scenario analysis, credit loss estimation, significant ESG concentrations."
english,esgreport2022,FN-CB-230a.2,Data Security,Description of approach to identifying and addressing data security risks,FN-CB-230a.2,37,esgreport2022_037,no,N/A,N/A,True,Discussion and Analysis,n/a,data security risk|cybersecurity|vulnerability|ransomware|ISO/IEC 27000|NIST|mobile banking|cyber threats|attack vectors,"Qualitative description of approach to: identifying vulnerabilities, managing data security risks, observed cyber threat trends, breach disclosure policies, alignment with frameworks (ISO/IEC 2700, NIST, NYCRR 500, OCC), emerging threats (mobile banking, ransomware, loan stacking)."
english,esgreport2022,FN-CB-550a.2,Systemic Risk Management,"Description of approach to integrate results of mandatory and voluntary stress tests into capital adequacy planning, long-term corporate strategy, and other business activities",FN-CB-550a.2,82,esgreport2022_082,no,N/A,N/A,True,Discussion and Analysis,n/a,stress test|capital adequacy|capital planning|ESG strategy|systemic risk|long-term strategy|regulatory stress test,Qualitative discussion of how mandatory and voluntary stress test results are integrated into capital planning and long-term corporate strategy. Must also discuss how stress test results inform ESG strategy.
english,esgreport2022,FN-CB-410a.2,"Incorporation of Environmental, Social, and Governance Factors in Credit Analysis","Description of approach to incorporation of environmental, social and governance (ESG) factors in credit analysis",FN-CB-410a.2,99,esgreport2022_099,no,N/A,N/A,True,Discussion and Analysis,n/a,ESG|credit analysis|environmental factors|social factors|governance|creditworthiness|climate risk|Equator Principles|ESRM|carbon-related assets,"Qualitative description of how ESG factors are incorporated in credit analysis for commercial/industrial lending and project finance. Must cover: policies, responsible parties, ESG research approach, oversight, scenario analysis, credit loss estimation, significant ESG concentrations."
english,esgreport2022,FN-CB-550a.2,Systemic Risk Management,"Description of approach to integrate results of mandatory and voluntary stress tests into capital adequacy planning, long-term corporate strategy, and other business activities",FN-CB-550a.2,99,esgreport2022_099,no,N/A,N/A,True,Discussion and Analysis,n/a,stress test|capital adequacy|capital planning|ESG strategy|systemic risk|long-term strategy|regulatory stress test,Qualitative discussion of how mandatory and voluntary stress test results are integrated into capital planning and long-term corporate strategy. Must also discuss how stress test results inform ESG strategy.
english,esg-report-2022-final_ada,FN-CB-410a.2,"Incorporation of Environmental, Social, and Governance Factors in Credit Analysis","Description of approach to incorporation of environmental, social and governance (ESG) factors in credit analysis",FN-CB-410a.2,21,esg-report-2022-final_ada_021,yes,N/A,N/A,True,Discussion and Analysis,n/a,ESG|credit analysis|environmental factors|social factors|governance|creditworthiness|climate risk|Equator Principles|ESRM|carbon-related assets,"Qualitative description of how ESG factors are incorporated in credit analysis for commercial/industrial lending and project finance. Must cover: policies, responsible parties, ESG research approach, oversight, scenario analysis, credit loss estimation, significant ESG concentrations."
english,esg-report-2022-final_ada,FN-CB-230a.2,Data Security,Description of approach to identifying and addressing data security risks,FN-CB-230a.2,22,esg-report-2022-final_ada_022,yes,N/A,N/A,True,Discussion and Analysis,n/a,data security risk|cybersecurity|vulnerability|ransomware|ISO/IEC 27000|NIST|mobile banking|cyber threats|attack vectors,"Qualitative description of approach to: identifying vulnerabilities, managing data security risks, observed cyber threat trends, breach disclosure policies, alignment with frameworks (ISO/IEC 2700, NIST, NYCRR 500, OCC), emerging threats (mobile banking, ransomware, loan stacking)."
english,esg-report-2022-final_ada,FN-CB-230a.2,Data Security,Description of approach to identifying and addressing data security risks,FN-CB-230a.2,25,esg-report-2022-final_ada_025,yes,N/A,N/A,True,Discussion and Analysis,n/a,data security risk|cybersecurity|vulnerability|ransomware|ISO/IEC 27000|NIST|mobile banking|cyber threats|attack vectors,"Qualitative description of approach to: identifying vulnerabilities, managing data security risks, observed cyber threat trends, breach disclosure policies, alignment with frameworks (ISO/IEC 2700, NIST, NYCRR 500, OCC), emerging threats (mobile banking, ransomware, loan stacking)."
english,esg-report-2022-final_ada,FN-CB-410a.2,"Incorporation of Environmental, Social, and Governance Factors in Credit Analysis","Description of approach to incorporation of environmental, social and governance (ESG) factors in credit analysis",FN-CB-410a.2,41,esg-report-2022-final_ada_041,yes,N/A,N/A,True,Discussion and Analysis,n/a,ESG|credit analysis|environmental factors|social factors|governance|creditworthiness|climate risk|Equator Principles|ESRM|carbon-related assets,"Qualitative description of how ESG factors are incorporated in credit analysis for commercial/industrial lending and project finance. Must cover: policies, responsible parties, ESG research approach, oversight, scenario analysis, credit loss estimation, significant ESG concentrations."
english,esg-report-2022-final_ada,FN-CB-240a.1,Financial Inclusion & Capacity Building,(1) Number and (2) amount of loans outstanding that qualify for programmes designed to promote small business and community development,FN-CB-240a.1,64,esg-report-2022-final_ada_064,yes but not complete,N/A,N/A,False,Quantitative,Number|Presentation currency,community development loan|small business loan|financial inclusion|low-income|moderate-income|CDFI|microfinance|community development finance,Two values: (1) total NUMBER of qualifying loans outstanding; (2) total AMOUNT outstanding in presentation currency. Scope includes community development loans (low/moderate-income) and small business loans (including farms). EXCLUDES personal expenditures and residential property loans.
english,esg-report-2022-final_ada,FN-CB-240a.4,Financial Inclusion & Capacity Building,"Number of participants in financial literacy initiatives for unbanked, underbanked, or underserved customers",FN-CB-240a.4,64,esg-report-2022-final_ada_064,yes but not complete,30,students,False,Quantitative,Number,financial literacy|unbanked|underbanked|underserved|financial education|workshops|seminars|counselling,"Total number of unique individuals documented as participating in at least one financial literacy initiative during reporting period. Includes both direct and third-party initiatives contracted by the entity. Covers retail AND commercial customers (SMEs, minority-owned businesses)."
english,esg-report-2022-final_ada,FN-CB-240a.4,Financial Inclusion & Capacity Building,"Number of participants in financial literacy initiatives for unbanked, underbanked, or underserved customers",FN-CB-240a.4,64,esg-report-2022-final_ada_064,yes,N/A,N/A,True,Quantitative,Number,financial literacy|unbanked|underbanked|underserved|financial education|workshops|seminars|counselling,"Total number of unique individuals documented as participating in at least one financial literacy initiative during reporting period. Includes both direct and third-party initiatives contracted by the entity. Covers retail AND commercial customers (SMEs, minority-owned businesses)."
english,esg-report-2022-final_ada,FN-CB-240a.4,Financial Inclusion & Capacity Building,"Number of participants in financial literacy initiatives for unbanked, underbanked, or underserved customers",FN-CB-240a.4,65,esg-report-2022-final_ada_065,yes,895,individuals,True,Quantitative,Number,financial literacy|unbanked|underbanked|underserved|financial education|workshops|seminars|counselling,"Total number of unique individuals documented as participating in at least one financial literacy initiative during reporting period. Includes both direct and third-party initiatives contracted by the entity. Covers retail AND commercial customers (SMEs, minority-owned businesses)."
english,esg-report-2022-final_ada,FN-CB-240a.1,Financial Inclusion & Capacity Building,(1) Number and (2) amount of loans outstanding that qualify for programmes designed to promote small business and community development,FN-CB-240a.1,65,esg-report-2022-final_ada_065,yes but not complete,N/A,N/A,False,Quantitative,Number|Presentation currency,community development loan|small business loan|financial inclusion|low-income|moderate-income|CDFI|microfinance|community development finance,Two values: (1) total NUMBER of qualifying loans outstanding; (2) total AMOUNT outstanding in presentation currency. Scope includes community development loans (low/moderate-income) and small business loans (including farms). EXCLUDES personal expenditures and residential property loans.
english,esg-report-2022-final_ada,FN-CB-410a.2,"Incorporation of Environmental, Social, and Governance Factors in Credit Analysis","Description of approach to incorporation of environmental, social and governance (ESG) factors in credit analysis",FN-CB-410a.2,21,esg-report-2022-final_ada_021,yes,N/A,N/A,True,Discussion and Analysis,n/a,ESG|credit analysis|environmental factors|social factors|governance|creditworthiness|climate risk|Equator Principles|ESRM|carbon-related assets,"Qualitative description of how ESG factors are incorporated in credit analysis for commercial/industrial lending and project finance. Must cover: policies, responsible parties, ESG research approach, oversight, scenario analysis, credit loss estimation, significant ESG concentrations."
english,esg-report-2022-final_ada,FN-CB-230a.1,Data Security,"(1) Number of data breaches, (2) percentage that are personal data breaches, (3) number of account holders affected",FN-CB-230a.1,76,esg-report-2022-final_ada_076,yes,"11,000",clients,True,Quantitative,Number|Percentage (%),data breach|personal data breach|account holders affected|cybersecurity|information systems|unauthorised access|encryption,Three values: (1) total number of data breaches; (2) percentage that are personal data breaches (involving personal data destruction/loss/alteration/disclosure); (3) number of unique account holders affected by personal breaches. Must also describe corrective actions taken.
english,esg-report-2022-final_ada,FN-CB-410a.2,"Incorporation of Environmental, Social, and Governance Factors in Credit Analysis","Description of approach to incorporation of environmental, social and governance (ESG) factors in credit analysis",FN-CB-410a.2,22,esg-report-2022-final_ada_022,no,N/A,N/A,True,Discussion and Analysis,n/a,ESG|credit analysis|environmental factors|social factors|governance|creditworthiness|climate risk|Equator Principles|ESRM|carbon-related assets,"Qualitative description of how ESG factors are incorporated in credit analysis for commercial/industrial lending and project finance. Must cover: policies, responsible parties, ESG research approach, oversight, scenario analysis, credit loss estimation, significant ESG concentrations."
english,esg-report-2022-final_ada,FN-CB-240a.1,Financial Inclusion & Capacity Building,(1) Number and (2) amount of loans outstanding that qualify for programmes designed to promote small business and community development,FN-CB-240a.1,41,esg-report-2022-final_ada_041,no,"2,7 billion",USD,True,Quantitative,Number|Presentation currency,community development loan|small business loan|financial inclusion|low-income|moderate-income|CDFI|microfinance|community development finance,Two values: (1) total NUMBER of qualifying loans outstanding; (2) total AMOUNT outstanding in presentation currency. Scope includes community development loans (low/moderate-income) and small business loans (including farms). EXCLUDES personal expenditures and residential property loans.
english,esg-report-2022-final_ada,FN-CB-240a.1,Financial Inclusion & Capacity Building,(1) Number and (2) amount of loans outstanding that qualify for programmes designed to promote small business and community development,FN-CB-240a.1,44,esg-report-2022-final_ada_044,no,967 million,$,True,Quantitative,Number|Presentation currency,community development loan|small business loan|financial inclusion|low-income|moderate-income|CDFI|microfinance|community development finance,Two values: (1) total NUMBER of qualifying loans outstanding; (2) total AMOUNT outstanding in presentation currency. Scope includes community development loans (low/moderate-income) and small business loans (including farms). EXCLUDES personal expenditures and residential property loans.
english,esg-report-2022-final_ada,FN-CB-240a.1,Financial Inclusion & Capacity Building,(1) Number and (2) amount of loans outstanding that qualify for programmes designed to promote small business and community development,FN-CB-240a.1,48,esg-report-2022-final_ada_048,no,828 million,$,True,Quantitative,Number|Presentation currency,community development loan|small business loan|financial inclusion|low-income|moderate-income|CDFI|microfinance|community development finance,Two values: (1) total NUMBER of qualifying loans outstanding; (2) total AMOUNT outstanding in presentation currency. Scope includes community development loans (low/moderate-income) and small business loans (including farms). EXCLUDES personal expenditures and residential property loans.
english,esg-report-2022-final_ada,FN-CB-240a.1,Financial Inclusion & Capacity Building,(1) Number and (2) amount of loans outstanding that qualify for programmes designed to promote small business and community development,FN-CB-240a.1,58,esg-report-2022-final_ada_058,no,"2,385",community development loans,True,Quantitative,Number|Presentation currency,community development loan|small business loan|financial inclusion|low-income|moderate-income|CDFI|microfinance|community development finance,Two values: (1) total NUMBER of qualifying loans outstanding; (2) total AMOUNT outstanding in presentation currency. Scope includes community development loans (low/moderate-income) and small business loans (including farms). EXCLUDES personal expenditures and residential property loans.
english,esg-report-2022-final_ada,FN-CB-240a.1,Financial Inclusion & Capacity Building,(1) Number and (2) amount of loans outstanding that qualify for programmes designed to promote small business and community development,FN-CB-240a.1,61,esg-report-2022-final_ada_061,no,1.77 million,$,True,Quantitative,Number|Presentation currency,community development loan|small business loan|financial inclusion|low-income|moderate-income|CDFI|microfinance|community development finance,Two values: (1) total NUMBER of qualifying loans outstanding; (2) total AMOUNT outstanding in presentation currency. Scope includes community development loans (low/moderate-income) and small business loans (including farms). EXCLUDES personal expenditures and residential property loans.
english,esg-report-2022-final_ada,FN-CB-240a.4,Financial Inclusion & Capacity Building,"Number of participants in financial literacy initiatives for unbanked, underbanked, or underserved customers",FN-CB-240a.4,66,esg-report-2022-final_ada_066,no,"54,000",people,True,Quantitative,Number,financial literacy|unbanked|underbanked|underserved|financial education|workshops|seminars|counselling,"Total number of unique individuals documented as participating in at least one financial literacy initiative during reporting period. Includes both direct and third-party initiatives contracted by the entity. Covers retail AND commercial customers (SMEs, minority-owned businesses)."
english,esg-report-2022-final_ada,FN-CB-240a.1,Financial Inclusion & Capacity Building,(1) Number and (2) amount of loans outstanding that qualify for programmes designed to promote small business and community development,FN-CB-240a.1,66,esg-report-2022-final_ada_066,no,N/A,N/A,False,Quantitative,Number|Presentation currency,community development loan|small business loan|financial inclusion|low-income|moderate-income|CDFI|microfinance|community development finance,Two values: (1) total NUMBER of qualifying loans outstanding; (2) total AMOUNT outstanding in presentation currency. Scope includes community development loans (low/moderate-income) and small business loans (including farms). EXCLUDES personal expenditures and residential property loans.
english,esg-report-2022-final_ada,FN-CB-410a.2,"Incorporation of Environmental, Social, and Governance Factors in Credit Analysis","Description of approach to incorporation of environmental, social and governance (ESG) factors in credit analysis",FN-CB-410a.2,22,esg-report-2022-final_ada_022,no,N/A,N/A,True,Discussion and Analysis,n/a,ESG|credit analysis|environmental factors|social factors|governance|creditworthiness|climate risk|Equator Principles|ESRM|carbon-related assets,"Qualitative description of how ESG factors are incorporated in credit analysis for commercial/industrial lending and project finance. Must cover: policies, responsible parties, ESG research approach, oversight, scenario analysis, credit loss estimation, significant ESG concentrations."
english,esg-report-2022-final_ada,FN-CB-230a.1,Data Security,"(1) Number of data breaches, (2) percentage that are personal data breaches, (3) number of account holders affected",FN-CB-230a.1,77,esg-report-2022-final_ada_077,no,"11,000",clients,True,Quantitative,Number|Percentage (%),data breach|personal data breach|account holders affected|cybersecurity|information systems|unauthorised access|encryption,Three values: (1) total number of data breaches; (2) percentage that are personal data breaches (involving personal data destruction/loss/alteration/disclosure); (3) number of unique account holders affected by personal breaches. Must also describe corrective actions taken.
english,cannickel-esg-report2023-print,EM-MM-210b.1,Community Relations,Discussion of process to manage risks and opportunities associated with community rights and interests,EM-MM-210b.1,26,cannickel-esg-report2023-print_026,yes,N/A,N/A,True,Discussion and Analysis,n/a,community relations|social licence|community impact|stakeholder engagement|community investment|resettlement|community development|social risk,"Qualitative description of: processes to identify and manage community risks and opportunities, stakeholder engagement programs, community investment initiatives, resettlement policies, grievance mechanisms, and social impact assessment."
english,cannickel-esg-report2023-print,EM-MM-210a.3,"Security, Human Rights & Rights of Indigenous Peoples","Discussion of engagement processes and due diligence practices with respect to human rights, indigenous rights, and operation in areas of conflict",EM-MM-210a.3,27,cannickel-esg-report2023-print_027,yes,N/A,N/A,True,Discussion and Analysis,n/a,human rights|indigenous peoples|FPIC|free prior informed consent|conflict zones|security forces|community rights|land rights|Voluntary Principles,"Qualitative description of: human rights due diligence processes, engagement with indigenous communities (FPIC), management of security forces in line with Voluntary Principles on Security and Human Rights, identification and management of conflict-affected areas, and grievance mechanisms."
english,cannickel-esg-report2023-print,EM-MM-160a.1,Biodiversity Impacts,Description of environmental management policies and practices for active sites,EM-MM-160a.1,44,cannickel-esg-report2023-print_044,yes,N/A,N/A,True,Discussion and Analysis,n/a,biodiversity|environmental management|habitat|protected areas|land rehabilitation|reclamation|environmental impact assessment|mine closure,"Qualitative description of: environmental management policies and practices at active mine sites including biodiversity management plans, habitat surveys, protected area proximity management, progressive rehabilitation, closure planning, and compliance with environmental permits."
english,cannickel-esg-report2023-print,EM-MM-130a.1,Energy Management,"(1) Total energy consumed, (2) percentage grid electricity and (3) percentage renewable",EM-MM-130a.1,46,cannickel-esg-report2023-print_046,yes but not complete,145,kW/h,False,Quantitative,Gigajoules (GJ)|Percentage (%),energy consumption|grid electricity|renewable energy|energy management|mining energy|smelting energy|energy intensity,"Three values: (1) total energy consumed across all operations in GJ (electricity, diesel, coal, gas, etc.); (2) percentage that is grid electricity; (3) percentage from renewable sources. Mining and smelting are highly energy-intensive."
english,cannickel-esg-report2023-print,EM-MM-140a.1,Water Management,"(1) Total water withdrawn, (2) total water consumed; percentage of each in regions with High or Extremely High Baseline Water Stress",EM-MM-140a.1,47,cannickel-esg-report2023-print_047,yes but not complete,21.7,ML (megalitres),False,Quantitative,Thousand cubic metres (m³)|Percentage (%),water withdrawal|water consumption|water stress|WRI Aqueduct|mine water|tailings water|water recycling|water intensity,Two paired values: (1) total water withdrawn in thousand m³ + percentage from High/Extremely High Baseline Water Stress regions; (2) total water consumed + same percentage breakdown. Mining operations in arid regions face elevated water risk.
english,cannickel-esg-report2023-print,EM-MM-140a.1,Water Management,"(1) Total water withdrawn, (2) total water consumed; percentage of each in regions with High or Extremely High Baseline Water Stress",EM-MM-140a.1,54,cannickel-esg-report2023-print_054,yes but not complete,0,megalitres,False,Quantitative,Thousand cubic metres (m³)|Percentage (%),water withdrawal|water consumption|water stress|WRI Aqueduct|mine water|tailings water|water recycling|water intensity,Two paired values: (1) total water withdrawn in thousand m³ + percentage from High/Extremely High Baseline Water Stress regions; (2) total water consumed + same percentage breakdown. Mining operations in arid regions face elevated water risk.
english,cannickel-esg-report2023-print,EM-MM-210a.3,"Security, Human Rights & Rights of Indigenous Peoples","Discussion of engagement processes and due diligence practices with respect to human rights, indigenous rights, and operation in areas of conflict",EM-MM-210a.3,11,cannickel-esg-report2023-print_011,no,N/A,N/A,True,Discussion and Analysis,n/a,human rights|indigenous peoples|FPIC|free prior informed consent|conflict zones|security forces|community rights|land rights|Voluntary Principles,"Qualitative description of: human rights due diligence processes, engagement with indigenous communities (FPIC), management of security forces in line with Voluntary Principles on Security and Human Rights, identification and management of conflict-affected areas, and grievance mechanisms."
english,cannickel-esg-report2023-print,EM-MM-210b.1,Community Relations,Discussion of process to manage risks and opportunities associated with community rights and interests,EM-MM-210b.1,27,cannickel-esg-report2023-print_027,no,N/A,N/A,True,Discussion and Analysis,n/a,community relations|social licence|community impact|stakeholder engagement|community investment|resettlement|community development|social risk,"Qualitative description of: processes to identify and manage community risks and opportunities, stakeholder engagement programs, community investment initiatives, resettlement policies, grievance mechanisms, and social impact assessment."
english,cannickel-esg-report2023-print,EM-MM-120a.1,Air Quality,"Air emissions of the following pollutants: (1) CO, (2) NOx (excluding N2O), (3) SOx, (4) particulate matter (PM10), (5) mercury (Hg), (6) lead (Pb), and (7) volatile organic compounds (VOCs)",EM-MM-120a.1,34,cannickel-esg-report2023-print_034,no,N/A,N/A,False,Quantitative,Metric tons (t),air emissions|CO|NOx|SOx|particulate matter|PM10|mercury|lead|VOCs|air quality|smelter emissions|dust,"Seven separate values, each in metric tons: CO, NOx (excluding N2O), SOx, PM10, mercury (Hg), lead (Pb), and VOCs. Report only pollutants relevant to operations. Smelting operations typically have higher SOx and heavy metal emissions."
english,cannickel-esg-report2023-print,EM-MM-320a.1,Workforce Health & Safety,"(1) All-incidence rate, (2) fatality rate, (3) near miss frequency rate (NMFR) and (4) average hours of health, safety, and emergency response training for (a) direct employees and (b) contract employees",EM-MM-320a.1,36,cannickel-esg-report2023-print_036,no,0,N/A,False,Quantitative,Rate|Hours,all-incidence rate|AIR|fatality rate|near miss|NMFR|safety training|occupational health|lost time injury|TRIFR,"Four values: (1) all-incidence rate (total recordable incidents per 200,000 hours worked); (2) fatality rate (fatalities per 200,000 hours worked or per 100,000 workers); (3) near miss frequency rate; (4) average hours of health, safety, and emergency response training per employee."
english,cannickel-esg-report2023-print,EM-MM-130a.1,Energy Management,"(1) Total energy consumed, (2) percentage grid electricity and (3) percentage renewable",EM-MM-130a.1,47,cannickel-esg-report2023-print_047,no,532,MJ,True,Quantitative,Gigajoules (GJ)|Percentage (%),energy consumption|grid electricity|renewable energy|energy management|mining energy|smelting energy|energy intensity,"Three values: (1) total energy consumed across all operations in GJ (electricity, diesel, coal, gas, etc.); (2) percentage that is grid electricity; (3) percentage from renewable sources. Mining and smelting are highly energy-intensive."
english,cannickel-esg-report2023-print,EM-MM-110a.1,Greenhouse Gas Emissions,"Gross global Scope 1 emissions, percentage covered under emissions-limiting regulations",EM-MM-110a.1,54,cannickel-esg-report2023-print_054,no,"2,879",tonnes of CO2 e,True,Quantitative,Metric tons (t) CO2-e|Percentage (%),Scope 1 emissions|greenhouse gas|GHG|emissions-limiting|carbon emissions|mining emissions|smelting emissions,"Two values: (1) gross global Scope 1 GHG emissions in metric tons CO2-equivalent; (2) percentage covered under emissions-limiting regulations. Scope: all owned or controlled mining, processing, smelting, and refining operations."
english,cannickel-esg-report2023-print,EM-MM-130a.1,Energy Management,"(1) Total energy consumed, (2) percentage grid electricity and (3) percentage renewable",EM-MM-130a.1,54,cannickel-esg-report2023-print_054,no,"40,900,000",Megajoules,True,Quantitative,Gigajoules (GJ)|Percentage (%),energy consumption|grid electricity|renewable energy|energy management|mining energy|smelting energy|energy intensity,"Three values: (1) total energy consumed across all operations in GJ (electricity, diesel, coal, gas, etc.); (2) percentage that is grid electricity; (3) percentage from renewable sources. Mining and smelting are highly energy-intensive."
english,cannickel-esg-report2023-print,EM-MM-320a.1,Workforce Health & Safety,"(1) All-incidence rate, (2) fatality rate, (3) near miss frequency rate (NMFR) and (4) average hours of health, safety, and emergency response training for (a) direct employees and (b) contract employees",EM-MM-320a.1,56,cannickel-esg-report2023-print_056,no,0.02,Lost-time injury frequency,False,Quantitative,Rate|Hours,all-incidence rate|AIR|fatality rate|near miss|NMFR|safety training|occupational health|lost time injury|TRIFR,"Four values: (1) all-incidence rate (total recordable incidents per 200,000 hours worked); (2) fatality rate (fatalities per 200,000 hours worked or per 100,000 workers); (3) near miss frequency rate; (4) average hours of health, safety, and emergency response training per employee."
english,cannickel-esg-report2023-print,EM-MM-140a.2,Water Management,"Number of incidents of non-compliance associated with water quality permits, standards and regulations",EM-MM-140a.2,56,cannickel-esg-report2023-print_056,no,0,Regulatory Actions,True,Quantitative,Number,water quality|non-compliance|water permit|effluent|acid mine drainage|tailings|water pollution|regulatory violation,"Total number of incidents of non-compliance with water quality permits, standards, and regulations during the reporting period. Includes exceedances of permitted effluent limits, spills, and regulatory violations related to water quality."
english,cannickel-esg-report2023-print,EM-MM-150a.9,Waste & Hazardous Materials Management,Number of significant incidents associated with hazardous materials and waste management,EM-MM-150a.9,54,cannickel-esg-report2023-print_054,no,0,incidents,True,Quantitative,Number,hazardous materials|waste incidents|tailings failure|spill|significant incident|hazardous waste|waste management|environmental incident,"Total number of significant incidents involving hazardous materials or waste management, including tailings dam failures, chemical spills, hazardous waste mismanagement, and other incidents that resulted in or had the potential for significant environmental or human health impact."
english,esg-2022,EM-MD-540a.4,"Operational Safety, Emergency Preparedness & Response",Discussion of management systems used to integrate a culture of safety and emergency preparedness throughout the value chain and throughout project lifecycles,EM-MD-540a.4,13,esg-2022_013,yes,N/A,N/A,True,Discussion and Analysis,n/a,safety management|emergency preparedness|operational safety|pipeline safety|process safety|emergency response|safety culture|integrity management,"Qualitative description of: safety management systems, culture of safety programs, emergency response plans, pipeline integrity management, training and drills, incident investigation and learning, and contractor safety management."
english,esg-2022,EM-MD-540a.1,"Operational Safety, Emergency Preparedness & Response","(1) Number of reportable pipeline incidents, (2) percentage significant",EM-MD-540a.1,16,esg-2022_016,yes,50,%,True,Quantitative,Number|Percentage (%),pipeline incidents|reportable incidents|pipeline safety|corrosion|equipment failure|PHMSA|significant incidents|pipeline integrity,"Four values: (1) total reportable pipeline incidents; (2) percentage classified as significant (fatality, injury, >50k barrel spill, fire/explosion); (3) percentage caused by corrosion; (4) percentage caused by equipment or material failure."
english,esg-2022,EM-MD-110a.2,Greenhouse Gas Emissions,"Discussion of long- and short-term strategy or plan to manage Scope 1 emissions, emissions reduction targets, and an analysis of performance against those targets",EM-MD-110a.2,16,esg-2022_016,yes but not complete,7.1,tonnes CO2e,False,Discussion and Analysis,n/a,emissions reduction|climate strategy|methane reduction|emissions targets|net zero|leak detection|LDAR|compressor upgrades,"Qualitative discussion of: strategy to manage Scope 1 GHG emissions, reduction targets (absolute or intensity-based), timeline, methods (methane leak detection and repair, flare reduction, compressor upgrades), and performance against stated targets."
english,esg-2022,EM-MD-110a.1,Greenhouse Gas Emissions,"Gross global Scope 1 emissions, percentage methane, percentage covered under emissions-limiting regulations",EM-MD-110a.1,16,esg-2022_016,yes but not complete,13.7,%,False,Quantitative,Metric tons (t) CO2-e|Percentage (%),Scope 1 emissions|greenhouse gas|GHG|methane|emissions-limiting|pipeline emissions|fugitive emissions|flaring,"Three values: (1) gross global Scope 1 GHG emissions in metric tons CO2-equivalent; (2) percentage that is methane (CH4); (3) percentage covered under emissions-limiting regulations (cap-and-trade, carbon tax, etc.). Scope: all midstream operations (pipelines, processing, storage, terminals)."
english,esg-2022,EM-MD-110a.1,Greenhouse Gas Emissions,"Gross global Scope 1 emissions, percentage methane, percentage covered under emissions-limiting regulations",EM-MD-110a.1,16,esg-2022_016,yes,"11,900",tonnes CO2e,True,Quantitative,Metric tons (t) CO2-e|Percentage (%),Scope 1 emissions|greenhouse gas|GHG|methane|emissions-limiting|pipeline emissions|fugitive emissions|flaring,"Three values: (1) gross global Scope 1 GHG emissions in metric tons CO2-equivalent; (2) percentage that is methane (CH4); (3) percentage covered under emissions-limiting regulations (cap-and-trade, carbon tax, etc.). Scope: all midstream operations (pipelines, processing, storage, terminals)."
english,esg-2022,EM-MD-110a.2,Greenhouse Gas Emissions,"Discussion of long- and short-term strategy or plan to manage Scope 1 emissions, emissions reduction targets, and an analysis of performance against those targets",EM-MD-110a.2,19,esg-2022_019,yes,"69,318",tonnes CO2e,True,Discussion and Analysis,n/a,emissions reduction|climate strategy|methane reduction|emissions targets|net zero|leak detection|LDAR|compressor upgrades,"Qualitative discussion of: strategy to manage Scope 1 GHG emissions, reduction targets (absolute or intensity-based), timeline, methods (methane leak detection and repair, flare reduction, compressor upgrades), and performance against stated targets."
english,esg-2022,EM-MD-110a.1,Greenhouse Gas Emissions,"Gross global Scope 1 emissions, percentage methane, percentage covered under emissions-limiting regulations",EM-MD-110a.1,19,esg-2022_019,yes but not complete,"48,533,957",N/A,False,Quantitative,Metric tons (t) CO2-e|Percentage (%),Scope 1 emissions|greenhouse gas|GHG|methane|emissions-limiting|pipeline emissions|fugitive emissions|flaring,"Three values: (1) gross global Scope 1 GHG emissions in metric tons CO2-equivalent; (2) percentage that is methane (CH4); (3) percentage covered under emissions-limiting regulations (cap-and-trade, carbon tax, etc.). Scope: all midstream operations (pipelines, processing, storage, terminals)."
english,esg-2022,EM-MD-110a.1,Greenhouse Gas Emissions,"Gross global Scope 1 emissions, percentage methane, percentage covered under emissions-limiting regulations",EM-MD-110a.1,20,esg-2022_020,yes but not complete,100,%,False,Quantitative,Metric tons (t) CO2-e|Percentage (%),Scope 1 emissions|greenhouse gas|GHG|methane|emissions-limiting|pipeline emissions|fugitive emissions|flaring,"Three values: (1) gross global Scope 1 GHG emissions in metric tons CO2-equivalent; (2) percentage that is methane (CH4); (3) percentage covered under emissions-limiting regulations (cap-and-trade, carbon tax, etc.). Scope: all midstream operations (pipelines, processing, storage, terminals)."
english,esg-2022,EM-MD-110a.2,Greenhouse Gas Emissions,"Discussion of long- and short-term strategy or plan to manage Scope 1 emissions, emissions reduction targets, and an analysis of performance against those targets",EM-MD-110a.2,8,esg-2022_008,no,90,%,True,Discussion and Analysis,n/a,emissions reduction|climate strategy|methane reduction|emissions targets|net zero|leak detection|LDAR|compressor upgrades,"Qualitative discussion of: strategy to manage Scope 1 GHG emissions, reduction targets (absolute or intensity-based), timeline, methods (methane leak detection and repair, flare reduction, compressor upgrades), and performance against stated targets."
english,esg-2022,EM-MD-110a.2,Greenhouse Gas Emissions,"Discussion of long- and short-term strategy or plan to manage Scope 1 emissions, emissions reduction targets, and an analysis of performance against those targets",EM-MD-110a.2,20,esg-2022_020,no,"69,318",tonnes CO2e,True,Discussion and Analysis,n/a,emissions reduction|climate strategy|methane reduction|emissions targets|net zero|leak detection|LDAR|compressor upgrades,"Qualitative discussion of: strategy to manage Scope 1 GHG emissions, reduction targets (absolute or intensity-based), timeline, methods (methane leak detection and repair, flare reduction, compressor upgrades), and performance against stated targets."
english,esg-2022,EM-MD-110a.2,Greenhouse Gas Emissions,"Discussion of long- and short-term strategy or plan to manage Scope 1 emissions, emissions reduction targets, and an analysis of performance against those targets",EM-MD-110a.2,22,esg-2022_022,no,13,%,True,Discussion and Analysis,n/a,emissions reduction|climate strategy|methane reduction|emissions targets|net zero|leak detection|LDAR|compressor upgrades,"Qualitative discussion of: strategy to manage Scope 1 GHG emissions, reduction targets (absolute or intensity-based), timeline, methods (methane leak detection and repair, flare reduction, compressor upgrades), and performance against stated targets."
english,06-21_gb-_lvmh_rse2022,CG-AA-430b.2,Labour Conditions in the Supply Chain,(1) Priority non-conformance rate and (2) associated corrective action rate for suppliers' labour code of conduct audits,CG-AA-430b.2,33,06-21_gb-_lvmh_rse2022_033,yes but not complete,N/A,N/A,False,Quantitative,Percentage (%),non-conformance|corrective action|labour audit|priority violations|supplier compliance|SMETA|audit findings|remediation,Two rates from labour audits: (1) percentage of audited facilities with at least one priority non-conformance (serious violation of labour standards); (2) percentage of priority non-conformances for which a corrective action plan has been implemented.
english,06-21_gb-_lvmh_rse2022,CG-AA-430b.3,Labour Conditions in the Supply Chain,"Description of the greatest (1) labour and (2) environmental, health and safety risks in the supply chain",CG-AA-430b.3,33,06-21_gb-_lvmh_rse2022_033,yes,N/A,N/A,True,Discussion and Analysis,n/a,supply chain risks|labour risks|health and safety|forced labour|child labour|working conditions|environmental risk|supplier risk,"Qualitative description of the most material labour risks (e.g. forced labour, child labour, excessive hours, wage theft, freedom of association) and environmental/health & safety risks in the supply chain, including geographic concentration and mitigation strategies."
english,06-21_gb-_lvmh_rse2022,CG-AA-440a.4,Raw Materials Sourcing,"(1) Amount of priority raw materials purchased, by material, and (2) amount of each priority raw material that is certified to a third-party environmental or social standard, by standard",CG-AA-440a.4,27,06-21_gb-_lvmh_rse2022_027,yes but not complete,100,%,False,Quantitative,Metric tons (t)|Percentage (%),raw materials|certified materials|organic cotton|BCI|FSC leather|RDS down|RWS wool|sustainable sourcing|certification,"Two values per priority material: (1) total quantity purchased (metric tons); (2) quantity or percentage certified to a sustainability standard (e.g. organic cotton, BCI cotton, RDS down, RWS wool, Leather Working Group). Report by material and by certification standard."
english,06-21_gb-_lvmh_rse2022,CG-AA-440a.3,Raw Materials Sourcing,"(1) List of priority raw materials; for each priority raw material: (2) environmental or social factor(s) most likely to threaten sourcing, (3) discussion on business risks or opportunities associated with environmental or social factors and (4) management strategy for addressing business risks and opportunities",CG-AA-440a.3,27,06-21_gb-_lvmh_rse2022_027,yes,1.37 million,hectares,True,Discussion and Analysis,n/a,priority raw materials|cotton|leather|wool|down|silk|rubber|material risk|supply chain risk|responsible sourcing|deforestation,"Three elements: (1) list of priority raw materials (e.g. cotton, leather, wool, down, silk, cashmere, rubber); (2) for each, the environmental or social risk factor (water use, deforestation, animal welfare, labour); (3) discussion of how the risk affects the business and opportunities for sustainable sourcing."
english,06-21_gb-_lvmh_rse2022,CG-AA-430b.3,Labour Conditions in the Supply Chain,"Description of the greatest (1) labour and (2) environmental, health and safety risks in the supply chain",CG-AA-430b.3,57,06-21_gb-_lvmh_rse2022_057,yes,N/A,N/A,True,Discussion and Analysis,n/a,supply chain risks|labour risks|health and safety|forced labour|child labour|working conditions|environmental risk|supplier risk,"Qualitative description of the most material labour risks (e.g. forced labour, child labour, excessive hours, wage theft, freedom of association) and environmental/health & safety risks in the supply chain, including geographic concentration and mitigation strategies."
english,06-21_gb-_lvmh_rse2022,CG-AA-430b.1,Labour Conditions in the Supply Chain,"Percentage of (1) Tier 1 supplier facilities and (2) supplier facilities beyond Tier 1 that have been audited to a labour code of conduct, (3) percentage of total audits conducted by a third-party auditor",CG-AA-430b.1,79,06-21_gb-_lvmh_rse2022_079,yes,100,%,True,Quantitative,Percentage (%),labour audit|Tier 1 suppliers|beyond Tier 1|high-risk facilities|supply chain|SMETA|SA8000|fair labour|working conditions,"Percentage of supplier facilities (Tier 1 and beyond) audited to a recognised labour standard (SMETA, SA8000, Fair Trade, etc.), disaggregated by tier (1 vs. beyond 1) and risk level (all vs. high-risk)."
english,06-21_gb-_lvmh_rse2022,CG-AA-440a.4,Raw Materials Sourcing,"(1) Amount of priority raw materials purchased, by material, and (2) amount of each priority raw material that is certified to a third-party environmental or social standard, by standard",CG-AA-440a.4,79,06-21_gb-_lvmh_rse2022_079,yes but not complete,71,%,False,Quantitative,Metric tons (t)|Percentage (%),raw materials|certified materials|organic cotton|BCI|FSC leather|RDS down|RWS wool|sustainable sourcing|certification,"Two values per priority material: (1) total quantity purchased (metric tons); (2) quantity or percentage certified to a sustainability standard (e.g. organic cotton, BCI cotton, RDS down, RWS wool, Leather Working Group). Report by material and by certification standard."
english,06-21_gb-_lvmh_rse2022,CG-AA-440a.3,Raw Materials Sourcing,"(1) List of priority raw materials; for each priority raw material: (2) environmental or social factor(s) most likely to threaten sourcing, (3) discussion on business risks or opportunities associated with environmental or social factors and (4) management strategy for addressing business risks and opportunities",CG-AA-440a.3,79,06-21_gb-_lvmh_rse2022_079,yes,1370000,hectares,True,Discussion and Analysis,n/a,priority raw materials|cotton|leather|wool|down|silk|rubber|material risk|supply chain risk|responsible sourcing|deforestation,"Three elements: (1) list of priority raw materials (e.g. cotton, leather, wool, down, silk, cashmere, rubber); (2) for each, the environmental or social risk factor (water use, deforestation, animal welfare, labour); (3) discussion of how the risk affects the business and opportunities for sustainable sourcing."
english,06-21_gb-_lvmh_rse2022,CG-AA-440a.4,Raw Materials Sourcing,"(1) Amount of priority raw materials purchased, by material, and (2) amount of each priority raw material that is certified to a third-party environmental or social standard, by standard",CG-AA-440a.4,79,06-21_gb-_lvmh_rse2022_079,yes,100,%,True,Quantitative,Metric tons (t)|Percentage (%),raw materials|certified materials|organic cotton|BCI|FSC leather|RDS down|RWS wool|sustainable sourcing|certification,"Two values per priority material: (1) total quantity purchased (metric tons); (2) quantity or percentage certified to a sustainability standard (e.g. organic cotton, BCI cotton, RDS down, RWS wool, Leather Working Group). Report by material and by certification standard."
english,06-21_gb-_lvmh_rse2022,CG-AA-250a.1,Management of Chemicals in Products,Discussion of processes to maintain compliance with restricted substances regulations,CG-AA-250a.1,81,06-21_gb-_lvmh_rse2022_081,yes,13,%,True,Discussion and Analysis,n/a,restricted substances|chemicals|REACH|ZDHC|RSL|MRSL|hazardous chemicals|product compliance|chemical management,"Qualitative description of: (1) processes to identify and comply with restricted substances regulations (REACH, CPSC, California Prop 65, country-specific RSLs); (2) supplier chemical management requirements (ZDHC MRSL); (3) testing and verification of compliance; (4) risk assessment for chemicals of concern."
english,06-21_gb-_lvmh_rse2022,CG-AA-250a.2,Management of Chemicals in Products,Discussion of processes to assess and manage risks or hazards associated with chemicals in products,CG-AA-250a.2,81,06-21_gb-_lvmh_rse2022_081,yes,N/A,N/A,True,Discussion and Analysis,n/a,chemical hazards|product safety|chemical risk assessment|restricted substances|ZDHC|bluesign|safer chemistry|hazard assessment,"Qualitative description of processes to proactively assess and manage chemical risks beyond compliance: hazard assessment of chemicals used in manufacturing, substitution programs for chemicals of concern, safer chemistry initiatives, and supplier capability building."
english,06-21_gb-_lvmh_rse2022,CG-AA-250a.2,Management of Chemicals in Products,Discussion of processes to assess and manage risks or hazards associated with chemicals in products,CG-AA-250a.2,82,06-21_gb-_lvmh_rse2022_082,yes,N/A,N/A,True,Discussion and Analysis,n/a,chemical hazards|product safety|chemical risk assessment|restricted substances|ZDHC|bluesign|safer chemistry|hazard assessment,"Qualitative description of processes to proactively assess and manage chemical risks beyond compliance: hazard assessment of chemicals used in manufacturing, substitution programs for chemicals of concern, safer chemistry initiatives, and supplier capability building."
english,06-21_gb-_lvmh_rse2022,CG-AA-250a.1,Management of Chemicals in Products,Discussion of processes to maintain compliance with restricted substances regulations,CG-AA-250a.1,87,06-21_gb-_lvmh_rse2022_087,yes,90,%,True,Discussion and Analysis,n/a,restricted substances|chemicals|REACH|ZDHC|RSL|MRSL|hazardous chemicals|product compliance|chemical management,"Qualitative description of: (1) processes to identify and comply with restricted substances regulations (REACH, CPSC, California Prop 65, country-specific RSLs); (2) supplier chemical management requirements (ZDHC MRSL); (3) testing and verification of compliance; (4) risk assessment for chemicals of concern."
english,06-21_gb-_lvmh_rse2022,CG-AA-250a.2,Management of Chemicals in Products,Discussion of processes to assess and manage risks or hazards associated with chemicals in products,CG-AA-250a.2,87,06-21_gb-_lvmh_rse2022_087,yes,N/A,N/A,True,Discussion and Analysis,n/a,chemical hazards|product safety|chemical risk assessment|restricted substances|ZDHC|bluesign|safer chemistry|hazard assessment,"Qualitative description of processes to proactively assess and manage chemical risks beyond compliance: hazard assessment of chemicals used in manufacturing, substitution programs for chemicals of concern, safer chemistry initiatives, and supplier capability building."
english,06-21_gb-_lvmh_rse2022,CG-AA-440a.4,Raw Materials Sourcing,"(1) Amount of priority raw materials purchased, by material, and (2) amount of each priority raw material that is certified to a third-party environmental or social standard, by standard",CG-AA-440a.4,89,06-21_gb-_lvmh_rse2022_089,yes but not complete,40,raw materials,False,Quantitative,Metric tons (t)|Percentage (%),raw materials|certified materials|organic cotton|BCI|FSC leather|RDS down|RWS wool|sustainable sourcing|certification,"Two values per priority material: (1) total quantity purchased (metric tons); (2) quantity or percentage certified to a sustainability standard (e.g. organic cotton, BCI cotton, RDS down, RWS wool, Leather Working Group). Report by material and by certification standard."
english,06-21_gb-_lvmh_rse2022,CG-AA-250a.1,Management of Chemicals in Products,Discussion of processes to maintain compliance with restricted substances regulations,CG-AA-250a.1,89,06-21_gb-_lvmh_rse2022_089,yes,N/A,N/A,True,Discussion and Analysis,n/a,restricted substances|chemicals|REACH|ZDHC|RSL|MRSL|hazardous chemicals|product compliance|chemical management,"Qualitative description of: (1) processes to identify and comply with restricted substances regulations (REACH, CPSC, California Prop 65, country-specific RSLs); (2) supplier chemical management requirements (ZDHC MRSL); (3) testing and verification of compliance; (4) risk assessment for chemicals of concern."
english,06-21_gb-_lvmh_rse2022,CG-AA-430b.3,Labour Conditions in the Supply Chain,"Description of the greatest (1) labour and (2) environmental, health and safety risks in the supply chain",CG-AA-430b.3,89,06-21_gb-_lvmh_rse2022_089,yes,N/A,N/A,True,Discussion and Analysis,n/a,supply chain risks|labour risks|health and safety|forced labour|child labour|working conditions|environmental risk|supplier risk,"Qualitative description of the most material labour risks (e.g. forced labour, child labour, excessive hours, wage theft, freedom of association) and environmental/health & safety risks in the supply chain, including geographic concentration and mitigation strategies."
english,06-21_gb-_lvmh_rse2022,CG-AA-430b.3,Labour Conditions in the Supply Chain,"Description of the greatest (1) labour and (2) environmental, health and safety risks in the supply chain",CG-AA-430b.3,90,06-21_gb-_lvmh_rse2022_090,yes,N/A,N/A,True,Discussion and Analysis,n/a,supply chain risks|labour risks|health and safety|forced labour|child labour|working conditions|environmental risk|supplier risk,"Qualitative description of the most material labour risks (e.g. forced labour, child labour, excessive hours, wage theft, freedom of association) and environmental/health & safety risks in the supply chain, including geographic concentration and mitigation strategies."
english,06-21_gb-_lvmh_rse2022,CG-AA-440a.3,Raw Materials Sourcing,"(1) List of priority raw materials; for each priority raw material: (2) environmental or social factor(s) most likely to threaten sourcing, (3) discussion on business risks or opportunities associated with environmental or social factors and (4) management strategy for addressing business risks and opportunities",CG-AA-440a.3,90,06-21_gb-_lvmh_rse2022_090,yes,91000,hectares,True,Discussion and Analysis,n/a,priority raw materials|cotton|leather|wool|down|silk|rubber|material risk|supply chain risk|responsible sourcing|deforestation,"Three elements: (1) list of priority raw materials (e.g. cotton, leather, wool, down, silk, cashmere, rubber); (2) for each, the environmental or social risk factor (water use, deforestation, animal welfare, labour); (3) discussion of how the risk affects the business and opportunities for sustainable sourcing."
english,06-21_gb-_lvmh_rse2022,CG-AA-430b.3,Labour Conditions in the Supply Chain,"Description of the greatest (1) labour and (2) environmental, health and safety risks in the supply chain",CG-AA-430b.3,101,06-21_gb-_lvmh_rse2022_101,yes,95,%,True,Discussion and Analysis,n/a,supply chain risks|labour risks|health and safety|forced labour|child labour|working conditions|environmental risk|supplier risk,"Qualitative description of the most material labour risks (e.g. forced labour, child labour, excessive hours, wage theft, freedom of association) and environmental/health & safety risks in the supply chain, including geographic concentration and mitigation strategies."
english,06-21_gb-_lvmh_rse2022,CG-AA-250a.2,Management of Chemicals in Products,Discussion of processes to assess and manage risks or hazards associated with chemicals in products,CG-AA-250a.2,106,06-21_gb-_lvmh_rse2022_106,yes,N/A,N/A,True,Discussion and Analysis,n/a,chemical hazards|product safety|chemical risk assessment|restricted substances|ZDHC|bluesign|safer chemistry|hazard assessment,"Qualitative description of processes to proactively assess and manage chemical risks beyond compliance: hazard assessment of chemicals used in manufacturing, substitution programs for chemicals of concern, safer chemistry initiatives, and supplier capability building."
english,06-21_gb-_lvmh_rse2022,CG-AA-250a.1,Management of Chemicals in Products,Discussion of processes to maintain compliance with restricted substances regulations,CG-AA-250a.1,106,06-21_gb-_lvmh_rse2022_106,yes,N/A,N/A,True,Discussion and Analysis,n/a,restricted substances|chemicals|REACH|ZDHC|RSL|MRSL|hazardous chemicals|product compliance|chemical management,"Qualitative description of: (1) processes to identify and comply with restricted substances regulations (REACH, CPSC, California Prop 65, country-specific RSLs); (2) supplier chemical management requirements (ZDHC MRSL); (3) testing and verification of compliance; (4) risk assessment for chemicals of concern."
english,06-21_gb-_lvmh_rse2022,CG-AA-430a.1,Environmental Impacts in the Supply Chain,Percentage of (1) Tier 1 supplier facilities and (2) supplier facilities beyond Tier 1 in compliance with wastewater discharge permits or contractual agreements,CG-AA-430a.1,106,06-21_gb-_lvmh_rse2022_106,yes,50,%,True,Quantitative,Percentage (%),supplier audit|social audit|Tier 1 suppliers|supply chain|environmental audit|SMETA|Fair Trade|responsible sourcing,"Percentage of supplier facilities audited to an environmental social audit standard, disaggregated by: (1) Tier 1 (direct suppliers) and (2) beyond Tier 1 (sub-suppliers); and by (a) all facilities and (b) high-risk facilities. Reports coverage and penetration of audit programmes."
english,06-21_gb-_lvmh_rse2022,CG-AA-430b.3,Labour Conditions in the Supply Chain,"Description of the greatest (1) labour and (2) environmental, health and safety risks in the supply chain",CG-AA-430b.3,107,06-21_gb-_lvmh_rse2022_107,yes,12,Maisons,True,Discussion and Analysis,n/a,supply chain risks|labour risks|health and safety|forced labour|child labour|working conditions|environmental risk|supplier risk,"Qualitative description of the most material labour risks (e.g. forced labour, child labour, excessive hours, wage theft, freedom of association) and environmental/health & safety risks in the supply chain, including geographic concentration and mitigation strategies."
english,06-21_gb-_lvmh_rse2022,CG-AA-440a.3,Raw Materials Sourcing,"(1) List of priority raw materials; for each priority raw material: (2) environmental or social factor(s) most likely to threaten sourcing, (3) discussion on business risks or opportunities associated with environmental or social factors and (4) management strategy for addressing business risks and opportunities",CG-AA-440a.3,108,06-21_gb-_lvmh_rse2022_108,yes,N/A,N/A,True,Discussion and Analysis,n/a,priority raw materials|cotton|leather|wool|down|silk|rubber|material risk|supply chain risk|responsible sourcing|deforestation,"Three elements: (1) list of priority raw materials (e.g. cotton, leather, wool, down, silk, cashmere, rubber); (2) for each, the environmental or social risk factor (water use, deforestation, animal welfare, labour); (3) discussion of how the risk affects the business and opportunities for sustainable sourcing."
english,06-21_gb-_lvmh_rse2022,CG-AA-440a.4,Raw Materials Sourcing,"(1) Amount of priority raw materials purchased, by material, and (2) amount of each priority raw material that is certified to a third-party environmental or social standard, by standard",CG-AA-440a.4,108,06-21_gb-_lvmh_rse2022_108,yes but not complete,N/A,N/A,False,Quantitative,Metric tons (t)|Percentage (%),raw materials|certified materials|organic cotton|BCI|FSC leather|RDS down|RWS wool|sustainable sourcing|certification,"Two values per priority material: (1) total quantity purchased (metric tons); (2) quantity or percentage certified to a sustainability standard (e.g. organic cotton, BCI cotton, RDS down, RWS wool, Leather Working Group). Report by material and by certification standard."
english,06-21_gb-_lvmh_rse2022,CG-AA-430b.3,Labour Conditions in the Supply Chain,"Description of the greatest (1) labour and (2) environmental, health and safety risks in the supply chain",CG-AA-430b.3,109,06-21_gb-_lvmh_rse2022_109,yes,N/A,N/A,True,Discussion and Analysis,n/a,supply chain risks|labour risks|health and safety|forced labour|child labour|working conditions|environmental risk|supplier risk,"Qualitative description of the most material labour risks (e.g. forced labour, child labour, excessive hours, wage theft, freedom of association) and environmental/health & safety risks in the supply chain, including geographic concentration and mitigation strategies."
english,06-21_gb-_lvmh_rse2022,CG-AA-440a.4,Raw Materials Sourcing,"(1) Amount of priority raw materials purchased, by material, and (2) amount of each priority raw material that is certified to a third-party environmental or social standard, by standard",CG-AA-440a.4,109,06-21_gb-_lvmh_rse2022_109,yes,100,g,True,Quantitative,Metric tons (t)|Percentage (%),raw materials|certified materials|organic cotton|BCI|FSC leather|RDS down|RWS wool|sustainable sourcing|certification,"Two values per priority material: (1) total quantity purchased (metric tons); (2) quantity or percentage certified to a sustainability standard (e.g. organic cotton, BCI cotton, RDS down, RWS wool, Leather Working Group). Report by material and by certification standard."
english,06-21_gb-_lvmh_rse2022,CG-AA-440a.4,Raw Materials Sourcing,"(1) Amount of priority raw materials purchased, by material, and (2) amount of each priority raw material that is certified to a third-party environmental or social standard, by standard",CG-AA-440a.4,153,06-21_gb-_lvmh_rse2022_153,yes but not complete,N/A,N/A,False,Quantitative,Metric tons (t)|Percentage (%),raw materials|certified materials|organic cotton|BCI|FSC leather|RDS down|RWS wool|sustainable sourcing|certification,"Two values per priority material: (1) total quantity purchased (metric tons); (2) quantity or percentage certified to a sustainability standard (e.g. organic cotton, BCI cotton, RDS down, RWS wool, Leather Working Group). Report by material and by certification standard."
english,06-21_gb-_lvmh_rse2022,CG-AA-440a.4,Raw Materials Sourcing,"(1) Amount of priority raw materials purchased, by material, and (2) amount of each priority raw material that is certified to a third-party environmental or social standard, by standard",CG-AA-440a.4,150,06-21_gb-_lvmh_rse2022_150,yes but not complete,94,%,False,Quantitative,Metric tons (t)|Percentage (%),raw materials|certified materials|organic cotton|BCI|FSC leather|RDS down|RWS wool|sustainable sourcing|certification,"Two values per priority material: (1) total quantity purchased (metric tons); (2) quantity or percentage certified to a sustainability standard (e.g. organic cotton, BCI cotton, RDS down, RWS wool, Leather Working Group). Report by material and by certification standard."
english,06-21_gb-_lvmh_rse2022,CG-AA-430b.3,Labour Conditions in the Supply Chain,"Description of the greatest (1) labour and (2) environmental, health and safety risks in the supply chain",CG-AA-430b.3,34,06-21_gb-_lvmh_rse2022_034,no,N/A,N/A,True,Discussion and Analysis,n/a,supply chain risks|labour risks|health and safety|forced labour|child labour|working conditions|environmental risk|supplier risk,"Qualitative description of the most material labour risks (e.g. forced labour, child labour, excessive hours, wage theft, freedom of association) and environmental/health & safety risks in the supply chain, including geographic concentration and mitigation strategies."
english,06-21_gb-_lvmh_rse2022,CG-AA-430b.2,Labour Conditions in the Supply Chain,(1) Priority non-conformance rate and (2) associated corrective action rate for suppliers' labour code of conduct audits,CG-AA-430b.2,34,06-21_gb-_lvmh_rse2022_034,no,N/A,N/A,False,Quantitative,Percentage (%),non-conformance|corrective action|labour audit|priority violations|supplier compliance|SMETA|audit findings|remediation,Two rates from labour audits: (1) percentage of audited facilities with at least one priority non-conformance (serious violation of labour standards); (2) percentage of priority non-conformances for which a corrective action plan has been implemented.
english,06-21_gb-_lvmh_rse2022,CG-AA-440a.4,Raw Materials Sourcing,"(1) Amount of priority raw materials purchased, by material, and (2) amount of each priority raw material that is certified to a third-party environmental or social standard, by standard",CG-AA-440a.4,28,06-21_gb-_lvmh_rse2022_028,no,100,%,False,Quantitative,Metric tons (t)|Percentage (%),raw materials|certified materials|organic cotton|BCI|FSC leather|RDS down|RWS wool|sustainable sourcing|certification,"Two values per priority material: (1) total quantity purchased (metric tons); (2) quantity or percentage certified to a sustainability standard (e.g. organic cotton, BCI cotton, RDS down, RWS wool, Leather Working Group). Report by material and by certification standard."
english,06-21_gb-_lvmh_rse2022,CG-AA-440a.3,Raw Materials Sourcing,"(1) List of priority raw materials; for each priority raw material: (2) environmental or social factor(s) most likely to threaten sourcing, (3) discussion on business risks or opportunities associated with environmental or social factors and (4) management strategy for addressing business risks and opportunities",CG-AA-440a.3,28,06-21_gb-_lvmh_rse2022_028,no,1.37 million,hectares,True,Discussion and Analysis,n/a,priority raw materials|cotton|leather|wool|down|silk|rubber|material risk|supply chain risk|responsible sourcing|deforestation,"Three elements: (1) list of priority raw materials (e.g. cotton, leather, wool, down, silk, cashmere, rubber); (2) for each, the environmental or social risk factor (water use, deforestation, animal welfare, labour); (3) discussion of how the risk affects the business and opportunities for sustainable sourcing."
english,06-21_gb-_lvmh_rse2022,CG-AA-430b.3,Labour Conditions in the Supply Chain,"Description of the greatest (1) labour and (2) environmental, health and safety risks in the supply chain",CG-AA-430b.3,56,06-21_gb-_lvmh_rse2022_056,no,81,%,True,Discussion and Analysis,n/a,supply chain risks|labour risks|health and safety|forced labour|child labour|working conditions|environmental risk|supplier risk,"Qualitative description of the most material labour risks (e.g. forced labour, child labour, excessive hours, wage theft, freedom of association) and environmental/health & safety risks in the supply chain, including geographic concentration and mitigation strategies."
english,06-21_gb-_lvmh_rse2022,CG-AA-430b.3,Labour Conditions in the Supply Chain,"Description of the greatest (1) labour and (2) environmental, health and safety risks in the supply chain",CG-AA-430b.3,58,06-21_gb-_lvmh_rse2022_058,no,N/A,N/A,True,Discussion and Analysis,n/a,supply chain risks|labour risks|health and safety|forced labour|child labour|working conditions|environmental risk|supplier risk,"Qualitative description of the most material labour risks (e.g. forced labour, child labour, excessive hours, wage theft, freedom of association) and environmental/health & safety risks in the supply chain, including geographic concentration and mitigation strategies."
english,06-21_gb-_lvmh_rse2022,CG-AA-430b.1,Labour Conditions in the Supply Chain,"Percentage of (1) Tier 1 supplier facilities and (2) supplier facilities beyond Tier 1 that have been audited to a labour code of conduct, (3) percentage of total audits conducted by a third-party auditor",CG-AA-430b.1,80,06-21_gb-_lvmh_rse2022_080,no,100,%,True,Quantitative,Percentage (%),labour audit|Tier 1 suppliers|beyond Tier 1|high-risk facilities|supply chain|SMETA|SA8000|fair labour|working conditions,"Percentage of supplier facilities (Tier 1 and beyond) audited to a recognised labour standard (SMETA, SA8000, Fair Trade, etc.), disaggregated by tier (1 vs. beyond 1) and risk level (all vs. high-risk)."
english,06-21_gb-_lvmh_rse2022,CG-AA-440a.4,Raw Materials Sourcing,"(1) Amount of priority raw materials purchased, by material, and (2) amount of each priority raw material that is certified to a third-party environmental or social standard, by standard",CG-AA-440a.4,80,06-21_gb-_lvmh_rse2022_080,no,71,%,False,Quantitative,Metric tons (t)|Percentage (%),raw materials|certified materials|organic cotton|BCI|FSC leather|RDS down|RWS wool|sustainable sourcing|certification,"Two values per priority material: (1) total quantity purchased (metric tons); (2) quantity or percentage certified to a sustainability standard (e.g. organic cotton, BCI cotton, RDS down, RWS wool, Leather Working Group). Report by material and by certification standard."
english,06-21_gb-_lvmh_rse2022,CG-AA-440a.3,Raw Materials Sourcing,"(1) List of priority raw materials; for each priority raw material: (2) environmental or social factor(s) most likely to threaten sourcing, (3) discussion on business risks or opportunities associated with environmental or social factors and (4) management strategy for addressing business risks and opportunities",CG-AA-440a.3,80,06-21_gb-_lvmh_rse2022_080,no,1370000,hectares,True,Discussion and Analysis,n/a,priority raw materials|cotton|leather|wool|down|silk|rubber|material risk|supply chain risk|responsible sourcing|deforestation,"Three elements: (1) list of priority raw materials (e.g. cotton, leather, wool, down, silk, cashmere, rubber); (2) for each, the environmental or social risk factor (water use, deforestation, animal welfare, labour); (3) discussion of how the risk affects the business and opportunities for sustainable sourcing."
english,06-21_gb-_lvmh_rse2022,CG-AA-250a.1,Management of Chemicals in Products,Discussion of processes to maintain compliance with restricted substances regulations,CG-AA-250a.1,82,06-21_gb-_lvmh_rse2022_082,no,13,%,True,Discussion and Analysis,n/a,restricted substances|chemicals|REACH|ZDHC|RSL|MRSL|hazardous chemicals|product compliance|chemical management,"Qualitative description of: (1) processes to identify and comply with restricted substances regulations (REACH, CPSC, California Prop 65, country-specific RSLs); (2) supplier chemical management requirements (ZDHC MRSL); (3) testing and verification of compliance; (4) risk assessment for chemicals of concern."
english,06-21_gb-_lvmh_rse2022,CG-AA-430b.3,Labour Conditions in the Supply Chain,"Description of the greatest (1) labour and (2) environmental, health and safety risks in the supply chain",CG-AA-430b.3,84,06-21_gb-_lvmh_rse2022_084,no,N/A,N/A,True,Discussion and Analysis,n/a,supply chain risks|labour risks|health and safety|forced labour|child labour|working conditions|environmental risk|supplier risk,"Qualitative description of the most material labour risks (e.g. forced labour, child labour, excessive hours, wage theft, freedom of association) and environmental/health & safety risks in the supply chain, including geographic concentration and mitigation strategies."
english,06-21_gb-_lvmh_rse2022,CG-AA-250a.1,Management of Chemicals in Products,Discussion of processes to maintain compliance with restricted substances regulations,CG-AA-250a.1,88,06-21_gb-_lvmh_rse2022_088,no,90,%,True,Discussion and Analysis,n/a,restricted substances|chemicals|REACH|ZDHC|RSL|MRSL|hazardous chemicals|product compliance|chemical management,"Qualitative description of: (1) processes to identify and comply with restricted substances regulations (REACH, CPSC, California Prop 65, country-specific RSLs); (2) supplier chemical management requirements (ZDHC MRSL); (3) testing and verification of compliance; (4) risk assessment for chemicals of concern."
english,06-21_gb-_lvmh_rse2022,CG-AA-250a.2,Management of Chemicals in Products,Discussion of processes to assess and manage risks or hazards associated with chemicals in products,CG-AA-250a.2,88,06-21_gb-_lvmh_rse2022_088,no,N/A,N/A,True,Discussion and Analysis,n/a,chemical hazards|product safety|chemical risk assessment|restricted substances|ZDHC|bluesign|safer chemistry|hazard assessment,"Qualitative description of processes to proactively assess and manage chemical risks beyond compliance: hazard assessment of chemicals used in manufacturing, substitution programs for chemicals of concern, safer chemistry initiatives, and supplier capability building."
english,06-21_gb-_lvmh_rse2022,CG-AA-440a.4,Raw Materials Sourcing,"(1) Amount of priority raw materials purchased, by material, and (2) amount of each priority raw material that is certified to a third-party environmental or social standard, by standard",CG-AA-440a.4,90,06-21_gb-_lvmh_rse2022_090,no,40,raw materials,False,Quantitative,Metric tons (t)|Percentage (%),raw materials|certified materials|organic cotton|BCI|FSC leather|RDS down|RWS wool|sustainable sourcing|certification,"Two values per priority material: (1) total quantity purchased (metric tons); (2) quantity or percentage certified to a sustainability standard (e.g. organic cotton, BCI cotton, RDS down, RWS wool, Leather Working Group). Report by material and by certification standard."
english,06-21_gb-_lvmh_rse2022,CG-AA-250a.1,Management of Chemicals in Products,Discussion of processes to maintain compliance with restricted substances regulations,CG-AA-250a.1,90,06-21_gb-_lvmh_rse2022_090,no,N/A,N/A,True,Discussion and Analysis,n/a,restricted substances|chemicals|REACH|ZDHC|RSL|MRSL|hazardous chemicals|product compliance|chemical management,"Qualitative description of: (1) processes to identify and comply with restricted substances regulations (REACH, CPSC, California Prop 65, country-specific RSLs); (2) supplier chemical management requirements (ZDHC MRSL); (3) testing and verification of compliance; (4) risk assessment for chemicals of concern."
english,06-21_gb-_lvmh_rse2022,CG-AA-440a.3,Raw Materials Sourcing,"(1) List of priority raw materials; for each priority raw material: (2) environmental or social factor(s) most likely to threaten sourcing, (3) discussion on business risks or opportunities associated with environmental or social factors and (4) management strategy for addressing business risks and opportunities",CG-AA-440a.3,96,06-21_gb-_lvmh_rse2022_096,no,N/A,N/A,True,Discussion and Analysis,n/a,priority raw materials|cotton|leather|wool|down|silk|rubber|material risk|supply chain risk|responsible sourcing|deforestation,"Three elements: (1) list of priority raw materials (e.g. cotton, leather, wool, down, silk, cashmere, rubber); (2) for each, the environmental or social risk factor (water use, deforestation, animal welfare, labour); (3) discussion of how the risk affects the business and opportunities for sustainable sourcing."
english,06-21_gb-_lvmh_rse2022,CG-AA-440a.3,Raw Materials Sourcing,"(1) List of priority raw materials; for each priority raw material: (2) environmental or social factor(s) most likely to threaten sourcing, (3) discussion on business risks or opportunities associated with environmental or social factors and (4) management strategy for addressing business risks and opportunities",CG-AA-440a.3,106,06-21_gb-_lvmh_rse2022_106,no,25,Group Maisons,True,Discussion and Analysis,n/a,priority raw materials|cotton|leather|wool|down|silk|rubber|material risk|supply chain risk|responsible sourcing|deforestation,"Three elements: (1) list of priority raw materials (e.g. cotton, leather, wool, down, silk, cashmere, rubber); (2) for each, the environmental or social risk factor (water use, deforestation, animal welfare, labour); (3) discussion of how the risk affects the business and opportunities for sustainable sourcing."
english,06-21_gb-_lvmh_rse2022,CG-AA-250a.2,Management of Chemicals in Products,Discussion of processes to assess and manage risks or hazards associated with chemicals in products,CG-AA-250a.2,107,06-21_gb-_lvmh_rse2022_107,no,N/A,N/A,True,Discussion and Analysis,n/a,chemical hazards|product safety|chemical risk assessment|restricted substances|ZDHC|bluesign|safer chemistry|hazard assessment,"Qualitative description of processes to proactively assess and manage chemical risks beyond compliance: hazard assessment of chemicals used in manufacturing, substitution programs for chemicals of concern, safer chemistry initiatives, and supplier capability building."
english,06-21_gb-_lvmh_rse2022,CG-AA-250a.1,Management of Chemicals in Products,Discussion of processes to maintain compliance with restricted substances regulations,CG-AA-250a.1,107,06-21_gb-_lvmh_rse2022_107,no,N/A,N/A,True,Discussion and Analysis,n/a,restricted substances|chemicals|REACH|ZDHC|RSL|MRSL|hazardous chemicals|product compliance|chemical management,"Qualitative description of: (1) processes to identify and comply with restricted substances regulations (REACH, CPSC, California Prop 65, country-specific RSLs); (2) supplier chemical management requirements (ZDHC MRSL); (3) testing and verification of compliance; (4) risk assessment for chemicals of concern."
english,06-21_gb-_lvmh_rse2022,CG-AA-430a.1,Environmental Impacts in the Supply Chain,Percentage of (1) Tier 1 supplier facilities and (2) supplier facilities beyond Tier 1 in compliance with wastewater discharge permits or contractual agreements,CG-AA-430a.1,107,06-21_gb-_lvmh_rse2022_107,no,50,%,True,Quantitative,Percentage (%),supplier audit|social audit|Tier 1 suppliers|supply chain|environmental audit|SMETA|Fair Trade|responsible sourcing,"Percentage of supplier facilities audited to an environmental social audit standard, disaggregated by: (1) Tier 1 (direct suppliers) and (2) beyond Tier 1 (sub-suppliers); and by (a) all facilities and (b) high-risk facilities. Reports coverage and penetration of audit programmes."
english,06-21_gb-_lvmh_rse2022,CG-AA-430b.3,Labour Conditions in the Supply Chain,"Description of the greatest (1) labour and (2) environmental, health and safety risks in the supply chain",CG-AA-430b.3,108,06-21_gb-_lvmh_rse2022_108,no,12,Maisons,True,Discussion and Analysis,n/a,supply chain risks|labour risks|health and safety|forced labour|child labour|working conditions|environmental risk|supplier risk,"Qualitative description of the most material labour risks (e.g. forced labour, child labour, excessive hours, wage theft, freedom of association) and environmental/health & safety risks in the supply chain, including geographic concentration and mitigation strategies."
english,06-21_gb-_lvmh_rse2022,CG-AA-440a.3,Raw Materials Sourcing,"(1) List of priority raw materials; for each priority raw material: (2) environmental or social factor(s) most likely to threaten sourcing, (3) discussion on business risks or opportunities associated with environmental or social factors and (4) management strategy for addressing business risks and opportunities",CG-AA-440a.3,109,06-21_gb-_lvmh_rse2022_109,no,N/A,N/A,True,Discussion and Analysis,n/a,priority raw materials|cotton|leather|wool|down|silk|rubber|material risk|supply chain risk|responsible sourcing|deforestation,"Three elements: (1) list of priority raw materials (e.g. cotton, leather, wool, down, silk, cashmere, rubber); (2) for each, the environmental or social risk factor (water use, deforestation, animal welfare, labour); (3) discussion of how the risk affects the business and opportunities for sustainable sourcing."
english,06-21_gb-_lvmh_rse2022,CG-AA-430b.1,Labour Conditions in the Supply Chain,"Percentage of (1) Tier 1 supplier facilities and (2) supplier facilities beyond Tier 1 that have been audited to a labour code of conduct, (3) percentage of total audits conducted by a third-party auditor",CG-AA-430b.1,131,06-21_gb-_lvmh_rse2022_131,no,N/A,N/A,False,Quantitative,Percentage (%),labour audit|Tier 1 suppliers|beyond Tier 1|high-risk facilities|supply chain|SMETA|SA8000|fair labour|working conditions,"Percentage of supplier facilities (Tier 1 and beyond) audited to a recognised labour standard (SMETA, SA8000, Fair Trade, etc.), disaggregated by tier (1 vs. beyond 1) and risk level (all vs. high-risk)."
english,06-21_gb-_lvmh_rse2022,CG-AA-430b.1,Labour Conditions in the Supply Chain,(1) Priority non-conformance rate and (2) associated corrective action rate for suppliers' labour code of conduct audits,CG-AA-430b.1,131,06-21_gb-_lvmh_rse2022_131,no,7,%,False,Quantitative,Percentage (%),labour audit|Tier 1 suppliers|beyond Tier 1|high-risk facilities|supply chain|SMETA|SA8000|fair labour|working conditions,"Percentage of supplier facilities (Tier 1 and beyond) audited to a recognised labour standard (SMETA, SA8000, Fair Trade, etc.), disaggregated by tier (1 vs. beyond 1) and risk level (all vs. high-risk)."
english,06-21_gb-_lvmh_rse2022,CG-AA-440a.4,Raw Materials Sourcing,"(1) Amount of priority raw materials purchased, by material, and (2) amount of each priority raw material that is certified to a third-party environmental or social standard, by standard",CG-AA-440a.4,151,06-21_gb-_lvmh_rse2022_151,no,94,%,False,Quantitative,Metric tons (t)|Percentage (%),raw materials|certified materials|organic cotton|BCI|FSC leather|RDS down|RWS wool|sustainable sourcing|certification,"Two values per priority material: (1) total quantity purchased (metric tons); (2) quantity or percentage certified to a sustainability standard (e.g. organic cotton, BCI cotton, RDS down, RWS wool, Leather Working Group). Report by material and by certification standard."
french,malakoff-humanis-rapport-esg-climat-article-29-loi-energie-climat-exercice-2022-mh-22365-2306-192,FN-IN-410a.2,"Incorporation of Environmental, Social and Governance Factors in Investment Management","Description of approach to incorporation of environmental, social and governance (ESG) factors in investment management processes and strategies",FN-IN-410a.2,8,malakoff-humanis-rapport-esg-climat-article-29-loi-energie-climat-exercice-2022-mh-22365-2306-192_008,yes,N/A,N/A,True,Discussion and Analysis,n/a,ESG integration|investment management|insurance portfolio|responsible investment|ESG factors|UNPRI|climate risk|sustainable finance,"Qualitative description of: how ESG factors are integrated into investment management for insurance assets (general account), ESG data and research used, exclusion policies, engagement with investees, climate risk assessment, and governance of ESG integration."
french,malakoff-humanis-rapport-esg-climat-article-29-loi-energie-climat-exercice-2022-mh-22365-2306-192,FN-IN-410c.2,Financed Emissions,Gross exposure for each industry by asset class,FN-IN-410c.2,8,malakoff-humanis-rapport-esg-climat-article-29-loi-energie-climat-exercice-2022-mh-22365-2306-192_008,yes but not complete,"40,3",Md€,False,Quantitative,Presentation currency,gross exposure|industry exposure|asset class|sector allocation|insurance portfolio|GICS|industry concentration,"Financial exposure (in presentation currency) broken down by industry (using standard classification such as GICS or NACE) and by asset class (equity, corporate bonds, government bonds, real estate, etc.). Enables assessment of sector concentration risk."
french,malakoff-humanis-rapport-esg-climat-article-29-loi-energie-climat-exercice-2022-mh-22365-2306-192,FN-IN-410c.2,Financed Emissions,Gross exposure for each industry by asset class,FN-IN-410c.2,9,malakoff-humanis-rapport-esg-climat-article-29-loi-energie-climat-exercice-2022-mh-22365-2306-192_009,yes but not complete,14,Md€,False,Quantitative,Presentation currency,gross exposure|industry exposure|asset class|sector allocation|insurance portfolio|GICS|industry concentration,"Financial exposure (in presentation currency) broken down by industry (using standard classification such as GICS or NACE) and by asset class (equity, corporate bonds, government bonds, real estate, etc.). Enables assessment of sector concentration risk."
french,malakoff-humanis-rapport-esg-climat-article-29-loi-energie-climat-exercice-2022-mh-22365-2306-192,FN-IN-410c.4,Financed Emissions,Description of the methodology used to calculate financed emissions,FN-IN-410c.4,9,malakoff-humanis-rapport-esg-climat-article-29-loi-energie-climat-exercice-2022-mh-22365-2306-192_009,yes,N/A,N/A,True,Discussion and Analysis,n/a,financed emissions methodology|PCAF|attribution factor|data sources|estimation|emission factors|portfolio carbon accounting|insurance investments,"Qualitative description of: methodology used (PCAF or equivalent), attribution factors by asset class, data sources for emissions and financial data, estimation approaches for data gaps, and deviations from standard methodology."
french,malakoff-humanis-rapport-esg-climat-article-29-loi-energie-climat-exercice-2022-mh-22365-2306-192,FN-IN-410c.3,Financed Emissions,Percentage of gross exposure included in the financed emissions calculation,FN-IN-410c.3,10,malakoff-humanis-rapport-esg-climat-article-29-loi-energie-climat-exercice-2022-mh-22365-2306-192_010,yes,94,%,True,Quantitative,Percentage (%),gross exposure coverage|financed emissions coverage|PCAF|data availability|asset class coverage,"Percentage of total investment portfolio (gross exposure) included in financed emissions calculation, by asset class. Reflects data coverage. Where incomplete, explain gaps and treatment of excluded assets."
french,malakoff-humanis-rapport-esg-climat-article-29-loi-energie-climat-exercice-2022-mh-22365-2306-192,FN-IN-410b.2,Policies Designed to Incentivise Responsible Behaviour,"Discussion of products or product features that incentivise health, safety or environmentally responsible actions or behaviours",FN-IN-410b.2,10,malakoff-humanis-rapport-esg-climat-article-29-loi-energie-climat-exercice-2022-mh-22365-2306-192_010,yes,N/A,N/A,True,Discussion and Analysis,n/a,insurance products|responsible behaviour|health incentives|safety incentives|telematics|green insurance|wellness programs|behavioural incentives,"Qualitative description of insurance products or features designed to incentivise responsible behaviour: telematics/usage-based auto insurance, wellness programs in health insurance, green building incentives in property insurance, and other product innovations that reward health, safety, or environmental responsibility."
french,malakoff-humanis-rapport-esg-climat-article-29-loi-energie-climat-exercice-2022-mh-22365-2306-192,FN-IN-410c.3,Financed Emissions,Percentage of gross exposure included in the financed emissions calculation,FN-IN-410c.3,12,malakoff-humanis-rapport-esg-climat-article-29-loi-energie-climat-exercice-2022-mh-22365-2306-192_012,yes,28.3,%,True,Quantitative,Percentage (%),gross exposure coverage|financed emissions coverage|PCAF|data availability|asset class coverage,"Percentage of total investment portfolio (gross exposure) included in financed emissions calculation, by asset class. Reflects data coverage. Where incomplete, explain gaps and treatment of excluded assets."
french,malakoff-humanis-rapport-esg-climat-article-29-loi-energie-climat-exercice-2022-mh-22365-2306-192,FN-IN-410c.3,Financed Emissions,Percentage of gross exposure included in the financed emissions calculation,FN-IN-410c.3,13,malakoff-humanis-rapport-esg-climat-article-29-loi-energie-climat-exercice-2022-mh-22365-2306-192_013,yes,13.3,%,True,Quantitative,Percentage (%),gross exposure coverage|financed emissions coverage|PCAF|data availability|asset class coverage,"Percentage of total investment portfolio (gross exposure) included in financed emissions calculation, by asset class. Reflects data coverage. Where incomplete, explain gaps and treatment of excluded assets."
french,malakoff-humanis-rapport-esg-climat-article-29-loi-energie-climat-exercice-2022-mh-22365-2306-192,FN-IN-410a.2,"Incorporation of Environmental, Social and Governance Factors in Investment Management","Description of approach to incorporation of environmental, social and governance (ESG) factors in investment management processes and strategies",FN-IN-410a.2,13,malakoff-humanis-rapport-esg-climat-article-29-loi-energie-climat-exercice-2022-mh-22365-2306-192_013,yes,N/A,N/A,True,Discussion and Analysis,n/a,ESG integration|investment management|insurance portfolio|responsible investment|ESG factors|UNPRI|climate risk|sustainable finance,"Qualitative description of: how ESG factors are integrated into investment management for insurance assets (general account), ESG data and research used, exclusion policies, engagement with investees, climate risk assessment, and governance of ESG integration."
french,malakoff-humanis-rapport-esg-climat-article-29-loi-energie-climat-exercice-2022-mh-22365-2306-192,FN-IN-410a.2,"Incorporation of Environmental, Social and Governance Factors in Investment Management","Description of approach to incorporation of environmental, social and governance (ESG) factors in investment management processes and strategies",FN-IN-410a.2,14,malakoff-humanis-rapport-esg-climat-article-29-loi-energie-climat-exercice-2022-mh-22365-2306-192_014,yes,N/A,N/A,True,Discussion and Analysis,n/a,ESG integration|investment management|insurance portfolio|responsible investment|ESG factors|UNPRI|climate risk|sustainable finance,"Qualitative description of: how ESG factors are integrated into investment management for insurance assets (general account), ESG data and research used, exclusion policies, engagement with investees, climate risk assessment, and governance of ESG integration."
french,malakoff-humanis-rapport-esg-climat-article-29-loi-energie-climat-exercice-2022-mh-22365-2306-192,FN-IN-410b.2,Policies Designed to Incentivise Responsible Behaviour,"Discussion of products or product features that incentivise health, safety or environmentally responsible actions or behaviours",FN-IN-410b.2,14,malakoff-humanis-rapport-esg-climat-article-29-loi-energie-climat-exercice-2022-mh-22365-2306-192_014,yes,N/A,N/A,True,Discussion and Analysis,n/a,insurance products|responsible behaviour|health incentives|safety incentives|telematics|green insurance|wellness programs|behavioural incentives,"Qualitative description of insurance products or features designed to incentivise responsible behaviour: telematics/usage-based auto insurance, wellness programs in health insurance, green building incentives in property insurance, and other product innovations that reward health, safety, or environmental responsibility."
french,malakoff-humanis-rapport-esg-climat-article-29-loi-energie-climat-exercice-2022-mh-22365-2306-192,FN-IN-410b.2,Policies Designed to Incentivise Responsible Behaviour,"Discussion of products or product features that incentivise health, safety or environmentally responsible actions or behaviours",FN-IN-410b.2,15,malakoff-humanis-rapport-esg-climat-article-29-loi-energie-climat-exercice-2022-mh-22365-2306-192_015,yes,N/A,N/A,True,Discussion and Analysis,n/a,insurance products|responsible behaviour|health incentives|safety incentives|telematics|green insurance|wellness programs|behavioural incentives,"Qualitative description of insurance products or features designed to incentivise responsible behaviour: telematics/usage-based auto insurance, wellness programs in health insurance, green building incentives in property insurance, and other product innovations that reward health, safety, or environmental responsibility."
french,malakoff-humanis-rapport-esg-climat-article-29-loi-energie-climat-exercice-2022-mh-22365-2306-192,FN-IN-410a.2,"Incorporation of Environmental, Social and Governance Factors in Investment Management","Description of approach to incorporation of environmental, social and governance (ESG) factors in investment management processes and strategies",FN-IN-410a.2,16,malakoff-humanis-rapport-esg-climat-article-29-loi-energie-climat-exercice-2022-mh-22365-2306-192_016,yes,N/A,N/A,True,Discussion and Analysis,n/a,ESG integration|investment management|insurance portfolio|responsible investment|ESG factors|UNPRI|climate risk|sustainable finance,"Qualitative description of: how ESG factors are integrated into investment management for insurance assets (general account), ESG data and research used, exclusion policies, engagement with investees, climate risk assessment, and governance of ESG integration."
french,malakoff-humanis-rapport-esg-climat-article-29-loi-energie-climat-exercice-2022-mh-22365-2306-192,FN-IN-410c.4,Financed Emissions,Description of the methodology used to calculate financed emissions,FN-IN-410c.4,19,malakoff-humanis-rapport-esg-climat-article-29-loi-energie-climat-exercice-2022-mh-22365-2306-192_019,yes,N/A,N/A,True,Discussion and Analysis,n/a,financed emissions methodology|PCAF|attribution factor|data sources|estimation|emission factors|portfolio carbon accounting|insurance investments,"Qualitative description of: methodology used (PCAF or equivalent), attribution factors by asset class, data sources for emissions and financial data, estimation approaches for data gaps, and deviations from standard methodology."
french,malakoff-humanis-rapport-esg-climat-article-29-loi-energie-climat-exercice-2022-mh-22365-2306-192,FN-IN-410c.3,Financed Emissions,Percentage of gross exposure included in the financed emissions calculation,FN-IN-410c.3,27,malakoff-humanis-rapport-esg-climat-article-29-loi-energie-climat-exercice-2022-mh-22365-2306-192_027,yes,"32,6",%,True,Quantitative,Percentage (%),gross exposure coverage|financed emissions coverage|PCAF|data availability|asset class coverage,"Percentage of total investment portfolio (gross exposure) included in financed emissions calculation, by asset class. Reflects data coverage. Where incomplete, explain gaps and treatment of excluded assets."
french,malakoff-humanis-rapport-esg-climat-article-29-loi-energie-climat-exercice-2022-mh-22365-2306-192,FN-IN-410c.4,Financed Emissions,Description of the methodology used to calculate financed emissions,FN-IN-410c.4,27,malakoff-humanis-rapport-esg-climat-article-29-loi-energie-climat-exercice-2022-mh-22365-2306-192_027,yes,N/A,N/A,True,Discussion and Analysis,n/a,financed emissions methodology|PCAF|attribution factor|data sources|estimation|emission factors|portfolio carbon accounting|insurance investments,"Qualitative description of: methodology used (PCAF or equivalent), attribution factors by asset class, data sources for emissions and financial data, estimation approaches for data gaps, and deviations from standard methodology."
french,malakoff-humanis-rapport-esg-climat-article-29-loi-energie-climat-exercice-2022-mh-22365-2306-192,FN-IN-410c.1,Financed Emissions,"Absolute gross financed emissions, disaggregated by (1) Scope 1, (2) Scope 2 and (3) Scope 3",FN-IN-410c.1,31,malakoff-humanis-rapport-esg-climat-article-29-loi-energie-climat-exercice-2022-mh-22365-2306-192_031,yes,"3,472",millions tonnes de CO2,True,Quantitative,Metric tons (t) CO2-e,financed emissions|Scope 1|Scope 2|Scope 3|portfolio emissions|PCAF|insurance investments|carbon footprint|climate alignment,"Absolute financed GHG emissions from insurance investment portfolio in metric tons CO2-equivalent, disaggregated by Scope 1, Scope 2, and Scope 3, and by asset class. Calculated per PCAF methodology or equivalent."
french,malakoff-humanis-rapport-esg-climat-article-29-loi-energie-climat-exercice-2022-mh-22365-2306-192,FN-IN-410c.2,Financed Emissions,Gross exposure for each industry by asset class,FN-IN-410c.2,31,malakoff-humanis-rapport-esg-climat-article-29-loi-energie-climat-exercice-2022-mh-22365-2306-192_031,yes but not complete,N/A,N/A,False,Quantitative,Presentation currency,gross exposure|industry exposure|asset class|sector allocation|insurance portfolio|GICS|industry concentration,"Financial exposure (in presentation currency) broken down by industry (using standard classification such as GICS or NACE) and by asset class (equity, corporate bonds, government bonds, real estate, etc.). Enables assessment of sector concentration risk."
french,malakoff-humanis-rapport-esg-climat-article-29-loi-energie-climat-exercice-2022-mh-22365-2306-192,FN-IN-410c.1,Financed Emissions,"Absolute gross financed emissions, disaggregated by (1) Scope 1, (2) Scope 2 and (3) Scope 3",FN-IN-410c.1,32,malakoff-humanis-rapport-esg-climat-article-29-loi-energie-climat-exercice-2022-mh-22365-2306-192_032,yes,134,tonnes de CO2,True,Quantitative,Metric tons (t) CO2-e,financed emissions|Scope 1|Scope 2|Scope 3|portfolio emissions|PCAF|insurance investments|carbon footprint|climate alignment,"Absolute financed GHG emissions from insurance investment portfolio in metric tons CO2-equivalent, disaggregated by Scope 1, Scope 2, and Scope 3, and by asset class. Calculated per PCAF methodology or equivalent."
french,malakoff-humanis-rapport-esg-climat-article-29-loi-energie-climat-exercice-2022-mh-22365-2306-192,FN-IN-410c.4,Financed Emissions,Description of the methodology used to calculate financed emissions,FN-IN-410c.4,34,malakoff-humanis-rapport-esg-climat-article-29-loi-energie-climat-exercice-2022-mh-22365-2306-192_034,yes,N/A,N/A,True,Discussion and Analysis,n/a,financed emissions methodology|PCAF|attribution factor|data sources|estimation|emission factors|portfolio carbon accounting|insurance investments,"Qualitative description of: methodology used (PCAF or equivalent), attribution factors by asset class, data sources for emissions and financial data, estimation approaches for data gaps, and deviations from standard methodology."
french,malakoff-humanis-rapport-esg-climat-article-29-loi-energie-climat-exercice-2022-mh-22365-2306-192,FN-IN-410c.4,Financed Emissions,Description of the methodology used to calculate financed emissions,FN-IN-410c.4,36,malakoff-humanis-rapport-esg-climat-article-29-loi-energie-climat-exercice-2022-mh-22365-2306-192_036,yes,N/A,N/A,True,Discussion and Analysis,n/a,financed emissions methodology|PCAF|attribution factor|data sources|estimation|emission factors|portfolio carbon accounting|insurance investments,"Qualitative description of: methodology used (PCAF or equivalent), attribution factors by asset class, data sources for emissions and financial data, estimation approaches for data gaps, and deviations from standard methodology."
french,malakoff-humanis-rapport-esg-climat-article-29-loi-energie-climat-exercice-2022-mh-22365-2306-192,FN-IN-410a.2,"Incorporation of Environmental, Social and Governance Factors in Investment Management","Description of approach to incorporation of environmental, social and governance (ESG) factors in investment management processes and strategies",FN-IN-410a.2,47,malakoff-humanis-rapport-esg-climat-article-29-loi-energie-climat-exercice-2022-mh-22365-2306-192_047,yes,N/A,N/A,True,Discussion and Analysis,n/a,ESG integration|investment management|insurance portfolio|responsible investment|ESG factors|UNPRI|climate risk|sustainable finance,"Qualitative description of: how ESG factors are integrated into investment management for insurance assets (general account), ESG data and research used, exclusion policies, engagement with investees, climate risk assessment, and governance of ESG integration."
french,malakoff-humanis-rapport-esg-climat-article-29-loi-energie-climat-exercice-2022-mh-22365-2306-192,FN-IN-410a.2,"Incorporation of Environmental, Social and Governance Factors in Investment Management","Description of approach to incorporation of environmental, social and governance (ESG) factors in investment management processes and strategies",FN-IN-410a.2,48,malakoff-humanis-rapport-esg-climat-article-29-loi-energie-climat-exercice-2022-mh-22365-2306-192_048,yes,N/A,N/A,True,Discussion and Analysis,n/a,ESG integration|investment management|insurance portfolio|responsible investment|ESG factors|UNPRI|climate risk|sustainable finance,"Qualitative description of: how ESG factors are integrated into investment management for insurance assets (general account), ESG data and research used, exclusion policies, engagement with investees, climate risk assessment, and governance of ESG integration."
french,malakoff-humanis-rapport-esg-climat-article-29-loi-energie-climat-exercice-2022-mh-22365-2306-192,FN-IN-410c.2,Financed Emissions,Gross exposure for each industry by asset class,FN-IN-410c.2,48,malakoff-humanis-rapport-esg-climat-article-29-loi-energie-climat-exercice-2022-mh-22365-2306-192_048,yes but not complete,N/A,N/A,False,Quantitative,Presentation currency,gross exposure|industry exposure|asset class|sector allocation|insurance portfolio|GICS|industry concentration,"Financial exposure (in presentation currency) broken down by industry (using standard classification such as GICS or NACE) and by asset class (equity, corporate bonds, government bonds, real estate, etc.). Enables assessment of sector concentration risk."
french,malakoff-humanis-rapport-esg-climat-article-29-loi-energie-climat-exercice-2022-mh-22365-2306-192,FN-IN-410c.3,Financed Emissions,Percentage of gross exposure included in the financed emissions calculation,FN-IN-410c.3,48,malakoff-humanis-rapport-esg-climat-article-29-loi-energie-climat-exercice-2022-mh-22365-2306-192_048,yes but not complete,N/A,N/A,False,Quantitative,Percentage (%),gross exposure coverage|financed emissions coverage|PCAF|data availability|asset class coverage,"Percentage of total investment portfolio (gross exposure) included in financed emissions calculation, by asset class. Reflects data coverage. Where incomplete, explain gaps and treatment of excluded assets."
french,malakoff-humanis-rapport-esg-climat-article-29-loi-energie-climat-exercice-2022-mh-22365-2306-192,FN-IN-410a.2,"Incorporation of Environmental, Social and Governance Factors in Investment Management","Description of approach to incorporation of environmental, social and governance (ESG) factors in investment management processes and strategies",FN-IN-410a.2,50,malakoff-humanis-rapport-esg-climat-article-29-loi-energie-climat-exercice-2022-mh-22365-2306-192_050,yes,N/A,N/A,True,Discussion and Analysis,n/a,ESG integration|investment management|insurance portfolio|responsible investment|ESG factors|UNPRI|climate risk|sustainable finance,"Qualitative description of: how ESG factors are integrated into investment management for insurance assets (general account), ESG data and research used, exclusion policies, engagement with investees, climate risk assessment, and governance of ESG integration."
french,malakoff-humanis-rapport-esg-climat-article-29-loi-energie-climat-exercice-2022-mh-22365-2306-192,FN-IN-410a.2,"Incorporation of Environmental, Social and Governance Factors in Investment Management","Description of approach to incorporation of environmental, social and governance (ESG) factors in investment management processes and strategies",FN-IN-410a.2,9,malakoff-humanis-rapport-esg-climat-article-29-loi-energie-climat-exercice-2022-mh-22365-2306-192_009,no,N/A,N/A,True,Discussion and Analysis,n/a,ESG integration|investment management|insurance portfolio|responsible investment|ESG factors|UNPRI|climate risk|sustainable finance,"Qualitative description of: how ESG factors are integrated into investment management for insurance assets (general account), ESG data and research used, exclusion policies, engagement with investees, climate risk assessment, and governance of ESG integration."
french,malakoff-humanis-rapport-esg-climat-article-29-loi-energie-climat-exercice-2022-mh-22365-2306-192,FN-IN-410c.2,Financed Emissions,Gross exposure for each industry by asset class,FN-IN-410c.2,10,malakoff-humanis-rapport-esg-climat-article-29-loi-energie-climat-exercice-2022-mh-22365-2306-192_010,no,"40,3",Md€,False,Quantitative,Presentation currency,gross exposure|industry exposure|asset class|sector allocation|insurance portfolio|GICS|industry concentration,"Financial exposure (in presentation currency) broken down by industry (using standard classification such as GICS or NACE) and by asset class (equity, corporate bonds, government bonds, real estate, etc.). Enables assessment of sector concentration risk."
french,malakoff-humanis-rapport-esg-climat-article-29-loi-energie-climat-exercice-2022-mh-22365-2306-192,FN-IN-410c.4,Financed Emissions,Description of the methodology used to calculate financed emissions,FN-IN-410c.4,10,malakoff-humanis-rapport-esg-climat-article-29-loi-energie-climat-exercice-2022-mh-22365-2306-192_010,no,N/A,N/A,True,Discussion and Analysis,n/a,financed emissions methodology|PCAF|attribution factor|data sources|estimation|emission factors|portfolio carbon accounting|insurance investments,"Qualitative description of: methodology used (PCAF or equivalent), attribution factors by asset class, data sources for emissions and financial data, estimation approaches for data gaps, and deviations from standard methodology."
french,malakoff-humanis-rapport-esg-climat-article-29-loi-energie-climat-exercice-2022-mh-22365-2306-192,FN-IN-410c.3,Financed Emissions,Percentage of gross exposure included in the financed emissions calculation,FN-IN-410c.3,14,malakoff-humanis-rapport-esg-climat-article-29-loi-energie-climat-exercice-2022-mh-22365-2306-192_014,no,94,%,True,Quantitative,Percentage (%),gross exposure coverage|financed emissions coverage|PCAF|data availability|asset class coverage,"Percentage of total investment portfolio (gross exposure) included in financed emissions calculation, by asset class. Reflects data coverage. Where incomplete, explain gaps and treatment of excluded assets."
french,malakoff-humanis-rapport-esg-climat-article-29-loi-energie-climat-exercice-2022-mh-22365-2306-192,FN-IN-410c.2,Financed Emissions,Gross exposure for each industry by asset class,FN-IN-410c.2,12,malakoff-humanis-rapport-esg-climat-article-29-loi-energie-climat-exercice-2022-mh-22365-2306-192_012,no,"26,5",milliards d’euros,True,Quantitative,Presentation currency,gross exposure|industry exposure|asset class|sector allocation|insurance portfolio|GICS|industry concentration,"Financial exposure (in presentation currency) broken down by industry (using standard classification such as GICS or NACE) and by asset class (equity, corporate bonds, government bonds, real estate, etc.). Enables assessment of sector concentration risk."
french,malakoff-humanis-rapport-esg-climat-article-29-loi-energie-climat-exercice-2022-mh-22365-2306-192,FN-IN-410a.2,"Incorporation of Environmental, Social and Governance Factors in Investment Management","Description of approach to incorporation of environmental, social and governance (ESG) factors in investment management processes and strategies",FN-IN-410a.2,15,malakoff-humanis-rapport-esg-climat-article-29-loi-energie-climat-exercice-2022-mh-22365-2306-192_015,no,N/A,N/A,True,Discussion and Analysis,n/a,ESG integration|investment management|insurance portfolio|responsible investment|ESG factors|UNPRI|climate risk|sustainable finance,"Qualitative description of: how ESG factors are integrated into investment management for insurance assets (general account), ESG data and research used, exclusion policies, engagement with investees, climate risk assessment, and governance of ESG integration."
french,malakoff-humanis-rapport-esg-climat-article-29-loi-energie-climat-exercice-2022-mh-22365-2306-192,FN-IN-410b.2,Policies Designed to Incentivise Responsible Behaviour,"Discussion of products or product features that incentivise health, safety or environmentally responsible actions or behaviours",FN-IN-410b.2,16,malakoff-humanis-rapport-esg-climat-article-29-loi-energie-climat-exercice-2022-mh-22365-2306-192_016,no,N/A,N/A,True,Discussion and Analysis,n/a,insurance products|responsible behaviour|health incentives|safety incentives|telematics|green insurance|wellness programs|behavioural incentives,"Qualitative description of insurance products or features designed to incentivise responsible behaviour: telematics/usage-based auto insurance, wellness programs in health insurance, green building incentives in property insurance, and other product innovations that reward health, safety, or environmental responsibility."
french,malakoff-humanis-rapport-esg-climat-article-29-loi-energie-climat-exercice-2022-mh-22365-2306-192,FN-IN-410a.2,"Incorporation of Environmental, Social and Governance Factors in Investment Management","Description of approach to incorporation of environmental, social and governance (ESG) factors in investment management processes and strategies",FN-IN-410a.2,19,malakoff-humanis-rapport-esg-climat-article-29-loi-energie-climat-exercice-2022-mh-22365-2306-192_019,no,N/A,N/A,True,Discussion and Analysis,n/a,ESG integration|investment management|insurance portfolio|responsible investment|ESG factors|UNPRI|climate risk|sustainable finance,"Qualitative description of: how ESG factors are integrated into investment management for insurance assets (general account), ESG data and research used, exclusion policies, engagement with investees, climate risk assessment, and governance of ESG integration."
french,malakoff-humanis-rapport-esg-climat-article-29-loi-energie-climat-exercice-2022-mh-22365-2306-192,FN-IN-410a.2,"Incorporation of Environmental, Social and Governance Factors in Investment Management","Description of approach to incorporation of environmental, social and governance (ESG) factors in investment management processes and strategies",FN-IN-410a.2,31,malakoff-humanis-rapport-esg-climat-article-29-loi-energie-climat-exercice-2022-mh-22365-2306-192_031,no,N/A,N/A,True,Discussion and Analysis,n/a,ESG integration|investment management|insurance portfolio|responsible investment|ESG factors|UNPRI|climate risk|sustainable finance,"Qualitative description of: how ESG factors are integrated into investment management for insurance assets (general account), ESG data and research used, exclusion policies, engagement with investees, climate risk assessment, and governance of ESG integration."
french,malakoff-humanis-rapport-esg-climat-article-29-loi-energie-climat-exercice-2022-mh-22365-2306-192,FN-IN-410c.3,Financed Emissions,Percentage of gross exposure included in the financed emissions calculation,FN-IN-410c.3,31,malakoff-humanis-rapport-esg-climat-article-29-loi-energie-climat-exercice-2022-mh-22365-2306-192_031,no,"97,5",%,True,Quantitative,Percentage (%),gross exposure coverage|financed emissions coverage|PCAF|data availability|asset class coverage,"Percentage of total investment portfolio (gross exposure) included in financed emissions calculation, by asset class. Reflects data coverage. Where incomplete, explain gaps and treatment of excluded assets."
french,malakoff-humanis-rapport-esg-climat-article-29-loi-energie-climat-exercice-2022-mh-22365-2306-192,FN-IN-410c.4,Financed Emissions,Description of the methodology used to calculate financed emissions,FN-IN-410c.4,31,malakoff-humanis-rapport-esg-climat-article-29-loi-energie-climat-exercice-2022-mh-22365-2306-192_031,no,N/A,N/A,True,Discussion and Analysis,n/a,financed emissions methodology|PCAF|attribution factor|data sources|estimation|emission factors|portfolio carbon accounting|insurance investments,"Qualitative description of: methodology used (PCAF or equivalent), attribution factors by asset class, data sources for emissions and financial data, estimation approaches for data gaps, and deviations from standard methodology."
french,malakoff-humanis-rapport-esg-climat-article-29-loi-energie-climat-exercice-2022-mh-22365-2306-192,FN-IN-410c.2,Financed Emissions,Gross exposure for each industry by asset class,FN-IN-410c.2,32,malakoff-humanis-rapport-esg-climat-article-29-loi-energie-climat-exercice-2022-mh-22365-2306-192_032,no,N/A,N/A,False,Quantitative,Presentation currency,gross exposure|industry exposure|asset class|sector allocation|insurance portfolio|GICS|industry concentration,"Financial exposure (in presentation currency) broken down by industry (using standard classification such as GICS or NACE) and by asset class (equity, corporate bonds, government bonds, real estate, etc.). Enables assessment of sector concentration risk."
french,malakoff-humanis-rapport-esg-climat-article-29-loi-energie-climat-exercice-2022-mh-22365-2306-192,FN-IN-410a.2,"Incorporation of Environmental, Social and Governance Factors in Investment Management","Description of approach to incorporation of environmental, social and governance (ESG) factors in investment management processes and strategies",FN-IN-410a.2,51,malakoff-humanis-rapport-esg-climat-article-29-loi-energie-climat-exercice-2022-mh-22365-2306-192_051,no,N/A,N/A,True,Discussion and Analysis,n/a,ESG integration|investment management|insurance portfolio|responsible investment|ESG factors|UNPRI|climate risk|sustainable finance,"Qualitative description of: how ESG factors are integrated into investment management for insurance assets (general account), ESG data and research used, exclusion policies, engagement with investees, climate risk assessment, and governance of ESG integration."
french,rse2022_web_0,IF-EU-540a.2,Nuclear Safety & Emergency Management,Description of efforts to manage nuclear safety and emergency preparedness,IF-EU-540a.2,10,rse2022_web_0_010,yes,N/A,N/A,True,Discussion and Analysis,n/a,nuclear safety|emergency preparedness|reactor safety|WANO|INPO|nuclear emergency plan|radiation protection|nuclear security,"Qualitative description of: nuclear safety management systems, safety culture programs, emergency response plans (FEMA, NRC requirements), regulatory compliance (WANO, INPO performance indicators), radiation protection programs, and nuclear security measures. Only applicable for entities with nuclear generation."
french,rse2022_web_0,IF-EU-540a.2,Nuclear Safety & Emergency Management,Description of efforts to manage nuclear safety and emergency preparedness,IF-EU-540a.2,11,rse2022_web_0_011,yes,N/A,N/A,True,Discussion and Analysis,n/a,nuclear safety|emergency preparedness|reactor safety|WANO|INPO|nuclear emergency plan|radiation protection|nuclear security,"Qualitative description of: nuclear safety management systems, safety culture programs, emergency response plans (FEMA, NRC requirements), regulatory compliance (WANO, INPO performance indicators), radiation protection programs, and nuclear security measures. Only applicable for entities with nuclear generation."
french,rse2022_web_0,IF-EU-110a.3,Greenhouse Gas Emissions & Energy Resource Planning,"Discussion of long- and short-term strategy or plan to manage Scope 1 emissions, emissions reduction targets, and an analysis of performance against those targets",IF-EU-110a.3,8,rse2022_web_0_008,no,N/A,N/A,True,Discussion and Analysis,n/a,emissions strategy|net zero|decarbonisation|renewable energy transition|coal phase-out|emissions targets|climate plan|IRP integrated resource plan,"Qualitative discussion of: GHG reduction strategy (coal retirement, renewable build-out, efficiency, CCS), short- and long-term targets (absolute and/or intensity-based), timeline, and performance against stated targets."
french,rse2022_web_0,IF-EU-140a.3,Water Management,Description of water management risks and discussion of strategies and practices to mitigate those risks,IF-EU-140a.3,27,rse2022_web_0_027,no,N/A,N/A,True,Discussion and Analysis,n/a,water management|water risk|drought risk|water scarcity|cooling water|water strategy|water efficiency|water stewardship,"Qualitative description of: water-related risks to operations (drought, regulatory, scarcity), geographic concentration of risk, mitigation strategies (efficiency, alternative cooling technologies, water recycling, drought response plans), and water reduction targets."
french,ine_esg-report_fr_final,IF-EU-110a.1,Greenhouse Gas Emissions & Energy Resource Planning,"(1) Gross global Scope 1 emissions, percentage covered under (2) emissions- limiting regulations and (3) emissions- reporting regulations",IF-EU-110a.1,37,ine_esg-report_fr_final_037,yes,"1 430,43",tonnes métriques d’équivalent CO2,True,Quantitative,Metric tons (t) CO2-e|Percentage (%),Scope 1 emissions|greenhouse gas|GHG|power generation emissions|emissions-limiting|carbon emissions|coal power|natural gas power,"Three values: (1) gross Scope 1 GHG emissions in metric tons CO2-equivalent; (2) percentage covered under emissions-limiting regulations (cap-and-trade, carbon tax, ETS); (3) percentage under emissions reporting regulations. Scope: all owned and operated generation assets."
french,ine_esg-report_fr_final,IF-EU-110a.1,Greenhouse Gas Emissions & Energy Resource Planning,"(1) Gross global Scope 1 emissions, percentage covered under (2) emissions- limiting regulations and (3) emissions- reporting regulations",IF-EU-110a.1,37,ine_esg-report_fr_final_037,yes but not complete,"0,129",kg d’équivalent CO₂/MWh,False,Quantitative,Metric tons (t) CO2-e|Percentage (%),Scope 1 emissions|greenhouse gas|GHG|power generation emissions|emissions-limiting|carbon emissions|coal power|natural gas power,"Three values: (1) gross Scope 1 GHG emissions in metric tons CO2-equivalent; (2) percentage covered under emissions-limiting regulations (cap-and-trade, carbon tax, ETS); (3) percentage under emissions reporting regulations. Scope: all owned and operated generation assets."
french,ine_esg-report_fr_final,IF-EU-420a.3,Greenhouse Gas Emissions & Energy Resource Planning,"Customer electricity savings from efficiency measures, by market 3",IF-EU-420a.3,58,ine_esg-report_fr_final_058,yes but not complete,N/A,N/A,False,Quantitative,Megawatt hours (MWh),energy efficiency|customer savings|demand-side management|DSM|efficiency programs|electricity savings|smart meters|efficiency measures,"Total electricity saved by customers as a result of utility-administered energy efficiency programs, measured in MWh, disaggregated by market (residential, commercial, industrial). Reflects the utility's contribution to demand-side management."
french,ine_esg-report_fr_final,IF-EU-140a.1,Water Management,"(1) Total water withdrawn, (2) total water consumed; percentage of each in regions with High or Extremely High Baseline Water Stress",IF-EU-140a.1,42,ine_esg-report_fr_final_042,yes,10 865,m3,True,Quantitative,Thousand cubic metres (m³)|Percentage (%),water withdrawal|water consumption|water stress|cooling water|thermoelectric|water intensity|WRI Aqueduct,Two paired values: (1) total water withdrawn in thousand m³ + percentage from High/Extremely High Baseline Water Stress regions; (2) total water consumed + same percentage. Thermoelectric power plants are large water users for cooling.
french,ine_esg-report_fr_final,IF-EU-140a.1,Water Management,"Number of incidents of non-compliance associated with water quality permits, standards and regulations",IF-EU-140a.1,42,ine_esg-report_fr_final_042,yes but not complete,0,incidents,False,Quantitative,Thousand cubic metres (m³)|Percentage (%),water withdrawal|water consumption|water stress|cooling water|thermoelectric|water intensity|WRI Aqueduct,Two paired values: (1) total water withdrawn in thousand m³ + percentage from High/Extremely High Baseline Water Stress regions; (2) total water consumed + same percentage. Thermoelectric power plants are large water users for cooling.
french,ine_esg-report_fr_final,IF-EU-110a.1,Grenhouse Gas Emissions & Energy Ressource Planning,"(1) Gross global Scope 1 emissions, percentage covered under (2) emissions- limiting regulations and (3) emissions- reporting regulations",IF-EU-110a.1,55,ine_esg-report_fr_final_055,yes,"1 430,43",tonnes métriques (t) d’éq. CO₂,True,Quantitative,Metric tons (t) CO2-e|Percentage (%),Scope 1 emissions|greenhouse gas|GHG|power generation emissions|emissions-limiting|carbon emissions|coal power|natural gas power,"Three values: (1) gross Scope 1 GHG emissions in metric tons CO2-equivalent; (2) percentage covered under emissions-limiting regulations (cap-and-trade, carbon tax, ETS); (3) percentage under emissions reporting regulations. Scope: all owned and operated generation assets."
french,ine_esg-report_fr_final,IF-EU-110a.2,Grenhouse Gas Emissions & Energy Ressource Planning,Greenhouse gas (GHG) emissions associated with power deliveries,IF-EU-110a.2,55,ine_esg-report_fr_final_055,yes,0,tonnes métriques (t) d’éq. CO₂,True,Quantitative,Metric tons (t) CO2-e per megawatt-hour (MWh),generation emissions intensity|GHG intensity|CO2 per MWh|grid emissions factor|power mix|low carbon electricity,GHG emissions intensity of power delivered to customers in metric tons CO2-equivalent per MWh. Reflects the carbon intensity of the electricity grid and is used to assess transition risk.
french,ine_esg-report_fr_final,IF-EU-110a.3,Grenhouse Gas Emissions & Energy Ressource Planning,"Discussion of long- and short-term strategy or plan to manage Scope 1 emissions, emissions reduction targets, and an analysis of performance against those targets",IF-EU-110a.3,55,ine_esg-report_fr_final_055,yes,N/A,N/A,True,Discussion and Analysis,n/a,emissions strategy|net zero|decarbonisation|renewable energy transition|coal phase-out|emissions targets|climate plan|IRP integrated resource plan,"Qualitative discussion of: GHG reduction strategy (coal retirement, renewable build-out, efficiency, CCS), short- and long-term targets (absolute and/or intensity-based), timeline, and performance against stated targets."
french,ine_esg-report_fr_final,IF-EU-120a.1,Air Quality,"Air emissions of the following pollutants: (1) NOx (excluding N2O), (2) SOx, (3) particulate matter (PM10), (4) lead (Pb), and (5) mercury (Hg); percentage of each in or near areas of dense population",IF-EU-120a.1,55,ine_esg-report_fr_final_055,yes,0,tonnes métriques,True,Quantitative,Metric tons (t),air emissions|NOx|SOx|particulate matter|PM10|lead|mercury|air quality|power plant emissions|scrubbers,"Five separate values in metric tons: NOx (excl. N2O), SOx, PM10, lead (Pb), and mercury (Hg). Particularly relevant for coal-fired generation. Report by pollutant."
french,ine_esg-report_fr_final,IF-EU-320a.1,Workforce Health & Safety,"(1) Total recordable incident rate (TRIR), (2) fatality rate, and (3) near miss frequency rate (NMFR) for (a) direct employees and (b) contract employees",IF-EU-320a.1,58,ine_esg-report_fr_final_058,yes,"10,04",taux de fréquence des quasi-accidents,True,Quantitative,Rate,TRIR|fatality rate|near miss|NMFR|occupational safety|direct employees|contractors|workplace safety|electrical safety,"Three rates reported separately for direct employees and contract employees: (1) TRIR (recordable incidents × 200,000 / hours worked); (2) fatality rate; (3) near miss frequency rate. Electrical utilities have elevated safety risks from high-voltage systems."
french,ine_esg-report_fr_final,IF-EU-550a.1,Grid Resiliency,Number of incidents of non-compliance with physical or cybersecurity standards or regulations,IF-EU-550a.1,58,ine_esg-report_fr_final_058,yes,7,incidents,True,Quantitative,Number,cybersecurity|physical security|grid security|NERC CIP|non-compliance|security incidents|critical infrastructure|cyber incidents,"Total number of incidents of non-compliance with physical or cybersecurity standards (e.g. NERC CIP in North America, NIS Directive in Europe) during the reporting period. Reflects exposure to grid security risk."
french,ine_esg-report_fr_final,IF-EU-550a.2,Grid Resiliency,"(1) System Average Interruption Duration Index (SAIDI), (2) System Average Interruption Frequency Index (SAIFI), and (3) Customer Average Interruption Duration Index (CAIDI), inclusive of major event days 4",IF-EU-550a.2,58,ine_esg-report_fr_final_058,yes but not complete,N/A,N/A,False,Quantitative,Minutes|Number,SAIDI|SAIFI|CAIDI|grid reliability|power outage|interruption duration|interruption frequency|reliability metrics|major event days,"Three reliability metrics: (1) SAIDI — average outage duration per customer served (minutes); (2) SAIFI — average number of interruptions per customer; (3) CAIDI — average outage duration per interruption. All inclusive of major event days (storms, etc.)."
french,ine_esg-report_fr_final,IF-EU-110a.3,Grenhouse Gas Emissions & Energy Ressource Planning,"Discussion of long- and short-term strategy or plan to manage Scope 1 emissions, emissions reduction targets, and an analysis of performance against those targets",IF-EU-110a.3,37,ine_esg-report_fr_final_037,no,N/A,N/A,True,Discussion and Analysis,n/a,emissions strategy|net zero|decarbonisation|renewable energy transition|coal phase-out|emissions targets|climate plan|IRP integrated resource plan,"Qualitative discussion of: GHG reduction strategy (coal retirement, renewable build-out, efficiency, CCS), short- and long-term targets (absolute and/or intensity-based), timeline, and performance against stated targets."
french,ine_esg-report_fr_final,IF-EU-140a.1,Water Management,"(1) Total water withdrawn, (2) total water consumed; percentage of each in regions with High or Extremely High Baseline Water Stress",IF-EU-140a.1,43,ine_esg-report_fr_final_043,no,10 865,m3,True,Quantitative,Thousand cubic metres (m³)|Percentage (%),water withdrawal|water consumption|water stress|cooling water|thermoelectric|water intensity|WRI Aqueduct,Two paired values: (1) total water withdrawn in thousand m³ + percentage from High/Extremely High Baseline Water Stress regions; (2) total water consumed + same percentage. Thermoelectric power plants are large water users for cooling.
french,ine_esg-report_fr_final,IF-EU-140a.1,Water Management,"Number of incidents of non-compliance associated with water quality permits, standards and regulations",IF-EU-140a.1,43,ine_esg-report_fr_final_043,no,0,incidents,False,Quantitative,Thousand cubic metres (m³)|Percentage (%),water withdrawal|water consumption|water stress|cooling water|thermoelectric|water intensity|WRI Aqueduct,Two paired values: (1) total water withdrawn in thousand m³ + percentage from High/Extremely High Baseline Water Stress regions; (2) total water consumed + same percentage. Thermoelectric power plants are large water users for cooling.
french,remy_cointreau_rapport_rse_2023,FB-AB-430a.1,Environmental & Social Impacts of Ingredient Supply Chain,Suppliers’ social and environmental responsibility audit (1) non-conformance rate and (2) associated corrective action rate for (a) major and (b) minor non-conformances,FB-AB-430a.1,5,remy_cointreau_rapport_rse_2023_005,yes but not complete,N/A,N/A,False,Quantitative,Percentage (%),supplier audit|non-conformance|corrective action|supply chain|social responsibility|environmental audit|ingredient sourcing|supplier compliance,"Two rates from supplier social and environmental audits: (1) percentage of audited suppliers with non-conformances; (2) percentage of non-conformances with corrective action plans implemented. Scope: ingredient suppliers (grains, grapes, hops, sugarcane, etc.)."
french,remy_cointreau_rapport_rse_2023,FB-AB-440a.2,Ingredient Sourcing,List of priority beverage ingredients and discussion of sourcing risks related to environmental and social considerations,FB-AB-440a.2,5,remy_cointreau_rapport_rse_2023_005,yes,N/A,N/A,True,Discussion and Analysis,n/a,ingredient sourcing|priority ingredients|barley|hops|grapes|sugarcane|agave|water|sourcing risk|agricultural risk|climate risk,"Qualitative description: (1) list of priority beverage ingredients (barley, grapes, hops, sugarcane, agave, etc.); (2) environmental risks (water, climate change, soil degradation, biodiversity); (3) social risks (labour practices, community impacts); (4) mitigation strategies and responsible sourcing programs."
french,remy_cointreau_rapport_rse_2023,FB-AB-270a.4,Responsible Drinking & Marketing,Description of efforts to promote responsible consumption of alcohol,FB-AB-270a.4,8,remy_cointreau_rapport_rse_2023_008,yes,N/A,N/A,True,Discussion and Analysis,n/a,responsible drinking|alcohol responsibility|drunk driving|underage drinking|marketing standards|alcohol awareness|consumer education|responsible marketing,"Qualitative description of: programs and initiatives to promote responsible alcohol consumption including consumer education campaigns, drunk driving prevention, underage drinking prevention, marketing standards compliance, and industry collaboration on responsibility programs."
french,remy_cointreau_rapport_rse_2023,FB-AB-130a.1,Energy Management,"(1) Total energy consumed, (2) percentage grid electricity and (3) percentage renewable",FB-AB-130a.1,9,remy_cointreau_rapport_rse_2023_009,yes,8,%,True,Quantitative,Gigajoules (GJ)|Percentage (%),energy consumption|grid electricity|renewable energy|energy management|brewery energy|distillery energy|energy intensity,"Three values: (1) total energy consumed across all manufacturing operations in GJ; (2) percentage that is grid electricity; (3) percentage from renewable sources (wind, solar, biomass, hydro, certified RECs). Scope: owned and operated production facilities."
french,remy_cointreau_rapport_rse_2023,FB-AB-140a.2,Water Management,Description of water management risks and discussion of strategies and practices to mitigate those risks,FB-AB-140a.2,9,remy_cointreau_rapport_rse_2023_009,yes,N/A,N/A,True,Discussion and Analysis,n/a,water management|water risk|water stress|water efficiency|wastewater|water recycling|brewery water|water stewardship,"Qualitative description of: water-related risks facing operations (physical scarcity, regulatory, reputational), geographic concentration of risk, mitigation strategies (efficiency improvements, recycling, alternative sourcing, watershed stewardship), and targets for water reduction."
french,remy_cointreau_rapport_rse_2023,FB-AB-410a.1,Packaging Lifecycle Management,"(1) Total weight of packaging, (2) percentage made from recycled or renewable materials, and (3) percentage that is recyclable, reusable, or compostable",FB-AB-410a.1,9,remy_cointreau_rapport_rse_2023_009,yes,78,%,True,Quantitative,Metric tons (t)|Percentage (%),packaging weight|recycled content|recyclable|renewable materials|glass recycling|aluminium recycling|packaging sustainability|circular packaging,"Three values: (1) total packaging weight in metric tons (glass, aluminium, plastic, cardboard); (2) percentage made from recycled or renewable materials; (3) percentage that is recyclable, reusable, or compostable. Primary, secondary, and tertiary packaging."
french,remy_cointreau_rapport_rse_2023,FB-AB-430a.1,Environmental & Social Impacts of Ingredient Supply Chain,Suppliers’ social and environmental responsibility audit (1) non-conformance rate and (2) associated corrective action rate for (a) major and (b) minor non-conformances,FB-AB-430a.1,7,remy_cointreau_rapport_rse_2023_007,no,80,millions d'euros,False,Quantitative,Percentage (%),supplier audit|non-conformance|corrective action|supply chain|social responsibility|environmental audit|ingredient sourcing|supplier compliance,"Two rates from supplier social and environmental audits: (1) percentage of audited suppliers with non-conformances; (2) percentage of non-conformances with corrective action plans implemented. Scope: ingredient suppliers (grains, grapes, hops, sugarcane, etc.)."
french,remy_cointreau_rapport_rse_2023,FB-AB-140a.2,Water Management,Description of water management risks and discussion of strategies and practices to mitigate those risks,FB-AB-140a.2,5,remy_cointreau_rapport_rse_2023_005,no,N/A,N/A,True,Discussion and Analysis,n/a,water management|water risk|water stress|water efficiency|wastewater|water recycling|brewery water|water stewardship,"Qualitative description of: water-related risks facing operations (physical scarcity, regulatory, reputational), geographic concentration of risk, mitigation strategies (efficiency improvements, recycling, alternative sourcing, watershed stewardship), and targets for water reduction."
french,remy_cointreau_rapport_rse_2023,FB-AB-410a.1,Packaging Lifecycle Management,"(1) Total weight of packaging, (2) percentage made from recycled or renewable materials, and (3) percentage that is recyclable, reusable, or compostable",FB-AB-410a.1,5,remy_cointreau_rapport_rse_2023_005,no,18.3,%,True,Quantitative,Metric tons (t)|Percentage (%),packaging weight|recycled content|recyclable|renewable materials|glass recycling|aluminium recycling|packaging sustainability|circular packaging,"Three values: (1) total packaging weight in metric tons (glass, aluminium, plastic, cardboard); (2) percentage made from recycled or renewable materials; (3) percentage that is recyclable, reusable, or compostable. Primary, secondary, and tertiary packaging."
french,remy_cointreau_rapport_rse_2023,FB-AB-410a.2,Packaging Lifecycle Management,Discussion of strategies to reduce the environmental impact of packaging throughout its lifecycle,FB-AB-410a.2,5,remy_cointreau_rapport_rse_2023_005,no,27.2,%,True,Discussion and Analysis,n/a,packaging strategy|packaging reduction|lightweighting|recycled content|recyclability|deposit return scheme|refillable|plastic reduction,"Qualitative description of packaging sustainability strategies including: lightweighting, recycled content increases, recyclability design, shift to refillable/reusable containers, deposit return schemes, collaboration with recyclers, and reduction targets and progress."
french,remy_cointreau_rapport_rse_2023,FB-AB-130a.1,Energy Management,"(1) Total energy consumed, (2) percentage grid electricity and (3) percentage renewable",FB-AB-130a.1,5,remy_cointreau_rapport_rse_2023_005,no,38,%,True,Quantitative,Gigajoules (GJ)|Percentage (%),energy consumption|grid electricity|renewable energy|energy management|brewery energy|distillery energy|energy intensity,"Three values: (1) total energy consumed across all manufacturing operations in GJ; (2) percentage that is grid electricity; (3) percentage from renewable sources (wind, solar, biomass, hydro, certified RECs). Scope: owned and operated production facilities."
french,remy_cointreau_rapport_rse_2023,FB-AB-270a.4,Responsible Drinking & Marketing,Description of efforts to promote responsible consumption of alcohol,FB-AB-270a.4,9,remy_cointreau_rapport_rse_2023_009,no,N/A,N/A,True,Discussion and Analysis,n/a,responsible drinking|alcohol responsibility|drunk driving|underage drinking|marketing standards|alcohol awareness|consumer education|responsible marketing,"Qualitative description of: programs and initiatives to promote responsible alcohol consumption including consumer education campaigns, drunk driving prevention, underage drinking prevention, marketing standards compliance, and industry collaboration on responsibility programs."
french,guerlain_rapport_developpement_durable_2022-2023,CG-HP-250a.3,"Product Environmental, Health, and Safety Performance",Discussion of process to identify and manage emerging materials and chemicals of concern,CG-HP-250a.3,24,guerlain_rapport_developpement_durable_2022-2023_024,yes,N/A,N/A,True,Discussion and Analysis,n/a,emerging chemicals|chemicals of concern|ingredient safety|safety assessment|precautionary principle|ingredient transparency|reformulation|chemical substitution,"Qualitative description of: process to proactively identify emerging materials and chemicals of concern (beyond current regulation), safety assessment frameworks used, reformulation or substitution programs, ingredient transparency commitments, and stakeholder engagement on chemical safety."
french,guerlain_rapport_developpement_durable_2022-2023,CG-HP-410a.1,Packaging Lifecycle Management,"Total weight of packaging, percentage made from recycled and/or renewable materials",CG-HP-410a.1,27,guerlain_rapport_developpement_durable_2022-2023_027,yes,10,%,True,Quantitative,Metric tons (t)|Percentage (%),packaging weight|recycled content|recyclable packaging|renewable materials|compostable|reusable packaging|sustainable packaging|packaging reduction,"Three values: (1) total weight of packaging used in metric tons; (2) percentage made from recycled and/or renewable materials; (3) percentage that is recyclable, reusable, and/or compostable. Scope: primary, secondary, and tertiary packaging."
french,guerlain_rapport_developpement_durable_2022-2023,CG-HP-410a.2,Packaging Lifecycle Management,Description of strategies to reduce the environmental impact of packaging throughout its lifecycle,CG-HP-410a.2,27,guerlain_rapport_developpement_durable_2022-2023_027,yes,N/A,N/A,True,Discussion and Analysis,n/a,packaging strategy|packaging reduction|recycled content|recyclability|packaging design|circular economy|plastic reduction|extended producer responsibility,"Qualitative description of: strategies to reduce packaging environmental impact (weight reduction, material substitution, recyclability design, recycled content increase, reuse/refill systems), targets and progress, take-back or EPR programs, and engagement with recycling infrastructure."
french,guerlain_rapport_developpement_durable_2022-2023,CG-HP-250a.3,"Product Environmental, Health, and Safety Performance",Discussion of process to identify and manage emerging materials and chemicals of concern,CG-HP-250a.3,27,guerlain_rapport_developpement_durable_2022-2023_027,yes,N/A,N/A,True,Discussion and Analysis,n/a,emerging chemicals|chemicals of concern|ingredient safety|safety assessment|precautionary principle|ingredient transparency|reformulation|chemical substitution,"Qualitative description of: process to proactively identify emerging materials and chemicals of concern (beyond current regulation), safety assessment frameworks used, reformulation or substitution programs, ingredient transparency commitments, and stakeholder engagement on chemical safety."
french,guerlain_rapport_developpement_durable_2022-2023,CG-HP-140a.1,Water Management,"Total water withdrawn, total water consumed, percentage of each in regions with High Baseline Water Stress",CG-HP-140a.1,53,guerlain_rapport_developpement_durable_2022-2023_053,yes,44279,m3,True,Quantitative,Thousand cubic metres (m³)|Percentage (%),water withdrawal|water consumption|water stress|WRI Aqueduct|water scarcity|manufacturing water|water efficiency,Two paired values: (1) total water withdrawn from all sources in thousand m³ + percentage from High/Extremely High Baseline Water Stress regions; (2) total water consumed (withdrawn minus discharged) + same percentage breakdown. Scope: all manufacturing and owned operations.
french,guerlain_rapport_developpement_durable_2022-2023,CG-HP-250a.3,"Product Environmental, Health, and Safety Performance",Discussion of process to identify and manage emerging materials and chemicals of concern,CG-HP-250a.3,25,guerlain_rapport_developpement_durable_2022-2023_025,no,N/A,N/A,True,Discussion and Analysis,n/a,emerging chemicals|chemicals of concern|ingredient safety|safety assessment|precautionary principle|ingredient transparency|reformulation|chemical substitution,"Qualitative description of: process to proactively identify emerging materials and chemicals of concern (beyond current regulation), safety assessment frameworks used, reformulation or substitution programs, ingredient transparency commitments, and stakeholder engagement on chemical safety."
french,guerlain_rapport_developpement_durable_2022-2023,CG-HP-140a.1,Water Management,"Total water withdrawn, total water consumed, percentage of each in regions with High Baseline Water Stress",CG-HP-140a.1,54,guerlain_rapport_developpement_durable_2022-2023_054,no,44279,m3,True,Quantitative,Thousand cubic metres (m³)|Percentage (%),water withdrawal|water consumption|water stress|WRI Aqueduct|water scarcity|manufacturing water|water efficiency,Two paired values: (1) total water withdrawn from all sources in thousand m³ + percentage from High/Extremely High Baseline Water Stress regions; (2) total water consumed (withdrawn minus discharged) + same percentage breakdown. Scope: all manufacturing and owned operations.
french,extrait-rse-filieres-dapprovisionnement,CG-AA-430b.3,Labour Conditions in the Supply Chain,"Description of the greatest (1) labour and (2) environmental, health and safety risks in the supply chain",CG-AA-430b.3,3,extrait-rse-filieres-dapprovisionnement_003,yes,N/A,N/A,True,Discussion and Analysis,n/a,supply chain risks|labour risks|health and safety|forced labour|child labour|working conditions|environmental risk|supplier risk,"Qualitative description of the most material labour risks (e.g. forced labour, child labour, excessive hours, wage theft, freedom of association) and environmental/health & safety risks in the supply chain, including geographic concentration and mitigation strategies."
french,extrait-rse-filieres-dapprovisionnement,CG-AA-430b.3,Labour Conditions in the Supply Chain,"Description of the greatest (1) labour and (2) environmental, health and safety risks in the supply chain",CG-AA-430b.3,4,extrait-rse-filieres-dapprovisionnement_004,yes,N/A,N/A,True,Discussion and Analysis,n/a,supply chain risks|labour risks|health and safety|forced labour|child labour|working conditions|environmental risk|supplier risk,"Qualitative description of the most material labour risks (e.g. forced labour, child labour, excessive hours, wage theft, freedom of association) and environmental/health & safety risks in the supply chain, including geographic concentration and mitigation strategies."
french,extrait-rse-filieres-dapprovisionnement,CG-AA-440a.4,Raw Materials Sourcing,"(1) Amount of priority raw materials purchased, by material, and (2) amount of each priority raw material that is certified to a third-party environmental or social standard, by standard",CG-AA-440a.4,7,extrait-rse-filieres-dapprovisionnement_007,yes but not complete,100,%,False,Quantitative,Metric tons (t)|Percentage (%),raw materials|certified materials|organic cotton|BCI|FSC leather|RDS down|RWS wool|sustainable sourcing|certification,"Two values per priority material: (1) total quantity purchased (metric tons); (2) quantity or percentage certified to a sustainability standard (e.g. organic cotton, BCI cotton, RDS down, RWS wool, Leather Working Group). Report by material and by certification standard."
french,extrait-rse-filieres-dapprovisionnement,CG-AA-430b.3,Labour Conditions in the Supply Chain,"Description of the greatest (1) labour and (2) environmental, health and safety risks in the supply chain",CG-AA-430b.3,8,extrait-rse-filieres-dapprovisionnement_008,yes,N/A,N/A,True,Discussion and Analysis,n/a,supply chain risks|labour risks|health and safety|forced labour|child labour|working conditions|environmental risk|supplier risk,"Qualitative description of the most material labour risks (e.g. forced labour, child labour, excessive hours, wage theft, freedom of association) and environmental/health & safety risks in the supply chain, including geographic concentration and mitigation strategies."
french,extrait-rse-filieres-dapprovisionnement,CG-AA-440a.4,Raw Materials Sourcing,"(1) Amount of priority raw materials purchased, by material, and (2) amount of each priority raw material that is certified to a third-party environmental or social standard, by standard",CG-AA-440a.4,8,extrait-rse-filieres-dapprovisionnement_008,yes but not complete,33,%,False,Quantitative,Metric tons (t)|Percentage (%),raw materials|certified materials|organic cotton|BCI|FSC leather|RDS down|RWS wool|sustainable sourcing|certification,"Two values per priority material: (1) total quantity purchased (metric tons); (2) quantity or percentage certified to a sustainability standard (e.g. organic cotton, BCI cotton, RDS down, RWS wool, Leather Working Group). Report by material and by certification standard."
french,extrait-rse-filieres-dapprovisionnement,CG-AA-440a.4,Raw Materials Sourcing,"(1) Amount of priority raw materials purchased, by material, and (2) amount of each priority raw material that is certified to a third-party environmental or social standard, by standard",CG-AA-440a.4,4,extrait-rse-filieres-dapprovisionnement_004,no,N/A,N/A,False,Quantitative,Metric tons (t)|Percentage (%),raw materials|certified materials|organic cotton|BCI|FSC leather|RDS down|RWS wool|sustainable sourcing|certification,"Two values per priority material: (1) total quantity purchased (metric tons); (2) quantity or percentage certified to a sustainability standard (e.g. organic cotton, BCI cotton, RDS down, RWS wool, Leather Working Group). Report by material and by certification standard."
french,20230630_rapportesg2022_coveafinance_vf,FN-AC-410a.1,"Incorporation of Environmental, Social, and Governance Factors in Investment Management & Advisory","Amount of assets under management, by asset class, that employ (1) integration of environmental, social, and governance (ESG) issues, (2) sustainability themed investing and (3) screening",FN-AC-410a.1,3,20230630_rapportesg2022_coveafinance_vf_003,yes but not complete,"4,99",%,False,Quantitative,Presentation currency|Percentage (%),ESG integration|AUM|assets under management|sustainable investing|ESG screening|negative screening|positive screening|thematic investing|SRI,"AUM (in presentation currency) by asset class employing each ESG approach: (1) ESG integration (systematic incorporation of ESG factors in analysis); (2) sustainability themed (explicitly targeting ESG outcomes); (3) screening (positive or negative exclusion). Report by asset class (equity, fixed income, alternatives, etc.)."
french,20230630_rapportesg2022_coveafinance_vf,FN-AC-410a.2,"Incorporation of Environmental, Social, and Governance Factors in Investment Management & Advisory","Description of approach to incorporation of environmental, social and governance (ESG) factors in investment or wealth management processes and strategies",FN-AC-410a.2,3,20230630_rapportesg2022_coveafinance_vf_003,yes,N/A,N/A,True,Discussion and Analysis,n/a,ESG integration|investment process|ESG factors|materiality|ESG research|sustainable finance|responsible investment|UNPRI,"Qualitative description of: ESG integration methodology across investment processes, ESG data sources used, materiality assessment, engagement with investees on ESG, exclusion policies, alignment with frameworks (UNPRI, TCFD, SFDR), and governance of ESG integration."
french,20230630_rapportesg2022_coveafinance_vf,FN-AC-410a.3,"Incorporation of Environmental, Social, and Governance Factors in Investment Management & Advisory",Description of proxy voting and investee engagement policies and procedures,FN-AC-410a.3,3,20230630_rapportesg2022_coveafinance_vf_003,yes,N/A,N/A,True,Discussion and Analysis,n/a,proxy voting|shareholder engagement|stewardship|investee engagement|voting policy|AGM|ESG engagement|active ownership|stewardship code,"Qualitative description of: proxy voting policy (key principles, ESG-related voting priorities), investee engagement approach (direct engagement, collaborative engagement), escalation procedures, and reporting on voting and engagement activities. Includes alignment with stewardship codes."
french,20230630_rapportesg2022_coveafinance_vf,FN-AC-410a.2,"Incorporation of Environmental, Social, and Governance Factors in Investment Management & Advisory","Description of approach to incorporation of environmental, social and governance (ESG) factors in investment or wealth management processes and strategies",FN-AC-410a.2,6,20230630_rapportesg2022_coveafinance_vf_006,yes,N/A,N/A,True,Discussion and Analysis,n/a,ESG integration|investment process|ESG factors|materiality|ESG research|sustainable finance|responsible investment|UNPRI,"Qualitative description of: ESG integration methodology across investment processes, ESG data sources used, materiality assessment, engagement with investees on ESG, exclusion policies, alignment with frameworks (UNPRI, TCFD, SFDR), and governance of ESG integration."
french,20230630_rapportesg2022_coveafinance_vf,FN-AC-410a.2,"Incorporation of Environmental, Social, and Governance Factors in Investment Management & Advisory","Description of approach to incorporation of environmental, social and governance (ESG) factors in investment or wealth management processes and strategies",FN-AC-410a.2,8,20230630_rapportesg2022_coveafinance_vf_008,yes,N/A,N/A,True,Discussion and Analysis,n/a,ESG integration|investment process|ESG factors|materiality|ESG research|sustainable finance|responsible investment|UNPRI,"Qualitative description of: ESG integration methodology across investment processes, ESG data sources used, materiality assessment, engagement with investees on ESG, exclusion policies, alignment with frameworks (UNPRI, TCFD, SFDR), and governance of ESG integration."
french,20230630_rapportesg2022_coveafinance_vf,FN-AC-410a.2,"Incorporation of Environmental, Social, and Governance Factors in Investment Management & Advisory","Description of approach to incorporation of environmental, social and governance (ESG) factors in investment or wealth management processes and strategies",FN-AC-410a.2,10,20230630_rapportesg2022_coveafinance_vf_010,yes,N/A,N/A,True,Discussion and Analysis,n/a,ESG integration|investment process|ESG factors|materiality|ESG research|sustainable finance|responsible investment|UNPRI,"Qualitative description of: ESG integration methodology across investment processes, ESG data sources used, materiality assessment, engagement with investees on ESG, exclusion policies, alignment with frameworks (UNPRI, TCFD, SFDR), and governance of ESG integration."
french,20230630_rapportesg2022_coveafinance_vf,FN-AC-410a.3,"Incorporation of Environmental, Social, and Governance Factors in Investment Management & Advisory",Description of proxy voting and investee engagement policies and procedures,FN-AC-410a.3,11,20230630_rapportesg2022_coveafinance_vf_011,yes,N/A,N/A,True,Discussion and Analysis,n/a,proxy voting|shareholder engagement|stewardship|investee engagement|voting policy|AGM|ESG engagement|active ownership|stewardship code,"Qualitative description of: proxy voting policy (key principles, ESG-related voting priorities), investee engagement approach (direct engagement, collaborative engagement), escalation procedures, and reporting on voting and engagement activities. Includes alignment with stewardship codes."
french,20230630_rapportesg2022_coveafinance_vf,FN-AC-410b.1,Financed Emissions,"Absolute gross financed emissions, disaggregated by (1) Scope 1, (2) Scope 2 and (3) Scope 3",FN-AC-410b.1,16,20230630_rapportesg2022_coveafinance_vf_016,yes,4773 692,tonnes éq. CO2,True,Quantitative,Metric tons (t) CO2-e,financed emissions|Scope 1|Scope 2|Scope 3|portfolio emissions|PCAF|carbon footprint|climate alignment|net zero,"Absolute financed GHG emissions in metric tons CO2-equivalent, disaggregated by Scope 1, Scope 2, and Scope 3, and by asset class (listed equity, corporate bonds, real estate, project finance, etc.). Calculated using PCAF methodology or equivalent."
french,20230630_rapportesg2022_coveafinance_vf,FN-AC-410a.2,"Incorporation of Environmental, Social, and Governance Factors in Investment Management & Advisory","Description of approach to incorporation of environmental, social and governance (ESG) factors in investment or wealth management processes and strategies",FN-AC-410a.2,17,20230630_rapportesg2022_coveafinance_vf_017,yes,N/A,N/A,True,Discussion and Analysis,n/a,ESG integration|investment process|ESG factors|materiality|ESG research|sustainable finance|responsible investment|UNPRI,"Qualitative description of: ESG integration methodology across investment processes, ESG data sources used, materiality assessment, engagement with investees on ESG, exclusion policies, alignment with frameworks (UNPRI, TCFD, SFDR), and governance of ESG integration."
french,20230630_rapportesg2022_coveafinance_vf,FN-AC-410a.1,"Incorporation of Environmental, Social, and Governance Factors in Investment Management & Advisory","Amount of assets under management, by asset class, that employ (1) integration of environmental, social, and governance (ESG) issues, (2) sustainability themed investing and (3) screening",FN-AC-410a.1,4,20230630_rapportesg2022_coveafinance_vf_004,no,"4,99",%,False,Quantitative,Presentation currency|Percentage (%),ESG integration|AUM|assets under management|sustainable investing|ESG screening|negative screening|positive screening|thematic investing|SRI,"AUM (in presentation currency) by asset class employing each ESG approach: (1) ESG integration (systematic incorporation of ESG factors in analysis); (2) sustainability themed (explicitly targeting ESG outcomes); (3) screening (positive or negative exclusion). Report by asset class (equity, fixed income, alternatives, etc.)."
french,20230630_rapportesg2022_coveafinance_vf,FN-AC-410a.2,"Incorporation of Environmental, Social, and Governance Factors in Investment Management & Advisory","Description of approach to incorporation of environmental, social and governance (ESG) factors in investment or wealth management processes and strategies",FN-AC-410a.2,4,20230630_rapportesg2022_coveafinance_vf_004,no,N/A,N/A,True,Discussion and Analysis,n/a,ESG integration|investment process|ESG factors|materiality|ESG research|sustainable finance|responsible investment|UNPRI,"Qualitative description of: ESG integration methodology across investment processes, ESG data sources used, materiality assessment, engagement with investees on ESG, exclusion policies, alignment with frameworks (UNPRI, TCFD, SFDR), and governance of ESG integration."
french,20230630_rapportesg2022_coveafinance_vf,FN-AC-410a.3,"Incorporation of Environmental, Social, and Governance Factors in Investment Management & Advisory",Description of proxy voting and investee engagement policies and procedures,FN-AC-410a.3,4,20230630_rapportesg2022_coveafinance_vf_004,no,N/A,N/A,True,Discussion and Analysis,n/a,proxy voting|shareholder engagement|stewardship|investee engagement|voting policy|AGM|ESG engagement|active ownership|stewardship code,"Qualitative description of: proxy voting policy (key principles, ESG-related voting priorities), investee engagement approach (direct engagement, collaborative engagement), escalation procedures, and reporting on voting and engagement activities. Includes alignment with stewardship codes."
french,20230630_rapportesg2022_coveafinance_vf,FN-AC-330a.1,Employee Diversity & Inclusion,"Percentage of (1) gender and (2) diversity group representation for (a) executive management, (b) non-executive management, (c) professionals, and (d) all other employees 3",FN-AC-330a.1,10,20230630_rapportesg2022_coveafinance_vf_010,no,N/A,N/A,False,Quantitative,Percentage (%),gender diversity|diversity representation|executive management|non-executive management|inclusion|women in leadership|ethnic diversity,Percentage representation disaggregated by: (1) gender and (2) racial/ethnic diversity group; and by management level: (a) executive/senior management and (b) non-executive management. Financial services sector has historically faced diversity challenges.
french,20230630_rapportesg2022_coveafinance_vf,FN-AC-410b.4,Financed Emissions,Description of the methodology used to calculate financed emissions,FN-AC-410b.4,16,20230630_rapportesg2022_coveafinance_vf_016,no,N/A,N/A,True,Discussion and Analysis,n/a,financed emissions methodology|PCAF|attribution factor|data sources|estimation|emission factors|portfolio carbon accounting,"Qualitative description of: methodology used to calculate financed emissions (e.g. PCAF standard), attribution factors applied, data sources for emissions and financial data, estimation approaches for data gaps, and any deviations from standard methodology."
french,20230630_rapportesg2022_coveafinance_vf,FN-AC-410b.1,Financed Emissions,"Absolute gross financed emissions, disaggregated by (1) Scope 1, (2) Scope 2 and (3) Scope 3",FN-AC-410b.1,17,20230630_rapportesg2022_coveafinance_vf_017,no,4773 692,tonnes éq. CO2,True,Quantitative,Metric tons (t) CO2-e,financed emissions|Scope 1|Scope 2|Scope 3|portfolio emissions|PCAF|carbon footprint|climate alignment|net zero,"Absolute financed GHG emissions in metric tons CO2-equivalent, disaggregated by Scope 1, Scope 2, and Scope 3, and by asset class (listed equity, corporate bonds, real estate, project finance, etc.). Calculated using PCAF methodology or equivalent."
french,rapport-esg-gam,FN-AC-410a.1,"Incorporation of Environmental, Social, and Governance Factors in Investment Management & Advisory","Amount of assets under management, by asset class, that employ (1) integration of environmental, social, and governance (ESG) issues, (2) sustainability themed investing and (3) screening",FN-AC-410a.1,3,rapport-esg-gam_003,yes,80,Mds€,True,Quantitative,Presentation currency|Percentage (%),ESG integration|AUM|assets under management|sustainable investing|ESG screening|negative screening|positive screening|thematic investing|SRI,"AUM (in presentation currency) by asset class employing each ESG approach: (1) ESG integration (systematic incorporation of ESG factors in analysis); (2) sustainability themed (explicitly targeting ESG outcomes); (3) screening (positive or negative exclusion). Report by asset class (equity, fixed income, alternatives, etc.)."
french,rapport-esg-gam,FN-AC-410a.2,"Incorporation of Environmental, Social, and Governance Factors in Investment Management & Advisory","Description of approach to incorporation of environmental, social and governance (ESG) factors in investment or wealth management processes and strategies",FN-AC-410a.2,16,rapport-esg-gam_016,yes,N/A,N/A,True,Discussion and Analysis,n/a,ESG integration|investment process|ESG factors|materiality|ESG research|sustainable finance|responsible investment|UNPRI,"Qualitative description of: ESG integration methodology across investment processes, ESG data sources used, materiality assessment, engagement with investees on ESG, exclusion policies, alignment with frameworks (UNPRI, TCFD, SFDR), and governance of ESG integration."
french,rapport-esg-gam,FN-AC-410a.2,"Incorporation of Environmental, Social, and Governance Factors in Investment Management & Advisory","Description of approach to incorporation of environmental, social and governance (ESG) factors in investment or wealth management processes and strategies",FN-AC-410a.2,22,rapport-esg-gam_022,yes,N/A,N/A,True,Discussion and Analysis,n/a,ESG integration|investment process|ESG factors|materiality|ESG research|sustainable finance|responsible investment|UNPRI,"Qualitative description of: ESG integration methodology across investment processes, ESG data sources used, materiality assessment, engagement with investees on ESG, exclusion policies, alignment with frameworks (UNPRI, TCFD, SFDR), and governance of ESG integration."
french,rapport-esg-gam,FN-AC-410a.2,"Incorporation of Environmental, Social, and Governance Factors in Investment Management & Advisory","Description of approach to incorporation of environmental, social and governance (ESG) factors in investment or wealth management processes and strategies",FN-AC-410a.2,27,rapport-esg-gam_027,yes,N/A,N/A,True,Discussion and Analysis,n/a,ESG integration|investment process|ESG factors|materiality|ESG research|sustainable finance|responsible investment|UNPRI,"Qualitative description of: ESG integration methodology across investment processes, ESG data sources used, materiality assessment, engagement with investees on ESG, exclusion policies, alignment with frameworks (UNPRI, TCFD, SFDR), and governance of ESG integration."
french,rapport-esg-gam,FN-AC-410a.3,"Incorporation of Environmental, Social, and Governance Factors in Investment Management & Advisory",Description of proxy voting and investee engagement policies and procedures,FN-AC-410a.3,28,rapport-esg-gam_028,yes,N/A,N/A,True,Discussion and Analysis,n/a,proxy voting|shareholder engagement|stewardship|investee engagement|voting policy|AGM|ESG engagement|active ownership|stewardship code,"Qualitative description of: proxy voting policy (key principles, ESG-related voting priorities), investee engagement approach (direct engagement, collaborative engagement), escalation procedures, and reporting on voting and engagement activities. Includes alignment with stewardship codes."
french,rapport-esg-gam,FN-AC-410a.2,"Incorporation of Environmental, Social, and Governance Factors in Investment Management & Advisory","Description of approach to incorporation of environmental, social and governance (ESG) factors in investment or wealth management processes and strategies",FN-AC-410a.2,28,rapport-esg-gam_028,yes,N/A,N/A,True,Discussion and Analysis,n/a,ESG integration|investment process|ESG factors|materiality|ESG research|sustainable finance|responsible investment|UNPRI,"Qualitative description of: ESG integration methodology across investment processes, ESG data sources used, materiality assessment, engagement with investees on ESG, exclusion policies, alignment with frameworks (UNPRI, TCFD, SFDR), and governance of ESG integration."
french,rapport-esg-gam,FN-AC-410a.2,"Incorporation of Environmental, Social, and Governance Factors in Investment Management & Advisory","Description of approach to incorporation of environmental, social and governance (ESG) factors in investment or wealth management processes and strategies",FN-AC-410a.2,29,rapport-esg-gam_029,yes,N/A,N/A,True,Discussion and Analysis,n/a,ESG integration|investment process|ESG factors|materiality|ESG research|sustainable finance|responsible investment|UNPRI,"Qualitative description of: ESG integration methodology across investment processes, ESG data sources used, materiality assessment, engagement with investees on ESG, exclusion policies, alignment with frameworks (UNPRI, TCFD, SFDR), and governance of ESG integration."
french,rapport-esg-gam,FN-AC-410a.2,"Incorporation of Environmental, Social, and Governance Factors in Investment Management & Advisory","Description of approach to incorporation of environmental, social and governance (ESG) factors in investment or wealth management processes and strategies",FN-AC-410a.2,30,rapport-esg-gam_030,yes,N/A,N/A,True,Discussion and Analysis,n/a,ESG integration|investment process|ESG factors|materiality|ESG research|sustainable finance|responsible investment|UNPRI,"Qualitative description of: ESG integration methodology across investment processes, ESG data sources used, materiality assessment, engagement with investees on ESG, exclusion policies, alignment with frameworks (UNPRI, TCFD, SFDR), and governance of ESG integration."
french,rapport-esg-gam,FN-AC-410a.2,"Incorporation of Environmental, Social, and Governance Factors in Investment Management & Advisory","Description of approach to incorporation of environmental, social and governance (ESG) factors in investment or wealth management processes and strategies",FN-AC-410a.2,31,rapport-esg-gam_031,yes,N/A,N/A,True,Discussion and Analysis,n/a,ESG integration|investment process|ESG factors|materiality|ESG research|sustainable finance|responsible investment|UNPRI,"Qualitative description of: ESG integration methodology across investment processes, ESG data sources used, materiality assessment, engagement with investees on ESG, exclusion policies, alignment with frameworks (UNPRI, TCFD, SFDR), and governance of ESG integration."
french,rapport-esg-gam,FN-AC-410a.2,"Incorporation of Environmental, Social, and Governance Factors in Investment Management & Advisory","Description of approach to incorporation of environmental, social and governance (ESG) factors in investment or wealth management processes and strategies",FN-AC-410a.2,33,rapport-esg-gam_033,yes,N/A,N/A,True,Discussion and Analysis,n/a,ESG integration|investment process|ESG factors|materiality|ESG research|sustainable finance|responsible investment|UNPRI,"Qualitative description of: ESG integration methodology across investment processes, ESG data sources used, materiality assessment, engagement with investees on ESG, exclusion policies, alignment with frameworks (UNPRI, TCFD, SFDR), and governance of ESG integration."
french,rapport-esg-gam,FN-AC-410b.1,Financed Emissions,"Absolute gross financed emissions, disaggregated by (1) Scope 1, (2) Scope 2 and (3) Scope 3",FN-AC-410b.1,36,rapport-esg-gam_036,yes,381,TCO2e/m,True,Quantitative,Metric tons (t) CO2-e,financed emissions|Scope 1|Scope 2|Scope 3|portfolio emissions|PCAF|carbon footprint|climate alignment|net zero,"Absolute financed GHG emissions in metric tons CO2-equivalent, disaggregated by Scope 1, Scope 2, and Scope 3, and by asset class (listed equity, corporate bonds, real estate, project finance, etc.). Calculated using PCAF methodology or equivalent."
french,rapport-esg-gam,FN-AC-410b.3,Financed Emissions,Percentage of total assets under management (AUM) included in the financed emissions calculation,FN-AC-410b.3,36,rapport-esg-gam_036,yes,95,%,True,Quantitative,Percentage (%),AUM coverage|financed emissions coverage|asset class|PCAF|data availability|portfolio coverage,"Percentage of total AUM included in financed emissions calculation, disaggregated by asset class. Reflects data coverage and quality. Where coverage is incomplete, explain data gaps and approach for excluded assets."
french,rapport-esg-gam,FN-AC-410b.3,Financed Emissions,Percentage of total assets under management (AUM) included in the financed emissions calculation,FN-AC-410b.3,36,rapport-esg-gam_036,yes but not complete,-24,%,False,Quantitative,Percentage (%),AUM coverage|financed emissions coverage|asset class|PCAF|data availability|portfolio coverage,"Percentage of total AUM included in financed emissions calculation, disaggregated by asset class. Reflects data coverage and quality. Where coverage is incomplete, explain data gaps and approach for excluded assets."
french,rapport-esg-gam,FN-AC-410a.1,"Incorporation of Environmental, Social, and Governance Factors in Investment Management & Advisory","Amount of assets under management, by asset class, that employ (1) integration of environmental, social, and governance (ESG) issues, (2) sustainability themed investing and (3) screening",FN-AC-410a.1,41,rapport-esg-gam_041,yes,N/A,N/A,True,Quantitative,Presentation currency|Percentage (%),ESG integration|AUM|assets under management|sustainable investing|ESG screening|negative screening|positive screening|thematic investing|SRI,"AUM (in presentation currency) by asset class employing each ESG approach: (1) ESG integration (systematic incorporation of ESG factors in analysis); (2) sustainability themed (explicitly targeting ESG outcomes); (3) screening (positive or negative exclusion). Report by asset class (equity, fixed income, alternatives, etc.)."
french,rapport-esg-gam,FN-AC-410a.2,"Incorporation of Environmental, Social, and Governance Factors in Investment Management & Advisory","Description of approach to incorporation of environmental, social and governance (ESG) factors in investment or wealth management processes and strategies",FN-AC-410a.2,42,rapport-esg-gam_042,yes,N/A,N/A,True,Discussion and Analysis,n/a,ESG integration|investment process|ESG factors|materiality|ESG research|sustainable finance|responsible investment|UNPRI,"Qualitative description of: ESG integration methodology across investment processes, ESG data sources used, materiality assessment, engagement with investees on ESG, exclusion policies, alignment with frameworks (UNPRI, TCFD, SFDR), and governance of ESG integration."
french,rapport-esg-gam,FN-AC-410a.3,"Incorporation of Environmental, Social, and Governance Factors in Investment Management & Advisory","Description of approach to incorporation of environmental, social and governance (ESG) factors in investment or wealth management processes and strategies",FN-AC-410a.3,43,rapport-esg-gam_043,yes,N/A,N/A,True,Discussion and Analysis,n/a,proxy voting|shareholder engagement|stewardship|investee engagement|voting policy|AGM|ESG engagement|active ownership|stewardship code,"Qualitative description of: proxy voting policy (key principles, ESG-related voting priorities), investee engagement approach (direct engagement, collaborative engagement), escalation procedures, and reporting on voting and engagement activities. Includes alignment with stewardship codes."
french,rapport-esg-gam,FN-AC-410a.1,"Incorporation of Environmental, Social, and Governance Factors in Investment Management & Advisory","Amount of assets under management, by asset class, that employ (1) integration of environmental, social, and governance (ESG) issues, (2) sustainability themed investing and (3) screening",FN-AC-410a.1,7,rapport-esg-gam_007,no,109,Mds€,True,Quantitative,Presentation currency|Percentage (%),ESG integration|AUM|assets under management|sustainable investing|ESG screening|negative screening|positive screening|thematic investing|SRI,"AUM (in presentation currency) by asset class employing each ESG approach: (1) ESG integration (systematic incorporation of ESG factors in analysis); (2) sustainability themed (explicitly targeting ESG outcomes); (3) screening (positive or negative exclusion). Report by asset class (equity, fixed income, alternatives, etc.)."
french,rapport-esg-gam,FN-AC-410a.2,"Incorporation of Environmental, Social, and Governance Factors in Investment Management & Advisory","Description of approach to incorporation of environmental, social and governance (ESG) factors in investment or wealth management processes and strategies",FN-AC-410a.2,13,rapport-esg-gam_013,no,N/A,N/A,True,Discussion and Analysis,n/a,ESG integration|investment process|ESG factors|materiality|ESG research|sustainable finance|responsible investment|UNPRI,"Qualitative description of: ESG integration methodology across investment processes, ESG data sources used, materiality assessment, engagement with investees on ESG, exclusion policies, alignment with frameworks (UNPRI, TCFD, SFDR), and governance of ESG integration."
french,rapport-esg-gam,FN-AC-410a.2,"Incorporation of Environmental, Social, and Governance Factors in Investment Management & Advisory","Description of approach to incorporation of environmental, social and governance (ESG) factors in investment or wealth management processes and strategies",FN-AC-410a.2,23,rapport-esg-gam_023,no,N/A,N/A,True,Discussion and Analysis,n/a,ESG integration|investment process|ESG factors|materiality|ESG research|sustainable finance|responsible investment|UNPRI,"Qualitative description of: ESG integration methodology across investment processes, ESG data sources used, materiality assessment, engagement with investees on ESG, exclusion policies, alignment with frameworks (UNPRI, TCFD, SFDR), and governance of ESG integration."
french,rapport-esg-gam,FN-AC-410a.2,"Incorporation of Environmental, Social, and Governance Factors in Investment Management & Advisory","Description of approach to incorporation of environmental, social and governance (ESG) factors in investment or wealth management processes and strategies",FN-AC-410a.2,32,rapport-esg-gam_032,no,N/A,N/A,True,Discussion and Analysis,n/a,ESG integration|investment process|ESG factors|materiality|ESG research|sustainable finance|responsible investment|UNPRI,"Qualitative description of: ESG integration methodology across investment processes, ESG data sources used, materiality assessment, engagement with investees on ESG, exclusion policies, alignment with frameworks (UNPRI, TCFD, SFDR), and governance of ESG integration."
french,rapport-esg-gam,FN-AC-410a.3,"Incorporation of Environmental, Social, and Governance Factors in Investment Management & Advisory",Description of proxy voting and investee engagement policies and procedures,FN-AC-410a.3,29,rapport-esg-gam_029,no,N/A,N/A,True,Discussion and Analysis,n/a,proxy voting|shareholder engagement|stewardship|investee engagement|voting policy|AGM|ESG engagement|active ownership|stewardship code,"Qualitative description of: proxy voting policy (key principles, ESG-related voting priorities), investee engagement approach (direct engagement, collaborative engagement), escalation procedures, and reporting on voting and engagement activities. Includes alignment with stewardship codes."
french,rapport-esg-gam,FN-AC-410a.1,"Incorporation of Environmental, Social, and Governance Factors in Investment Management & Advisory","Amount of assets under management, by asset class, that employ (1) integration of environmental, social, and governance (ESG) issues, (2) sustainability themed investing and (3) screening",FN-AC-410a.1,42,rapport-esg-gam_042,no,N/A,N/A,True,Quantitative,Presentation currency|Percentage (%),ESG integration|AUM|assets under management|sustainable investing|ESG screening|negative screening|positive screening|thematic investing|SRI,"AUM (in presentation currency) by asset class employing each ESG approach: (1) ESG integration (systematic incorporation of ESG factors in analysis); (2) sustainability themed (explicitly targeting ESG outcomes); (3) screening (positive or negative exclusion). Report by asset class (equity, fixed income, alternatives, etc.)."
french,rapport-esg-gam,FN-AC-410a.2,"Incorporation of Environmental, Social, and Governance Factors in Investment Management & Advisory","Description of approach to incorporation of environmental, social and governance (ESG) factors in investment or wealth management processes and strategies",FN-AC-410a.2,43,rapport-esg-gam_043,no,N/A,N/A,True,Discussion and Analysis,n/a,ESG integration|investment process|ESG factors|materiality|ESG research|sustainable finance|responsible investment|UNPRI,"Qualitative description of: ESG integration methodology across investment processes, ESG data sources used, materiality assessment, engagement with investees on ESG, exclusion policies, alignment with frameworks (UNPRI, TCFD, SFDR), and governance of ESG integration."
french,rapport-esg-gam,FN-AC-410a.3,"Incorporation of Environmental, Social, and Governance Factors in Investment Management & Advisory",Description of proxy voting and investee engagement policies and procedures,FN-AC-410a.3,46,rapport-esg-gam_046,no,N/A,N/A,True,Discussion and Analysis,n/a,proxy voting|shareholder engagement|stewardship|investee engagement|voting policy|AGM|ESG engagement|active ownership|stewardship code,"Qualitative description of: proxy voting policy (key principles, ESG-related voting priorities), investee engagement approach (direct engagement, collaborative engagement), escalation procedures, and reporting on voting and engagement activities. Includes alignment with stewardship codes."
french,rapport-esg-gam,FN-AC-270a.3,Transparent Information & Fair Advice for Customers,Description of approach to informing customers about products and services,FN-AC-270a.3,54,rapport-esg-gam_054,no,N/A,N/A,True,Discussion and Analysis,n/a,customer disclosure|product transparency|fee disclosure|investment suitability|MiFID|fiduciary duty|investor communication|product information,"Qualitative description of: approach to informing customers about products (fees, risks, performance, ESG characteristics), suitability assessments, disclosure frameworks used (MiFID II, PRIIPs, SEC regulations), and policies to ensure fair advice and avoid conflicts of interest."
french,totalenergies_sustainability-climate-2024-progress-report_2024_fr_pdf,EM-EP-110a.3,Greenhouse Gas Emissions,"Discussion of long- and short-term strategy or plan to manage Scope 1 emissions, emissions reduction targets, and an analysis of performance against those targets",EM-EP-110a.3,4,totalenergies_sustainability-climate-2024-progress-report_2024_fr_pdf_004,yes,24,%,True,Discussion and Analysis,n/a,emissions reduction strategy|GHG targets|climate strategy|net zero|carbon reduction plan|flare reduction|methane reduction|emissions performance,Qualitative discussion covering: (1) long-term and short-term strategy/plan to manage Scope 1 emissions; (2) specific emissions reduction targets (absolute or intensity); (3) analysis of performance against those targets. Must include timeframe for targets and progress to date.
french,totalenergies_sustainability-climate-2024-progress-report_2024_fr_pdf,EM-EP-540a.2,Critical Incident Risk Management,Description of management systems used to identify and mitigate catastrophic and tail-end risks,EM-EP-540a.2,8,totalenergies_sustainability-climate-2024-progress-report_2024_fr_pdf_008,yes,N/A,N/A,True,Discussion and Analysis,n/a,process safety management|PSM|risk assessment|HAZOP|barrier management|bow-tie analysis|catastrophic risk|well control|blowout prevention,"Qualitative description of process safety management systems used to identify and mitigate catastrophic potential safety events including: risk assessment methodologies (HAZOP, LOPA), barrier management, well control procedures, blowout prevention, emergency response planning, and lessons-learned processes."
french,totalenergies_sustainability-climate-2024-progress-report_2024_fr_pdf,EM-EP-540a.2,Critical Incident Risk Management,Description of management systems used to identify and mitigate catastrophic and tail-end risks,EM-EP-540a.2,9,totalenergies_sustainability-climate-2024-progress-report_2024_fr_pdf_009,yes,N/A,N/A,True,Discussion and Analysis,n/a,process safety management|PSM|risk assessment|HAZOP|barrier management|bow-tie analysis|catastrophic risk|well control|blowout prevention,"Qualitative description of process safety management systems used to identify and mitigate catastrophic potential safety events including: risk assessment methodologies (HAZOP, LOPA), barrier management, well control procedures, blowout prevention, emergency response planning, and lessons-learned processes."
french,totalenergies_sustainability-climate-2024-progress-report_2024_fr_pdf,EM-EP-530a.1,Management of the Legal & Regulatory Environment,Discussion of corporate positions related to government regulations or policy proposals that address environmental and social factors affecting the industry,EM-EP-530a.1,13,totalenergies_sustainability-climate-2024-progress-report_2024_fr_pdf_013,yes,N/A,N/A,True,Discussion and Analysis,n/a,lobbying|regulatory engagement|policy positions|government relations|environmental regulations|climate policy|political contributions|advocacy,"Qualitative discussion of corporate positions on government regulations and policy proposals addressing environmental and social factors. Should include: lobbying activities, trade association memberships and positions, political contributions, and alignment or misalignment between stated positions and actual advocacy activities."
french,totalenergies_sustainability-climate-2024-progress-report_2024_fr_pdf,EM-EP-110a.3,Greenhouse Gas Emissions,"Discussion of long- and short-term strategy or plan to manage Scope 1 emissions, emissions reduction targets, and an analysis of performance against those targets",EM-EP-110a.3,17,totalenergies_sustainability-climate-2024-progress-report_2024_fr_pdf_017,yes,N/A,N/A,True,Discussion and Analysis,n/a,emissions reduction strategy|GHG targets|climate strategy|net zero|carbon reduction plan|flare reduction|methane reduction|emissions performance,Qualitative discussion covering: (1) long-term and short-term strategy/plan to manage Scope 1 emissions; (2) specific emissions reduction targets (absolute or intensity); (3) analysis of performance against those targets. Must include timeframe for targets and progress to date.
french,totalenergies_sustainability-climate-2024-progress-report_2024_fr_pdf,EM-EP-420a.3,Reserves Valuation & Capital Expenditures,"Amount invested in renewable energy, revenue generated by renewable energy sales",EM-EP-420a.3,20,totalenergies_sustainability-climate-2024-progress-report_2024_fr_pdf_020,yes but not complete,300,MW,False,Quantitative,Presentation currency,renewable energy investment|renewable energy revenue|clean energy|solar|wind|energy transition|capital allocation|diversification,"Two values in presentation currency: (1) total capital invested in renewable energy projects during reporting period; (2) total revenue generated from renewable energy sales. Includes solar, wind, geothermal, and other renewable energy investments and operations."
french,totalenergies_sustainability-climate-2024-progress-report_2024_fr_pdf,EM-EP-420a.3,Reserves Valuation & Capital Expenditures,"Amount invested in renewable energy, revenue generated by renewable energy sales",EM-EP-420a.3,21,totalenergies_sustainability-climate-2024-progress-report_2024_fr_pdf_021,yes but not complete,4,GW,False,Quantitative,Presentation currency,renewable energy investment|renewable energy revenue|clean energy|solar|wind|energy transition|capital allocation|diversification,"Two values in presentation currency: (1) total capital invested in renewable energy projects during reporting period; (2) total revenue generated from renewable energy sales. Includes solar, wind, geothermal, and other renewable energy investments and operations."
french,totalenergies_sustainability-climate-2024-progress-report_2024_fr_pdf,EM-EP-420a.3,Reserves Valuation & Capital Expenditures,"Amount invested in renewable energy, revenue generated by renewable energy sales",EM-EP-420a.3,22,totalenergies_sustainability-climate-2024-progress-report_2024_fr_pdf_022,yes,"16,8",G$,True,Quantitative,Presentation currency,renewable energy investment|renewable energy revenue|clean energy|solar|wind|energy transition|capital allocation|diversification,"Two values in presentation currency: (1) total capital invested in renewable energy projects during reporting period; (2) total revenue generated from renewable energy sales. Includes solar, wind, geothermal, and other renewable energy investments and operations."
french,totalenergies_sustainability-climate-2024-progress-report_2024_fr_pdf,EM-EP-420a.4,Reserves Valuation & Capital Expenditures,"Discussion of how price and demand for hydrocarbons or climate regulation influence the capital expenditure strategy for exploration, acquisition and development of assets",EM-EP-420a.4,22,totalenergies_sustainability-climate-2024-progress-report_2024_fr_pdf_022,yes,18,kg CO2e/bep,True,Discussion and Analysis,n/a,capital expenditure|capex strategy|exploration strategy|climate regulation|hydrocarbon demand|price outlook|energy transition|asset development,"Qualitative discussion of how hydrocarbon price scenarios and climate regulations (carbon taxes, cap-and-trade, fuel economy standards, renewable energy mandates) affect capital allocation decisions for exploration, acquisition, and development. Should address both near-term and long-term strategy."
french,totalenergies_sustainability-climate-2024-progress-report_2024_fr_pdf,EM-EP-110a.1,Greenhouse Gas Emissions,"Gross global Scope 1 emissions, percentage methane, percentage covered under emissions-limiting regulations",EM-EP-110a.1,29,totalenergies_sustainability-climate-2024-progress-report_2024_fr_pdf_029,yes,40,Mt CO2e,True,Quantitative,Metric tonnes (t) CO2-e|Percentage (%),Scope 1|greenhouse gas|GHG|methane|CO2-e|emissions-limiting regulations|flaring|venting|fugitive emissions|GWP,"Three values: (1) total gross global Scope 1 GHG emissions in metric tonnes CO2-e (using GWP values from IPCC); (2) percentage that is methane (CH4); (3) percentage covered under emissions-limiting regulations (cap-and-trade, carbon tax, or regulatory limits). Includes combustion, flaring, venting, fugitive emissions from all owned/operated assets."
french,totalenergies_sustainability-climate-2024-progress-report_2024_fr_pdf,EM-EP-110a.1,Greenhouse Gas Emissions,"Gross global Scope 1 emissions, percentage methane, percentage covered under emissions-limiting regulations",EM-EP-110a.1,29,totalenergies_sustainability-climate-2024-progress-report_2024_fr_pdf_029,yes but not complete,42,kt CH4,False,Quantitative,Metric tonnes (t) CO2-e|Percentage (%),Scope 1|greenhouse gas|GHG|methane|CO2-e|emissions-limiting regulations|flaring|venting|fugitive emissions|GWP,"Three values: (1) total gross global Scope 1 GHG emissions in metric tonnes CO2-e (using GWP values from IPCC); (2) percentage that is methane (CH4); (3) percentage covered under emissions-limiting regulations (cap-and-trade, carbon tax, or regulatory limits). Includes combustion, flaring, venting, fugitive emissions from all owned/operated assets."
french,totalenergies_sustainability-climate-2024-progress-report_2024_fr_pdf,EM-EP-110a.3,Greenhouse Gas Emissions,"Discussion of long- and short-term strategy or plan to manage Scope 1 emissions, emissions reduction targets, and an analysis of performance against those targets",EM-EP-110a.3,29,totalenergies_sustainability-climate-2024-progress-report_2024_fr_pdf_029,yes,100,%,True,Discussion and Analysis,n/a,emissions reduction strategy|GHG targets|climate strategy|net zero|carbon reduction plan|flare reduction|methane reduction|emissions performance,Qualitative discussion covering: (1) long-term and short-term strategy/plan to manage Scope 1 emissions; (2) specific emissions reduction targets (absolute or intensity); (3) analysis of performance against those targets. Must include timeframe for targets and progress to date.
french,totalenergies_sustainability-climate-2024-progress-report_2024_fr_pdf,EM-EP-420a.4,Reserves Valuation & Capital Expenditures,"Discussion of how price and demand for hydrocarbons or climate regulation influence the capital expenditure strategy for exploration, acquisition and development of assets",EM-EP-420a.4,30,totalenergies_sustainability-climate-2024-progress-report_2024_fr_pdf_030,yes,"101,8",Mb/j,True,Discussion and Analysis,n/a,capital expenditure|capex strategy|exploration strategy|climate regulation|hydrocarbon demand|price outlook|energy transition|asset development,"Qualitative discussion of how hydrocarbon price scenarios and climate regulations (carbon taxes, cap-and-trade, fuel economy standards, renewable energy mandates) affect capital allocation decisions for exploration, acquisition, and development. Should address both near-term and long-term strategy."
french,totalenergies_sustainability-climate-2024-progress-report_2024_fr_pdf,EM-EP-110a.3,Greenhouse Gas Emissions,"Discussion of long- and short-term strategy or plan to manage Scope 1 emissions, emissions reduction targets, and an analysis of performance against those targets",EM-EP-110a.3,32,totalenergies_sustainability-climate-2024-progress-report_2024_fr_pdf_032,yes,38,Mt CO2e,True,Discussion and Analysis,n/a,emissions reduction strategy|GHG targets|climate strategy|net zero|carbon reduction plan|flare reduction|methane reduction|emissions performance,Qualitative discussion covering: (1) long-term and short-term strategy/plan to manage Scope 1 emissions; (2) specific emissions reduction targets (absolute or intensity); (3) analysis of performance against those targets. Must include timeframe for targets and progress to date.
french,totalenergies_sustainability-climate-2024-progress-report_2024_fr_pdf,EM-EP-110a.3,Greenhouse Gas Emissions,"Discussion of long- and short-term strategy or plan to manage Scope 1 emissions, emissions reduction targets, and an analysis of performance against those targets",EM-EP-110a.3,33,totalenergies_sustainability-climate-2024-progress-report_2024_fr_pdf_033,yes,1,milliard de dollars,True,Discussion and Analysis,n/a,emissions reduction strategy|GHG targets|climate strategy|net zero|carbon reduction plan|flare reduction|methane reduction|emissions performance,Qualitative discussion covering: (1) long-term and short-term strategy/plan to manage Scope 1 emissions; (2) specific emissions reduction targets (absolute or intensity); (3) analysis of performance against those targets. Must include timeframe for targets and progress to date.
french,totalenergies_sustainability-climate-2024-progress-report_2024_fr_pdf,EM-EP-110a.3,Greenhouse Gas Emissions,"Discussion of long- and short-term strategy or plan to manage Scope 1 emissions, emissions reduction targets, and an analysis of performance against those targets",EM-EP-110a.3,34,totalenergies_sustainability-climate-2024-progress-report_2024_fr_pdf_034,yes,30,MW,True,Discussion and Analysis,n/a,emissions reduction strategy|GHG targets|climate strategy|net zero|carbon reduction plan|flare reduction|methane reduction|emissions performance,Qualitative discussion covering: (1) long-term and short-term strategy/plan to manage Scope 1 emissions; (2) specific emissions reduction targets (absolute or intensity); (3) analysis of performance against those targets. Must include timeframe for targets and progress to date.
french,totalenergies_sustainability-climate-2024-progress-report_2024_fr_pdf,EM-MD-110a.3,Greenhouse Gas Emissions,"Gross global Scope 1 emissions, percentage methane, percentage covered under emissions-limiting regulations",EM-MD-110a.3,34,totalenergies_sustainability-climate-2024-progress-report_2024_fr_pdf_034,yes,32,%,True,Quantitative,Metric tons (t) CO2-e|Percentage (%),Scope 1 emissions|methane|emissions regulations|GHG inventory|pipeline methane|processing emissions,"Same structure as EM-MD-110a.1. Total Scope 1 GHG emissions, methane percentage, and percentage under emissions-limiting regulations."
french,totalenergies_sustainability-climate-2024-progress-report_2024_fr_pdf,EM-EP-110a.3,Greenhouse Gas Emissions,"Discussion of long- and short-term strategy or plan to manage Scope 1 emissions, emissions reduction targets, and an analysis of performance against those targets",EM-EP-110a.3,40,totalenergies_sustainability-climate-2024-progress-report_2024_fr_pdf_040,yes,10.1,millions de crédits,True,Discussion and Analysis,n/a,emissions reduction strategy|GHG targets|climate strategy|net zero|carbon reduction plan|flare reduction|methane reduction|emissions performance,Qualitative discussion covering: (1) long-term and short-term strategy/plan to manage Scope 1 emissions; (2) specific emissions reduction targets (absolute or intensity); (3) analysis of performance against those targets. Must include timeframe for targets and progress to date.
french,totalenergies_sustainability-climate-2024-progress-report_2024_fr_pdf,EM-EP-110a.1,Greenhouse Gas Emissions,"Gross global Scope 1 emissions, percentage methane, percentage covered under emissions-limiting regulations",EM-EP-110a.1,41,totalenergies_sustainability-climate-2024-progress-report_2024_fr_pdf_041,yes,17.2,Mt CO2e,True,Quantitative,Metric tonnes (t) CO2-e|Percentage (%),Scope 1|greenhouse gas|GHG|methane|CO2-e|emissions-limiting regulations|flaring|venting|fugitive emissions|GWP,"Three values: (1) total gross global Scope 1 GHG emissions in metric tonnes CO2-e (using GWP values from IPCC); (2) percentage that is methane (CH4); (3) percentage covered under emissions-limiting regulations (cap-and-trade, carbon tax, or regulatory limits). Includes combustion, flaring, venting, fugitive emissions from all owned/operated assets."
french,totalenergies_sustainability-climate-2024-progress-report_2024_fr_pdf,EM-EP-110a.3,Greenhouse Gas Emissions,"Discussion of long- and short-term strategy or plan to manage Scope 1 emissions, emissions reduction targets, and an analysis of performance against those targets",EM-EP-110a.3,46,totalenergies_sustainability-climate-2024-progress-report_2024_fr_pdf_046,yes,31.12,t CO2e réductions/ t GNL,True,Discussion and Analysis,n/a,emissions reduction strategy|GHG targets|climate strategy|net zero|carbon reduction plan|flare reduction|methane reduction|emissions performance,Qualitative discussion covering: (1) long-term and short-term strategy/plan to manage Scope 1 emissions; (2) specific emissions reduction targets (absolute or intensity); (3) analysis of performance against those targets. Must include timeframe for targets and progress to date.
french,totalenergies_sustainability-climate-2024-progress-report_2024_fr_pdf,EM-EP-420a.3,Reserves Valuation & Capital Expenditures,"Amount invested in renewable energy, revenue generated by renewable energy sales",EM-EP-420a.3,50,totalenergies_sustainability-climate-2024-progress-report_2024_fr_pdf_050,yes but not complete,200,sites de recharge,False,Quantitative,Presentation currency,renewable energy investment|renewable energy revenue|clean energy|solar|wind|energy transition|capital allocation|diversification,"Two values in presentation currency: (1) total capital invested in renewable energy projects during reporting period; (2) total revenue generated from renewable energy sales. Includes solar, wind, geothermal, and other renewable energy investments and operations."
french,totalenergies_sustainability-climate-2024-progress-report_2024_fr_pdf,EM-EP-210a.3,"Security, Human Rights & Rights of Indigenous Peoples","Discussion of engagement processes and due diligence practices with respect to human rights, indigenous rights, and operation in areas of conflict",EM-EP-210a.3,60,totalenergies_sustainability-climate-2024-progress-report_2024_fr_pdf_060,yes,N/A,N/A,True,Quantitative,Number,bribery|corruption|facilitation payments|FCPA|UK Bribery Act|anti-corruption|compliance violations,"Total number of incidents involving bribery, corruption, or facilitation payments during the reporting period. Includes incidents reported internally and those identified by external parties or regulators. Must describe corrective actions taken."
french,totalenergies_sustainability-climate-2024-progress-report_2024_fr_pdf,EM-EP-530a.1,Management of the Legal & Regulatory Environment,Discussion of corporate positions related to government regulations or policy proposals that address environmental and social factors affecting the industry,EM-EP-530a.1,60,totalenergies_sustainability-climate-2024-progress-report_2024_fr_pdf_060,yes,N/A,N/A,True,Discussion and Analysis,n/a,lobbying|regulatory engagement|policy positions|government relations|environmental regulations|climate policy|political contributions|advocacy,"Qualitative discussion of corporate positions on government regulations and policy proposals addressing environmental and social factors. Should include: lobbying activities, trade association memberships and positions, political contributions, and alignment or misalignment between stated positions and actual advocacy activities."
french,totalenergies_sustainability-climate-2024-progress-report_2024_fr_pdf,EM-EP-320a.1,Workforce Health & Safety,(1) Total Recordable Incident Rate (TRIR) for (a) direct employees and (b) contract employees,EM-EP-320a.1,62,totalenergies_sustainability-climate-2024-progress-report_2024_fr_pdf_062,yes but not complete,"0,63",TRIR,False,Quantitative,Rate,TRIR|total recordable incident rate|fatality rate|recordable incidents|workplace injuries|contractor safety|occupational safety|OSHA,"Four rate values: TRIR and fatality rate each for (a) direct full-time employees and (b) contract employees. TRIR = (number of recordable incidents × 200,000) / total hours worked. Fatality rate = (number of fatalities × 200,000) / total hours worked. Scope: all operations."
french,totalenergies_sustainability-climate-2024-progress-report_2024_fr_pdf,EM-EP-320a.1,Workforce Health & Safety,(1) Total Recordable Incident Rate (TRIR) for (a) direct employees and (b) contract employees,EM-EP-320a.1,64,totalenergies_sustainability-climate-2024-progress-report_2024_fr_pdf_064,yes but not complete,6,accidents,False,Quantitative,Rate,TRIR|total recordable incident rate|fatality rate|recordable incidents|workplace injuries|contractor safety|occupational safety|OSHA,"Four rate values: TRIR and fatality rate each for (a) direct full-time employees and (b) contract employees. TRIR = (number of recordable incidents × 200,000) / total hours worked. Fatality rate = (number of fatalities × 200,000) / total hours worked. Scope: all operations."
french,totalenergies_sustainability-climate-2024-progress-report_2024_fr_pdf,EM-EP-160a.1,Biodiversity Impacts,Description of environmental management policies and practices for active sites,EM-EP-160a.1,81,totalenergies_sustainability-climate-2024-progress-report_2024_fr_pdf_081,yes,N/A,N/A,True,Discussion and Analysis,n/a,biodiversity|environmental management|EMS|environmental policy|active sites|habitat|protected areas|environmental impact assessment|EIA,"Qualitative description of environmental management policies and practices at active exploration and production sites, including: environmental management systems (EMS), biodiversity assessments, habitat protection measures, restoration practices, and compliance with national/international biodiversity standards."
french,totalenergies_sustainability-climate-2024-progress-report_2024_fr_pdf,EM-EP-160a.1,Biodiversity Impacts,Description of environmental management policies and practices for active sites,EM-EP-160a.1,82,totalenergies_sustainability-climate-2024-progress-report_2024_fr_pdf_082,yes,90,%,True,Discussion and Analysis,n/a,biodiversity|environmental management|EMS|environmental policy|active sites|habitat|protected areas|environmental impact assessment|EIA,"Qualitative description of environmental management policies and practices at active exploration and production sites, including: environmental management systems (EMS), biodiversity assessments, habitat protection measures, restoration practices, and compliance with national/international biodiversity standards."
french,totalenergies_sustainability-climate-2024-progress-report_2024_fr_pdf,EM-EP-210a.3,"Security, Human Rights & Rights of Indigenous Peoples","Discussion of engagement processes and due diligence practices with respect to human rights, indigenous rights, and operation in areas of conflict",EM-EP-210a.3,85,totalenergies_sustainability-climate-2024-progress-report_2024_fr_pdf_085,yes,N/A,N/A,True,Quantitative,Number,bribery|corruption|facilitation payments|FCPA|UK Bribery Act|anti-corruption|compliance violations,"Total number of incidents involving bribery, corruption, or facilitation payments during the reporting period. Includes incidents reported internally and those identified by external parties or regulators. Must describe corrective actions taken."
french,totalenergies_sustainability-climate-2024-progress-report_2024_fr_pdf,EM-EP-510a.2,Business Ethics & Transparency,Description of the management system for prevention of corruption and bribery throughout the value chain,EM-EP-510a.2,87,totalenergies_sustainability-climate-2024-progress-report_2024_fr_pdf_087,yes,N/A,N/A,True,Discussion and Analysis,n/a,anti-corruption|anti-bribery|compliance programme|due diligence|third-party risk|value chain|FCPA|UK Bribery Act|whistleblower,"Qualitative description of anti-corruption management system including: policies and codes of conduct, due diligence on third parties (agents, joint venture partners, suppliers), training programmes, monitoring and audit processes, whistleblower mechanisms, and applicability throughout the value chain."
french,totalenergies_sustainability-climate-2024-progress-report_2024_fr_pdf,EM-EP-210b.1,Community Relations,Discussion of process to manage risks and opportunities associated with community rights and interests,EM-EP-210b.1,88,totalenergies_sustainability-climate-2024-progress-report_2024_fr_pdf_088,yes,7,experts,True,Discussion and Analysis,n/a,community relations|community engagement|social licence to operate|stakeholder engagement|community investment|grievance mechanism|community rights,"Qualitative discussion of processes to manage risks and opportunities related to community rights and interests, including: stakeholder identification and engagement, grievance mechanisms, community investment programmes, free prior informed consent, benefit sharing, and social impact assessment."
french,totalenergies_sustainability-climate-2024-progress-report_2024_fr_pdf,EM-EP-210b.1,Community Relations,Discussion of process to manage risks and opportunities associated with community rights and interests,EM-EP-210b.1,92,totalenergies_sustainability-climate-2024-progress-report_2024_fr_pdf_092,yes,630000,jeunes formés,True,Discussion and Analysis,n/a,community relations|community engagement|social licence to operate|stakeholder engagement|community investment|grievance mechanism|community rights,"Qualitative discussion of processes to manage risks and opportunities related to community rights and interests, including: stakeholder identification and engagement, grievance mechanisms, community investment programmes, free prior informed consent, benefit sharing, and social impact assessment."
french,totalenergies_sustainability-climate-2024-progress-report_2024_fr_pdf,EM-EP-210b.1,Community Relations,Discussion of process to manage risks and opportunities associated with community rights and interests,EM-EP-210b.1,94,totalenergies_sustainability-climate-2024-progress-report_2024_fr_pdf_094,yes,910,kt,True,Discussion and Analysis,n/a,community relations|community engagement|social licence to operate|stakeholder engagement|community investment|grievance mechanism|community rights,"Qualitative discussion of processes to manage risks and opportunities related to community rights and interests, including: stakeholder identification and engagement, grievance mechanisms, community investment programmes, free prior informed consent, benefit sharing, and social impact assessment."
french,totalenergies_sustainability-climate-2024-progress-report_2024_fr_pdf,EM-EP-320a.1,Workforce Health & Safety,"(1) Total recordable incident rate (TRIR), (2) fatality rate, (3) near miss frequency rate (NMFR), and (4) average hours of health, safety, and emergency response training for (a) direct employees and (b) contract employees",EM-EP-320a.1,62,totalenergies_sustainability-climate-2024-progress-report_2024_fr_pdf_062,yes but not complete,"0,63",Nb/Mh,False,Quantitative,Rate,TRIR|total recordable incident rate|fatality rate|recordable incidents|workplace injuries|contractor safety|occupational safety|OSHA,"Four rate values: TRIR and fatality rate each for (a) direct full-time employees and (b) contract employees. TRIR = (number of recordable incidents × 200,000) / total hours worked. Fatality rate = (number of fatalities × 200,000) / total hours worked. Scope: all operations."
french,totalenergies_sustainability-climate-2024-progress-report_2024_fr_pdf,EM-EP-540a.2,Critical Incident Risk Management,Description of management systems used to identify and mitigate catastrophic and tail-end risks,EM-EP-540a.2,11,totalenergies_sustainability-climate-2024-progress-report_2024_fr_pdf_011,no,N/A,N/A,True,Discussion and Analysis,n/a,process safety management|PSM|risk assessment|HAZOP|barrier management|bow-tie analysis|catastrophic risk|well control|blowout prevention,"Qualitative description of process safety management systems used to identify and mitigate catastrophic potential safety events including: risk assessment methodologies (HAZOP, LOPA), barrier management, well control procedures, blowout prevention, emergency response planning, and lessons-learned processes."
french,totalenergies_sustainability-climate-2024-progress-report_2024_fr_pdf,EM-EP-110a.3,Greenhouse Gas Emissions,"Discussion of long- and short-term strategy or plan to manage Scope 1 emissions, emissions reduction targets, and an analysis of performance against those targets",EM-EP-110a.3,20,totalenergies_sustainability-climate-2024-progress-report_2024_fr_pdf_020,no,13,%,True,Discussion and Analysis,n/a,emissions reduction strategy|GHG targets|climate strategy|net zero|carbon reduction plan|flare reduction|methane reduction|emissions performance,Qualitative discussion covering: (1) long-term and short-term strategy/plan to manage Scope 1 emissions; (2) specific emissions reduction targets (absolute or intensity); (3) analysis of performance against those targets. Must include timeframe for targets and progress to date.
french,totalenergies_sustainability-climate-2024-progress-report_2024_fr_pdf,EM-EP-420a.3,Reserves Valuation & Capital Expenditures,"Amount invested in renewable energy, revenue generated by renewable energy sales",EM-EP-420a.3,23,totalenergies_sustainability-climate-2024-progress-report_2024_fr_pdf_023,no,300,MW,False,Quantitative,Presentation currency,renewable energy investment|renewable energy revenue|clean energy|solar|wind|energy transition|capital allocation|diversification,"Two values in presentation currency: (1) total capital invested in renewable energy projects during reporting period; (2) total revenue generated from renewable energy sales. Includes solar, wind, geothermal, and other renewable energy investments and operations."
french,totalenergies_sustainability-climate-2024-progress-report_2024_fr_pdf,EM-EP-420a.4,Reserves Valuation & Capital Expenditures,"Discussion of how price and demand for hydrocarbons or climate regulation influence the capital expenditure strategy for exploration, acquisition and development of assets",EM-EP-420a.4,23,totalenergies_sustainability-climate-2024-progress-report_2024_fr_pdf_023,no,18,kg CO2e/bep,True,Discussion and Analysis,n/a,capital expenditure|capex strategy|exploration strategy|climate regulation|hydrocarbon demand|price outlook|energy transition|asset development,"Qualitative discussion of how hydrocarbon price scenarios and climate regulations (carbon taxes, cap-and-trade, fuel economy standards, renewable energy mandates) affect capital allocation decisions for exploration, acquisition, and development. Should address both near-term and long-term strategy."
french,totalenergies_sustainability-climate-2024-progress-report_2024_fr_pdf,EM-EP-110a.1,Greenhouse Gas Emissions,"Gross global Scope 1 emissions, percentage methane, percentage covered under emissions-limiting regulations",EM-EP-110a.1,30,totalenergies_sustainability-climate-2024-progress-report_2024_fr_pdf_030,no,40,Mt CO2e,True,Quantitative,Metric tonnes (t) CO2-e|Percentage (%),Scope 1|greenhouse gas|GHG|methane|CO2-e|emissions-limiting regulations|flaring|venting|fugitive emissions|GWP,"Three values: (1) total gross global Scope 1 GHG emissions in metric tonnes CO2-e (using GWP values from IPCC); (2) percentage that is methane (CH4); (3) percentage covered under emissions-limiting regulations (cap-and-trade, carbon tax, or regulatory limits). Includes combustion, flaring, venting, fugitive emissions from all owned/operated assets."
french,totalenergies_sustainability-climate-2024-progress-report_2024_fr_pdf,EM-EP-110a.3,Greenhouse Gas Emissions,"Discussion of long- and short-term strategy or plan to manage Scope 1 emissions, emissions reduction targets, and an analysis of performance against those targets",EM-EP-110a.3,30,totalenergies_sustainability-climate-2024-progress-report_2024_fr_pdf_030,no,100,%,True,Discussion and Analysis,n/a,emissions reduction strategy|GHG targets|climate strategy|net zero|carbon reduction plan|flare reduction|methane reduction|emissions performance,Qualitative discussion covering: (1) long-term and short-term strategy/plan to manage Scope 1 emissions; (2) specific emissions reduction targets (absolute or intensity); (3) analysis of performance against those targets. Must include timeframe for targets and progress to date.
french,totalenergies_sustainability-climate-2024-progress-report_2024_fr_pdf,EM-EP-160a.1,Biodiversity Impacts,Description of environmental management policies and practices for active sites,EM-EP-160a.1,32,totalenergies_sustainability-climate-2024-progress-report_2024_fr_pdf_032,no,N/A,N/A,True,Discussion and Analysis,n/a,biodiversity|environmental management|EMS|environmental policy|active sites|habitat|protected areas|environmental impact assessment|EIA,"Qualitative description of environmental management policies and practices at active exploration and production sites, including: environmental management systems (EMS), biodiversity assessments, habitat protection measures, restoration practices, and compliance with national/international biodiversity standards."
french,totalenergies_sustainability-climate-2024-progress-report_2024_fr_pdf,EM-EP-420a.4,Reserves Valuation & Capital Expenditures,"Discussion of how price and demand for hydrocarbons or climate regulation influence the capital expenditure strategy for exploration, acquisition and development of assets",EM-EP-420a.4,40,totalenergies_sustainability-climate-2024-progress-report_2024_fr_pdf_040,no,100,M$,True,Discussion and Analysis,n/a,capital expenditure|capex strategy|exploration strategy|climate regulation|hydrocarbon demand|price outlook|energy transition|asset development,"Qualitative discussion of how hydrocarbon price scenarios and climate regulations (carbon taxes, cap-and-trade, fuel economy standards, renewable energy mandates) affect capital allocation decisions for exploration, acquisition, and development. Should address both near-term and long-term strategy."
french,totalenergies_sustainability-climate-2024-progress-report_2024_fr_pdf,EM-EP-110a.3,Greenhouse Gas Emissions,"Discussion of long- and short-term strategy or plan to manage Scope 1 emissions, emissions reduction targets, and an analysis of performance against those targets",EM-EP-110a.3,41,totalenergies_sustainability-climate-2024-progress-report_2024_fr_pdf_041,no,10.1,millions de crédits,True,Discussion and Analysis,n/a,emissions reduction strategy|GHG targets|climate strategy|net zero|carbon reduction plan|flare reduction|methane reduction|emissions performance,Qualitative discussion covering: (1) long-term and short-term strategy/plan to manage Scope 1 emissions; (2) specific emissions reduction targets (absolute or intensity); (3) analysis of performance against those targets. Must include timeframe for targets and progress to date.
french,totalenergies_sustainability-climate-2024-progress-report_2024_fr_pdf,EM-EP-420a.3,Reserves Valuation & Capital Expenditures,"Amount invested in renewable energy, revenue generated by renewable energy sales",EM-EP-420a.3,48,totalenergies_sustainability-climate-2024-progress-report_2024_fr_pdf_048,no,9.4,TWh,False,Quantitative,Presentation currency,renewable energy investment|renewable energy revenue|clean energy|solar|wind|energy transition|capital allocation|diversification,"Two values in presentation currency: (1) total capital invested in renewable energy projects during reporting period; (2) total revenue generated from renewable energy sales. Includes solar, wind, geothermal, and other renewable energy investments and operations."
french,totalenergies_sustainability-climate-2024-progress-report_2024_fr_pdf,EM-EP-210a.3,"Security, Human Rights & Rights of Indigenous Peoples","Discussion of engagement processes and due diligence practices with respect to human rights, indigenous rights, and operation in areas of conflict",EM-EP-210a.3,61,totalenergies_sustainability-climate-2024-progress-report_2024_fr_pdf_061,no,N/A,N/A,True,Quantitative,Number,bribery|corruption|facilitation payments|FCPA|UK Bribery Act|anti-corruption|compliance violations,"Total number of incidents involving bribery, corruption, or facilitation payments during the reporting period. Includes incidents reported internally and those identified by external parties or regulators. Must describe corrective actions taken."
french,totalenergies_sustainability-climate-2024-progress-report_2024_fr_pdf,EM-EP-530a.1,Management of the Legal & Regulatory Environment,Discussion of corporate positions related to government regulations or policy proposals that address environmental and social factors affecting the industry,EM-EP-530a.1,61,totalenergies_sustainability-climate-2024-progress-report_2024_fr_pdf_061,no,N/A,N/A,True,Discussion and Analysis,n/a,lobbying|regulatory engagement|policy positions|government relations|environmental regulations|climate policy|political contributions|advocacy,"Qualitative discussion of corporate positions on government regulations and policy proposals addressing environmental and social factors. Should include: lobbying activities, trade association memberships and positions, political contributions, and alignment or misalignment between stated positions and actual advocacy activities."
french,totalenergies_sustainability-climate-2024-progress-report_2024_fr_pdf,EM-EP-320a.2,Workforce Health & Safety,Process Safety Event (Tier 1) Rate,EM-EP-320a.2,64,totalenergies_sustainability-climate-2024-progress-report_2024_fr_pdf_064,no,N/A,N/A,False,Discussion and Analysis,n/a,safety management system|safety culture|process safety|HSE management|safety leadership|exploration lifecycle|production lifecycle|behaviour-based safety,"Qualitative description of safety management systems including: safety leadership and culture programmes, risk assessment processes, incident investigation procedures, safety training, contractor management, and integration of safety across exploration, drilling, and production phases."
french,totalenergies_sustainability-climate-2024-progress-report_2024_fr_pdf,EM-EP-320a.1,Workforce Health & Safety,(1) Total Recordable Incident Rate (TRIR) for (a) direct employees and (b) contract employees,EM-EP-320a.1,65,totalenergies_sustainability-climate-2024-progress-report_2024_fr_pdf_065,no,6,accidents,False,Quantitative,Rate,TRIR|total recordable incident rate|fatality rate|recordable incidents|workplace injuries|contractor safety|occupational safety|OSHA,"Four rate values: TRIR and fatality rate each for (a) direct full-time employees and (b) contract employees. TRIR = (number of recordable incidents × 200,000) / total hours worked. Fatality rate = (number of fatalities × 200,000) / total hours worked. Scope: all operations."
french,totalenergies_sustainability-climate-2024-progress-report_2024_fr_pdf,EM-EP-210a.3,"Security, Human Rights & Rights of Indigenous Peoples","Discussion of engagement processes and due diligence practices with respect to human rights, indigenous rights, and operation in areas of conflict",EM-EP-210a.3,87,totalenergies_sustainability-climate-2024-progress-report_2024_fr_pdf_087,no,N/A,N/A,True,Quantitative,Number,bribery|corruption|facilitation payments|FCPA|UK Bribery Act|anti-corruption|compliance violations,"Total number of incidents involving bribery, corruption, or facilitation payments during the reporting period. Includes incidents reported internally and those identified by external parties or regulators. Must describe corrective actions taken."
french,totalenergies_sustainability-climate-2024-progress-report_2024_fr_pdf,EM-EP-510a.2,Business Ethics & Transparency,Description of the management system for prevention of corruption and bribery throughout the value chain,EM-EP-510a.2,88,totalenergies_sustainability-climate-2024-progress-report_2024_fr_pdf_088,no,N/A,N/A,True,Discussion and Analysis,n/a,anti-corruption|anti-bribery|compliance programme|due diligence|third-party risk|value chain|FCPA|UK Bribery Act|whistleblower,"Qualitative description of anti-corruption management system including: policies and codes of conduct, due diligence on third parties (agents, joint venture partners, suppliers), training programmes, monitoring and audit processes, whistleblower mechanisms, and applicability throughout the value chain."
french,totalenergies_sustainability-climate-2024-progress-report_2024_fr_pdf,EM-EP-110a.1,Greenhouse Gas Emissions,"Gross global Scope 1 emissions, percentage methane, percentage covered under emissions-limiting regulations",EM-EP-110a.1,102,totalenergies_sustainability-climate-2024-progress-report_2024_fr_pdf_102,no,43,kt CH4,False,Quantitative,Metric tonnes (t) CO2-e|Percentage (%),Scope 1|greenhouse gas|GHG|methane|CO2-e|emissions-limiting regulations|flaring|venting|fugitive emissions|GWP,"Three values: (1) total gross global Scope 1 GHG emissions in metric tonnes CO2-e (using GWP values from IPCC); (2) percentage that is methane (CH4); (3) percentage covered under emissions-limiting regulations (cap-and-trade, carbon tax, or regulatory limits). Includes combustion, flaring, venting, fugitive emissions from all owned/operated assets."
french,totalenergies_sustainability-climate-2024-progress-report_2024_fr_pdf,EM-EP-110a.2,Greenhouse Gas Emissions,"Amount of gross global Scope 1 emissions from: (1) flared hydrocarbons, (2) other combustion, (3) process emissions, (4) other vented emissions and (5) fugitive emissions",EM-EP-110a.2,102,totalenergies_sustainability-climate-2024-progress-report_2024_fr_pdf_102,no,"2,5",Mm3/j,False,Quantitative,Metric tonnes (t) CO2-e,flaring|combustion|process emissions|vented emissions|fugitive emissions|methane leakage|GHG breakdown|emission sources,"Five disaggregated Scope 1 emission values in metric tonnes CO2-e: (1) flared hydrocarbons; (2) other combustion (engines, boilers, heaters); (3) process emissions (chemical reactions); (4) other vented emissions (intentional non-flare); (5) fugitive emissions (unintentional leaks from equipment). Sum should approximate total Scope 1."
japanese,honda_motor,TR-AU-250a.3,Product Safety,Number of vehicles recalled,TR-AU-250a.3,62,honda_motor_062,yes,"2,556,463",台,True,Quantitative,Number,vehicle recall|safety recall|NHTSA recall|defect recall|recall campaign|safety defect|recall volume,Total number of vehicles recalled during the reporting period due to safety-related defects. Includes voluntary and mandatory recalls across all markets. Large recall volumes may indicate quality or safety management weaknesses.
japanese,honda_motor,TR-AU-410a.3,Fuel Economy & Use-Phase Emissions,Strategy to manage fleet fuel economy and use-phase emissions risks,TR-AU-410a.3,20,honda_motor_020,yes but not complete,N/A,N/A,False,Discussion and Analysis,n/a,fleet strategy|electrification|emissions regulations|CAFE compliance|CO2 targets|EV transition|product portfolio|regulatory risk|net zero vehicles,"Qualitative discussion of: strategy to manage fuel economy and emissions risks (regulatory exposure, carbon pricing), electrification roadmap (EV targets, investment plans), approach to different regional regulations (CAFE, EU CO2 targets, China NEV), and opportunities from the low-carbon transition."
japanese,honda_motor,TR-AU-410a.3,Fuel Economy & Use-Phase Emissions,Strategy to manage fleet fuel economy and use-phase emissions risks,TR-AU-410a.3,20,honda_motor_020,yes,N/A,N/A,True,Discussion and Analysis,n/a,fleet strategy|electrification|emissions regulations|CAFE compliance|CO2 targets|EV transition|product portfolio|regulatory risk|net zero vehicles,"Qualitative discussion of: strategy to manage fuel economy and emissions risks (regulatory exposure, carbon pricing), electrification roadmap (EV targets, investment plans), approach to different regional regulations (CAFE, EU CO2 targets, China NEV), and opportunities from the low-carbon transition."
japanese,honda_motor,TR-AU-440a.1,Materials Sourcing,Management of risks associated with use of critical materials,TR-AU-440a.1,28,honda_motor_028,yes,N/A,N/A,True,Discussion and Analysis,n/a,critical materials|conflict minerals|cobalt|lithium|rare earth|3TG|supply chain risk|responsible sourcing|battery materials|material sourcing,"Qualitative description of: identification of critical materials (cobalt, lithium, rare earths, 3TG for electronics), supply chain due diligence, responsible sourcing standards (RMI, OECD), supplier audits, geographic concentration risk, and strategies to reduce dependence on critical materials."
japanese,honda_motor,TR-AU-440a.1,Materials Sourcing,Management of risks associated with use of critical materials,TR-AU-440a.1,127,honda_motor_127,yes but not complete,N/A,N/A,False,Discussion and Analysis,n/a,critical materials|conflict minerals|cobalt|lithium|rare earth|3TG|supply chain risk|responsible sourcing|battery materials|material sourcing,"Qualitative description of: identification of critical materials (cobalt, lithium, rare earths, 3TG for electronics), supply chain due diligence, responsible sourcing standards (RMI, OECD), supplier audits, geographic concentration risk, and strategies to reduce dependence on critical materials."
japanese,honda_motor,TR-AU-440b.1,Material Efficiency & Recycling,"(1) Total weight of waste from manufacturing, (2) percentage recycled",TR-AU-440b.1,136,honda_motor_136,yes but not complete,"1,420,000",トン,False,Quantitative,Metric tons (t)|Percentage (%),manufacturing waste|waste recycling|zero waste|waste to landfill|metal scrap|recycling rate|waste diversion,Two values: (1) total weight of waste generated in manufacturing operations in metric tons; (2) percentage of that waste recycled or recovered. Manufacturing automotive components generates significant scrap metal and other wastes.
japanese,honda_motor,TR-AU-000.B,Activity Metrics,Number of vehicles sold,TR-AU-000.B,164,honda_motor_164,yes but not complete,"18,757,000",台,False,Quantitative,Number,vehicles sold|sales volume|units sold|global sales,N/A
japanese,honda_motor,TR-AU-250a.1,Product Safety,"Percentage of vehicle models rated by NCAP with an overall 5-star safety rating, by region",TR-AU-250a.1,48,honda_motor_048,no,100,%,False,Quantitative,Percentage (%),NCAP|5-star safety|vehicle safety rating|crash test|safety rating|Euro NCAP|US NCAP|safety performance,"Percentage of vehicle models (that have been rated) achieving an overall 5-star rating from New Car Assessment Programme (NCAP), disaggregated by region (US NCAP, Euro NCAP, ANCAP, etc.). Reflects the safety quality of the vehicle fleet."
japanese,honda_motor,TR-AU-250a.3,Product Safety,Number of vehicles recalled,TR-AU-250a.3,63,honda_motor_063,no,"2,556,463",台,True,Quantitative,Number,vehicle recall|safety recall|NHTSA recall|defect recall|recall campaign|safety defect|recall volume,Total number of vehicles recalled during the reporting period due to safety-related defects. Includes voluntary and mandatory recalls across all markets. Large recall volumes may indicate quality or safety management weaknesses.
japanese,honda_motor,TR-AU-440a.1,Materials Sourcing,Management of risks associated with use of critical materials,TR-AU-440a.1,29,honda_motor_029,no,N/A,N/A,True,Discussion and Analysis,n/a,critical materials|conflict minerals|cobalt|lithium|rare earth|3TG|supply chain risk|responsible sourcing|battery materials|material sourcing,"Qualitative description of: identification of critical materials (cobalt, lithium, rare earths, 3TG for electronics), supply chain due diligence, responsible sourcing standards (RMI, OECD), supplier audits, geographic concentration risk, and strategies to reduce dependence on critical materials."
japanese,honda_motor,TR-AU-440a.1,Materials Sourcing,Management of risks associated with use of critical materials,TR-AU-440a.1,128,honda_motor_128,no,N/A,N/A,False,Discussion and Analysis,n/a,critical materials|conflict minerals|cobalt|lithium|rare earth|3TG|supply chain risk|responsible sourcing|battery materials|material sourcing,"Qualitative description of: identification of critical materials (cobalt, lithium, rare earths, 3TG for electronics), supply chain due diligence, responsible sourcing standards (RMI, OECD), supplier audits, geographic concentration risk, and strategies to reduce dependence on critical materials."
japanese,honda_motor,TR-AU-000.A,Activity Metrics,Number of vehicles manufactured,TR-AU-000.A,166,honda_motor_166,no,"643,000",台,True,Quantitative,Number,vehicles manufactured|production volume|units produced|manufacturing output,N/A
japanese,honda_motor,TR-AU-000.B,Activity Metrics,Number of vehicles sold,TR-AU-000.B,166,honda_motor_166,no,"18,757,000",台,False,Quantitative,Number,vehicles sold|sales volume|units sold|global sales,N/A
japanese,honda_motor,TR-AU-000.B,Activity Metrics,Number of vehicles sold,TR-AU-000.B,172,honda_motor_172,no,"18,757,000",台,False,Quantitative,Number,vehicles sold|sales volume|units sold|global sales,N/A
japanese,nissan_motor,TR-AU-250a.3,Product Safety,Number of vehicles recalled,TR-AU-250a.3,79,nissan_motor_079,yes but not complete,"1,164,000",台,False,Quantitative,Number,vehicle recall|safety recall|NHTSA recall|defect recall|recall campaign|safety defect|recall volume,Total number of vehicles recalled during the reporting period due to safety-related defects. Includes voluntary and mandatory recalls across all markets. Large recall volumes may indicate quality or safety management weaknesses.
japanese,nissan_motor,TR-AU-410a.1,Fuel Economy & Use-phase Emissions,"Sales-weighted average passenger fleet fuel economy, by region",TR-AU-410a.1,145,nissan_motor_145,yes,21.9,km/L,True,Quantitative,Litres per 100 kilometres (L/100km)|Miles per gallon (mpg)|Kilometres per litre (km/L),fuel economy|fuel efficiency|CAFE|fleet average|CO2 per km|passenger cars|light vehicles|mpg|gCO2/km,"Sales-weighted average fuel economy of the passenger vehicle fleet, disaggregated by region (US, EU, China, Japan, etc.). May be reported in L/100km, gCO2/km, or mpg depending on region. Reflects compliance with fuel economy and emissions regulations."
japanese,nissan_motor,TR-AU-410a.2,Fuel Economy & Use-phase Emissions,"Number of (1) zero emission vehicles (ZEV), (2) hybrid vehicles and (3) plug-in hybrid vehicles sold",TR-AU-410a.2,147,nissan_motor_147,yes,"507,000",台,True,Quantitative,Number,ZEV|zero emission vehicles|EV|electric vehicles|hybrid|PHEV|plug-in hybrid|BEV|battery electric|low emission vehicles,"Three separate counts: (1) zero emission vehicles sold (BEV, FCEV); (2) hybrid electric vehicles (HEV); (3) plug-in hybrid electric vehicles (PHEV). Reflects the transition to electrification and progress toward low-emission fleet."
japanese,nissan_motor,TR-AU-410a.3,Fuel Economy & Use-phase Emissions,Discussion of strategy for managing fleet fuel economy and emissions risks and opportunities,TR-AU-410a.3,39,nissan_motor_039,yes,N/A,N/A,True,Discussion and Analysis,n/a,fleet strategy|electrification|emissions regulations|CAFE compliance|CO2 targets|EV transition|product portfolio|regulatory risk|net zero vehicles,"Qualitative discussion of: strategy to manage fuel economy and emissions risks (regulatory exposure, carbon pricing), electrification roadmap (EV targets, investment plans), approach to different regional regulations (CAFE, EU CO2 targets, China NEV), and opportunities from the low-carbon transition."
japanese,nissan_motor,TR-AU-410a.3,Fuel Economy & Use-phase Emissions,Discussion of strategy for managing fleet fuel economy and emissions risks and opportunities,TR-AU-410a.3,39,nissan_motor_039,yes but not complete,N/A,N/A,False,Discussion and Analysis,n/a,fleet strategy|electrification|emissions regulations|CAFE compliance|CO2 targets|EV transition|product portfolio|regulatory risk|net zero vehicles,"Qualitative discussion of: strategy to manage fuel economy and emissions risks (regulatory exposure, carbon pricing), electrification roadmap (EV targets, investment plans), approach to different regional regulations (CAFE, EU CO2 targets, China NEV), and opportunities from the low-carbon transition."
japanese,nissan_motor,TR-AU-440a.1,Materials Sourcing,Description of the management of risks associated with the use of critical materials,TR-AU-440a.1,55,nissan_motor_055,yes,N/A,N/A,True,Discussion and Analysis,n/a,critical materials|conflict minerals|cobalt|lithium|rare earth|3TG|supply chain risk|responsible sourcing|battery materials|material sourcing,"Qualitative description of: identification of critical materials (cobalt, lithium, rare earths, 3TG for electronics), supply chain due diligence, responsible sourcing standards (RMI, OECD), supplier audits, geographic concentration risk, and strategies to reduce dependence on critical materials."
japanese,nissan_motor,TR-AU-440a.1,Materials Sourcing,Description of the management of risks associated with the use of critical materials,TR-AU-440a.1,88,nissan_motor_088,yes,N/A,N/A,True,Discussion and Analysis,n/a,critical materials|conflict minerals|cobalt|lithium|rare earth|3TG|supply chain risk|responsible sourcing|battery materials|material sourcing,"Qualitative description of: identification of critical materials (cobalt, lithium, rare earths, 3TG for electronics), supply chain due diligence, responsible sourcing standards (RMI, OECD), supplier audits, geographic concentration risk, and strategies to reduce dependence on critical materials."
japanese,nissan_motor,TR-AU-440a.1,Materials Sourcing,Description of the management of risks associated with the use of critical materials,TR-AU-440a.1,88,nissan_motor_088,yes but not complete,N/A,N/A,False,Discussion and Analysis,n/a,critical materials|conflict minerals|cobalt|lithium|rare earth|3TG|supply chain risk|responsible sourcing|battery materials|material sourcing,"Qualitative description of: identification of critical materials (cobalt, lithium, rare earths, 3TG for electronics), supply chain due diligence, responsible sourcing standards (RMI, OECD), supplier audits, geographic concentration risk, and strategies to reduce dependence on critical materials."
japanese,nissan_motor,TR-AU-440b.1,Materials Efficiency & Recycling,(1) Total amount of waste from manufacturing,TR-AU-440b.1,154,nissan_motor_154,yes,"171,598",トン,True,Quantitative,Metric tons (t)|Percentage (%),manufacturing waste|waste recycling|zero waste|waste to landfill|metal scrap|recycling rate|waste diversion,Two values: (1) total weight of waste generated in manufacturing operations in metric tons; (2) percentage of that waste recycled or recovered. Manufacturing automotive components generates significant scrap metal and other wastes.
japanese,nissan_motor,TR-AU-440b.1,Materials Efficiency & Recycling,(1) Total amount of waste from manufacturing,TR-AU-440b.1,154,nissan_motor_154,yes but not complete,"164,947",トン,False,Quantitative,Metric tons (t)|Percentage (%),manufacturing waste|waste recycling|zero waste|waste to landfill|metal scrap|recycling rate|waste diversion,Two values: (1) total weight of waste generated in manufacturing operations in metric tons; (2) percentage of that waste recycled or recovered. Manufacturing automotive components generates significant scrap metal and other wastes.
japanese,nissan_motor,TR-AU-440b.1,Materials Efficiency & Recycling,(2) percentage recycled (precentage recycled),TR-AU-440b.1,154,nissan_motor_154,yes but not complete,95.46%,%,False,Quantitative,Metric tons (t)|Percentage (%),manufacturing waste|waste recycling|zero waste|waste to landfill|metal scrap|recycling rate|waste diversion,Two values: (1) total weight of waste generated in manufacturing operations in metric tons; (2) percentage of that waste recycled or recovered. Manufacturing automotive components generates significant scrap metal and other wastes.
japanese,nissan_motor,TR-AU-440b.2,Materials Efficiency & Recycling,"(1) Weight of end-of-life material recovered, (2) percentage recycled",TR-AU-440b.2,54,nissan_motor_054,yes but not complete,56,%,False,Quantitative,Metric tons (t)|Percentage (%),end-of-life vehicles|ELV|material recovery|vehicle recycling|shredder residue|reuse|recycled materials|circular economy,Two values: (1) total weight of material recovered from end-of-life vehicles in metric tons; (2) percentage of recovered material that is recycled (vs. landfilled or incinerated). EU ELV Directive requires 85% reuse/recycle and 95% reuse/recovery.
japanese,nissan_motor,TR-AU-440b.3,Materials Efficiency & Recycling,Average recyclability of vehicles sold,TR-AU-440b.3,55,nissan_motor_055,yes,95,%,True,Quantitative,Percentage (%),vehicle recyclability|recyclable content|ELV directive|design for recyclability|material composition|end-of-life recyclability,"Sales-weighted average recyclability of vehicles (percentage of vehicle weight that is recyclable or reusable at end of life), calculated per standards such as ISO 22628 or EU ELV Directive methodology."
japanese,nissan_motor,TR-AU-250a.3,Product Safety,Number of vehicles recalled,TR-AU-250a.3,80,nissan_motor_080,no,"1,164,000",台,False,Quantitative,Number,vehicle recall|safety recall|NHTSA recall|defect recall|recall campaign|safety defect|recall volume,Total number of vehicles recalled during the reporting period due to safety-related defects. Includes voluntary and mandatory recalls across all markets. Large recall volumes may indicate quality or safety management weaknesses.
japanese,nissan_motor,TR-AU-410a.3,Fuel Economy & Use-phase Emissions,Discussion of strategy for managing fleet fuel economy and emissions risks and opportunities,TR-AU-410a.3,32,nissan_motor_032,no,N/A,N/A,True,Discussion and Analysis,n/a,fleet strategy|electrification|emissions regulations|CAFE compliance|CO2 targets|EV transition|product portfolio|regulatory risk|net zero vehicles,"Qualitative discussion of: strategy to manage fuel economy and emissions risks (regulatory exposure, carbon pricing), electrification roadmap (EV targets, investment plans), approach to different regional regulations (CAFE, EU CO2 targets, China NEV), and opportunities from the low-carbon transition."
japanese,nissan_motor,TR-AU-410a.3,Fuel Economy & Use-phase Emissions,Discussion of strategy for managing fleet fuel economy and emissions risks and opportunities,TR-AU-410a.3,40,nissan_motor_040,no,N/A,N/A,True,Discussion and Analysis,n/a,fleet strategy|electrification|emissions regulations|CAFE compliance|CO2 targets|EV transition|product portfolio|regulatory risk|net zero vehicles,"Qualitative discussion of: strategy to manage fuel economy and emissions risks (regulatory exposure, carbon pricing), electrification roadmap (EV targets, investment plans), approach to different regional regulations (CAFE, EU CO2 targets, China NEV), and opportunities from the low-carbon transition."
japanese,nissan_motor,TR-AU-410a.3,Fuel Economy & Use-phase Emissions,Discussion of strategy for managing fleet fuel economy and emissions risks and opportunities,TR-AU-410a.3,45,nissan_motor_045,no,N/A,N/A,True,Discussion and Analysis,n/a,fleet strategy|electrification|emissions regulations|CAFE compliance|CO2 targets|EV transition|product portfolio|regulatory risk|net zero vehicles,"Qualitative discussion of: strategy to manage fuel economy and emissions risks (regulatory exposure, carbon pricing), electrification roadmap (EV targets, investment plans), approach to different regional regulations (CAFE, EU CO2 targets, China NEV), and opportunities from the low-carbon transition."
japanese,nissan_motor,TR-AU-440b.1,Materials Efficiency & Recycling,(1) Total amount of waste from manufacturing,TR-AU-440b.1,58,nissan_motor_058,no,"171,598",トン,True,Quantitative,Metric tons (t)|Percentage (%),manufacturing waste|waste recycling|zero waste|waste to landfill|metal scrap|recycling rate|waste diversion,Two values: (1) total weight of waste generated in manufacturing operations in metric tons; (2) percentage of that waste recycled or recovered. Manufacturing automotive components generates significant scrap metal and other wastes.
japanese,nissan_motor,TR-AU-440b.1,Materials Efficiency & Recycling,(1) Total amount of waste from manufacturing,TR-AU-440b.1,155,nissan_motor_155,no,"171,598",トン,True,Quantitative,Metric tons (t)|Percentage (%),manufacturing waste|waste recycling|zero waste|waste to landfill|metal scrap|recycling rate|waste diversion,Two values: (1) total weight of waste generated in manufacturing operations in metric tons; (2) percentage of that waste recycled or recovered. Manufacturing automotive components generates significant scrap metal and other wastes.
japanese,nissan_motor,TR-AU-440b.1,Materials Efficiency & Recycling,(2) percentage recycled (precentage recycled),TR-AU-440b.1,155,nissan_motor_155,no,95.46%,%,False,Quantitative,Metric tons (t)|Percentage (%),manufacturing waste|waste recycling|zero waste|waste to landfill|metal scrap|recycling rate|waste diversion,Two values: (1) total weight of waste generated in manufacturing operations in metric tons; (2) percentage of that waste recycled or recovered. Manufacturing automotive components generates significant scrap metal and other wastes.
japanese,nissan_motor,TR-AU-440b.2,Materials Efficiency & Recycling,"(1) Weight of end-of-life material recovered, (2) percentage recycled",TR-AU-440b.2,55,nissan_motor_055,no,56,%,False,Quantitative,Metric tons (t)|Percentage (%),end-of-life vehicles|ELV|material recovery|vehicle recycling|shredder residue|reuse|recycled materials|circular economy,Two values: (1) total weight of material recovered from end-of-life vehicles in metric tons; (2) percentage of recovered material that is recycled (vs. landfilled or incinerated). EU ELV Directive requires 85% reuse/recycle and 95% reuse/recovery.
japanese,nissan_motor,TR-AU-000.A,Activity Metrics,Number of vehicles manufactured,TR-AU-000.A,144,nissan_motor_144,no,"3,430,000",台,False,Quantitative,Number,vehicles manufactured|production volume|units produced|manufacturing output,N/A
japanese,nissan_motor,TR-AU-000.A,Activity Metrics,Number of vehicles manufactured,TR-AU-000.A,147,nissan_motor_147,no,"3,430,000",台,False,Quantitative,Number,vehicles manufactured|production volume|units produced|manufacturing output,N/A
japanese,nissan_motor,TR-AU-000.B,Activity Metrics,Number of vehicles sold,TR-AU-000.B,144,nissan_motor_144,no,"3,442,000",台,False,Quantitative,Number,vehicles sold|sales volume|units sold|global sales,N/A
japanese,nissan_motor,TR-AU-000.B,Activity Metrics,Number of vehicles sold,TR-AU-000.B,147,nissan_motor_147,no,"3,442,000",台,False,Quantitative,Number,vehicles sold|sales volume|units sold|global sales,N/A
japanese,mazda_motor,TR-AU-410a.3 ,Fuel Economy & Use-phase Emissions,Discussion of strategy for managing fleet fuel economy and emissions risks and opportunities,TR-AU-410a.3,15,mazda_motor_015,yes,N/A,N/A,True,Discussion and Analysis,n/a,fleet strategy|electrification|emissions regulations|CAFE compliance|CO2 targets|EV transition|product portfolio|regulatory risk|net zero vehicles,"Qualitative discussion of: strategy to manage fuel economy and emissions risks (regulatory exposure, carbon pricing), electrification roadmap (EV targets, investment plans), approach to different regional regulations (CAFE, EU CO2 targets, China NEV), and opportunities from the low-carbon transition."
japanese,mazda_motor,TR-AU-410a.3 ,Fuel Economy & Use-phase Emissions,Discussion of strategy for managing fleet fuel economy and emissions risks and opportunities,TR-AU-410a.3,15,mazda_motor_015,yes but not complete,N/A,N/A,False,Discussion and Analysis,n/a,fleet strategy|electrification|emissions regulations|CAFE compliance|CO2 targets|EV transition|product portfolio|regulatory risk|net zero vehicles,"Qualitative discussion of: strategy to manage fuel economy and emissions risks (regulatory exposure, carbon pricing), electrification roadmap (EV targets, investment plans), approach to different regional regulations (CAFE, EU CO2 targets, China NEV), and opportunities from the low-carbon transition."
japanese,mazda_motor,TR-AU-410a.3 ,Fuel Economy & Use-phase Emissions,Discussion of strategy for managing fleet fuel economy and emissions risks and opportunities,TR-AU-410a.3,16,mazda_motor_016,yes but not complete,N/A,N/A,False,Discussion and Analysis,n/a,fleet strategy|electrification|emissions regulations|CAFE compliance|CO2 targets|EV transition|product portfolio|regulatory risk|net zero vehicles,"Qualitative discussion of: strategy to manage fuel economy and emissions risks (regulatory exposure, carbon pricing), electrification roadmap (EV targets, investment plans), approach to different regional regulations (CAFE, EU CO2 targets, China NEV), and opportunities from the low-carbon transition."
japanese,mazda_motor,TR-AU-410a.3 ,Fuel Economy & Use-phase Emissions,Discussion of strategy for managing fleet fuel economy and emissions risks and opportunities,TR-AU-410a.3,16,mazda_motor_016,yes,N/A,N/A,True,Discussion and Analysis,n/a,fleet strategy|electrification|emissions regulations|CAFE compliance|CO2 targets|EV transition|product portfolio|regulatory risk|net zero vehicles,"Qualitative discussion of: strategy to manage fuel economy and emissions risks (regulatory exposure, carbon pricing), electrification roadmap (EV targets, investment plans), approach to different regional regulations (CAFE, EU CO2 targets, China NEV), and opportunities from the low-carbon transition."
japanese,mazda_motor,TR-AU-410a.3,Fuel Economy & Use-phase Emissions,Discussion of strategy for managing fleet fuel economy and emissions risks and opportunities,TR-AU-410a.3,17,mazda_motor_017,yes,N/A,N/A,True,Discussion and Analysis,n/a,fleet strategy|electrification|emissions regulations|CAFE compliance|CO2 targets|EV transition|product portfolio|regulatory risk|net zero vehicles,"Qualitative discussion of: strategy to manage fuel economy and emissions risks (regulatory exposure, carbon pricing), electrification roadmap (EV targets, investment plans), approach to different regional regulations (CAFE, EU CO2 targets, China NEV), and opportunities from the low-carbon transition."
japanese,mazda_motor,TR-AU-410a.3,Fuel Economy & Use-phase Emissions,Discussion of strategy for managing fleet fuel economy and emissions risks and opportunities,TR-AU-410a.3,17,mazda_motor_017,yes but not complete,N/A,N/A,False,Discussion and Analysis,n/a,fleet strategy|electrification|emissions regulations|CAFE compliance|CO2 targets|EV transition|product portfolio|regulatory risk|net zero vehicles,"Qualitative discussion of: strategy to manage fuel economy and emissions risks (regulatory exposure, carbon pricing), electrification roadmap (EV targets, investment plans), approach to different regional regulations (CAFE, EU CO2 targets, China NEV), and opportunities from the low-carbon transition."
japanese,mazda_motor,TR-AU-410a.3 ,Fuel Economy & Use-phase Emissions,Discussion of strategy for managing fleet fuel economy and emissions risks and opportunities,TR-AU-410a.3,34,mazda_motor_034,yes but not complete,N/A,N/A,False,Discussion and Analysis,n/a,fleet strategy|electrification|emissions regulations|CAFE compliance|CO2 targets|EV transition|product portfolio|regulatory risk|net zero vehicles,"Qualitative discussion of: strategy to manage fuel economy and emissions risks (regulatory exposure, carbon pricing), electrification roadmap (EV targets, investment plans), approach to different regional regulations (CAFE, EU CO2 targets, China NEV), and opportunities from the low-carbon transition."
japanese,mazda_motor,TR-AU-410a.3 ,Fuel Economy & Use-phase Emissions,Discussion of strategy for managing fleet fuel economy and emissions risks and opportunities,TR-AU-410a.3,34,mazda_motor_034,yes,N/A,N/A,True,Discussion and Analysis,n/a,fleet strategy|electrification|emissions regulations|CAFE compliance|CO2 targets|EV transition|product portfolio|regulatory risk|net zero vehicles,"Qualitative discussion of: strategy to manage fuel economy and emissions risks (regulatory exposure, carbon pricing), electrification roadmap (EV targets, investment plans), approach to different regional regulations (CAFE, EU CO2 targets, China NEV), and opportunities from the low-carbon transition."
japanese,mazda_motor,TR-AU-440a.1 ,Materials Sourcing,Description of the management of risks associated with the use of critical materials,TR-AU-440a.1,34,mazda_motor_034,yes but not complete,N/A,N/A,False,Discussion and Analysis,n/a,critical materials|conflict minerals|cobalt|lithium|rare earth|3TG|supply chain risk|responsible sourcing|battery materials|material sourcing,"Qualitative description of: identification of critical materials (cobalt, lithium, rare earths, 3TG for electronics), supply chain due diligence, responsible sourcing standards (RMI, OECD), supplier audits, geographic concentration risk, and strategies to reduce dependence on critical materials."
japanese,mazda_motor,TR-AU-440a.1 ,Materials Sourcing,Description of the management of risks associated with the use of critical materials,TR-AU-440a.1,62,mazda_motor_062,yes,N/A,N/A,True,Discussion and Analysis,n/a,critical materials|conflict minerals|cobalt|lithium|rare earth|3TG|supply chain risk|responsible sourcing|battery materials|material sourcing,"Qualitative description of: identification of critical materials (cobalt, lithium, rare earths, 3TG for electronics), supply chain due diligence, responsible sourcing standards (RMI, OECD), supplier audits, geographic concentration risk, and strategies to reduce dependence on critical materials."
japanese,mazda_motor,TR-AU-250a.3,Product Safety,Number of vehicles recalled,TR-AU-250a.3,122,mazda_motor_122,no,1000,台,False,Quantitative,Number,vehicle recall|safety recall|NHTSA recall|defect recall|recall campaign|safety defect|recall volume,Total number of vehicles recalled during the reporting period due to safety-related defects. Includes voluntary and mandatory recalls across all markets. Large recall volumes may indicate quality or safety management weaknesses.
japanese,mazda_motor,TR-AU-410a.3 ,Fuel Economy & Use-phase Emissions,Discussion of strategy for managing fleet fuel economy and emissions risks and opportunities,TR-AU-410a.3,17,mazda_motor_017,no,N/A,N/A,True,Discussion and Analysis,n/a,fleet strategy|electrification|emissions regulations|CAFE compliance|CO2 targets|EV transition|product portfolio|regulatory risk|net zero vehicles,"Qualitative discussion of: strategy to manage fuel economy and emissions risks (regulatory exposure, carbon pricing), electrification roadmap (EV targets, investment plans), approach to different regional regulations (CAFE, EU CO2 targets, China NEV), and opportunities from the low-carbon transition."
japanese,mazda_motor,TR-AU-410a.3,Fuel Economy & Use-phase Emissions,Discussion of strategy for managing fleet fuel economy and emissions risks and opportunities,TR-AU-410a.3,18,mazda_motor_018,no,N/A,N/A,True,Discussion and Analysis,n/a,fleet strategy|electrification|emissions regulations|CAFE compliance|CO2 targets|EV transition|product portfolio|regulatory risk|net zero vehicles,"Qualitative discussion of: strategy to manage fuel economy and emissions risks (regulatory exposure, carbon pricing), electrification roadmap (EV targets, investment plans), approach to different regional regulations (CAFE, EU CO2 targets, China NEV), and opportunities from the low-carbon transition."
japanese,mazda_motor,TR-AU-440b.1,Materials Efficiency & Recycling,(1) Total amount of waste from manufacturing,TR-AU-440b.1,114,mazda_motor_114,no,"239,718",t,True,Quantitative,Metric tons (t)|Percentage (%),manufacturing waste|waste recycling|zero waste|waste to landfill|metal scrap|recycling rate|waste diversion,Two values: (1) total weight of waste generated in manufacturing operations in metric tons; (2) percentage of that waste recycled or recovered. Manufacturing automotive components generates significant scrap metal and other wastes.
japanese,mazda_motor,TR-AU-440b.1,Materials Efficiency & Recycling,(2) percentage recycled,TR-AU-440b.1,114,mazda_motor_114,no,95,%,True,Quantitative,Metric tons (t)|Percentage (%),manufacturing waste|waste recycling|zero waste|waste to landfill|metal scrap|recycling rate|waste diversion,Two values: (1) total weight of waste generated in manufacturing operations in metric tons; (2) percentage of that waste recycled or recovered. Manufacturing automotive components generates significant scrap metal and other wastes.
japanese,mazda_motor,TR-AU-440b.2,Materials Efficiency & Recycling,"(1) Weight of end-of-life material recovered, (2) percentage recycled",TR-AU-440b.2,30,mazda_motor_030,no,96.8,%,True,Quantitative,Metric tons (t)|Percentage (%),end-of-life vehicles|ELV|material recovery|vehicle recycling|shredder residue|reuse|recycled materials|circular economy,Two values: (1) total weight of material recovered from end-of-life vehicles in metric tons; (2) percentage of recovered material that is recycled (vs. landfilled or incinerated). EU ELV Directive requires 85% reuse/recycle and 95% reuse/recovery.
japanese,mazda_motor,TR-AU-440b.3,Materials Efficiency & Recycling,Average recyclability of vehicles sold,TR-AU-440b.3,30,mazda_motor_030,no,99%強,%,True,Quantitative,Percentage (%),vehicle recyclability|recyclable content|ELV directive|design for recyclability|material composition|end-of-life recyclability,"Sales-weighted average recyclability of vehicles (percentage of vehicle weight that is recyclable or reusable at end of life), calculated per standards such as ISO 22628 or EU ELV Directive methodology."
japanese,tokyo_gas,IF-GU-540a.1,Gas Utility Network Integrity,"Number of (1) reportable pipeline incidents, (2) corrective action orders (CAOs), and (3) notices of probable violation (NOPVs)",IF-GU-540a.1,5,tokyo_gas_005,yes,3,件,True,Quantitative,Number|Percentage (%),pipeline incidents|reportable incidents|material failure|weld failure|pipeline safety|gas leak|PHMSA|pipeline integrity,"Two values: (1) total number of reportable pipeline incidents during the period (per applicable regulations, e.g. PHMSA in US); (2) percentage of those incidents attributable to material or weld failure (vs. corrosion, excavation damage, operator error, etc.)."
japanese,tokyo_gas,IF-GU-540a.4,Gas Utility Network Integrity,"Description of efforts to manage the integrity of gas infrastructure, including risks related to safety and emissions",IF-GU-540a.4,44,tokyo_gas_044,yes,N/A,N/A,True,Discussion and Analysis,n/a,pipeline integrity management|emergency response|leak detection|corrosion control|integrity management program|pipeline safety|incident response|risk assessment,Qualitative description of: (1) integrity management program (IMP) components; (2) risk assessment methods; (3) inspection technologies and frequency; (4) corrosion control programs; (5) emergency response procedures for pipeline incidents; (6) communication with regulators and public.
japanese,tokyo_gas,IF-GU-540a.1,Gas Utility Network Integrity,"Number of (1) reportable pipeline incidents, (2) corrective action orders (CAOs), and (3) notices of probable violation (NOPVs)",IF-GU-540a.1,6,tokyo_gas_006,no,3,件,True,Quantitative,Number|Percentage (%),pipeline incidents|reportable incidents|material failure|weld failure|pipeline safety|gas leak|PHMSA|pipeline integrity,"Two values: (1) total number of reportable pipeline incidents during the period (per applicable regulations, e.g. PHMSA in US); (2) percentage of those incidents attributable to material or weld failure (vs. corrosion, excavation damage, operator error, etc.)."
japanese,tokyo_gas,IF-GU-540a.4,Gas Utility Network Integrity,"Description of efforts to manage the integrity of gas infrastructure, including risks related to safety and emissions",IF-GU-540a.4,25,tokyo_gas_025,no,N/A,N/A,True,Discussion and Analysis,n/a,pipeline integrity management|emergency response|leak detection|corrosion control|integrity management program|pipeline safety|incident response|risk assessment,Qualitative description of: (1) integrity management program (IMP) components; (2) risk assessment methods; (3) inspection technologies and frequency; (4) corrosion control programs; (5) emergency response procedures for pipeline incidents; (6) communication with regulators and public.
japanese,tokyo_gas,IF-GU-540a.4,Gas Utility Network Integrity,"Description of efforts to manage the integrity of gas infrastructure, including risks related to safety and emissions",IF-GU-540a.4,45,tokyo_gas_045,no,N/A,N/A,True,Discussion and Analysis,n/a,pipeline integrity management|emergency response|leak detection|corrosion control|integrity management program|pipeline safety|incident response|risk assessment,Qualitative description of: (1) integrity management program (IMP) components; (2) risk assessment methods; (3) inspection technologies and frequency; (4) corrosion control programs; (5) emergency response procedures for pipeline incidents; (6) communication with regulators and public.
japanese,toho_gas,IF-GU-420a.2,End-Use Efficiency,Amount of gas savings from efficiency measures by market,IF-GU-420a.2,54,toho_gas_2_054,yes but not complete,39.0万,t-CO2,False,Quantitative,Percentage (%),energy efficiency|rate structures|efficiency incentives|decoupling|demand-side management|gas sales volume|efficiency programs,"Percentage of total gas sales volume (by customer type: residential, commercial, industrial) sold under rate structures that include energy efficiency incentives or disincentives to increasing gas throughput (e.g. decoupled rates, efficiency tariffs)."
japanese,toho_gas,IF-GU-540a.4,Gas Utility Network Integrity,"Description of efforts to manage the integrity of gas infrastructure, including risks related to safety and emissions",IF-GU-540a.4,31,toho_gas_2_031,yes,N/A,N/A,True,Discussion and Analysis,n/a,pipeline integrity management|emergency response|leak detection|corrosion control|integrity management program|pipeline safety|incident response|risk assessment,Qualitative description of: (1) integrity management program (IMP) components; (2) risk assessment methods; (3) inspection technologies and frequency; (4) corrosion control programs; (5) emergency response procedures for pipeline incidents; (6) communication with regulators and public.
japanese,toho_gas,IF-GU-000.A,Activity Metrics,"Number of (1) residential, (2) commercial, and (3) industrial customers served",IF-GU-000.A,5,toho_gas_2_005,yes but not complete,"3,000,000",件,False,Quantitative,Number,customer accounts|residential customers|commercial customers|industrial customers|service connections,N/A
japanese,toho_gas,IF-GU-000.A,Activity Metrics,"Number of (1) residential, (2) commercial, and (3) industrial customers served",IF-GU-000.A,17,toho_gas_2_017,yes but not complete,"3,000,000",件,False,Quantitative,Number,customer accounts|residential customers|commercial customers|industrial customers|service connections,N/A
japanese,toho_gas,IF-GU-000.A,Activity Metrics,"Number of (1) residential, (2) commercial, and (3) industrial customers served",IF-GU-000.A,19,toho_gas_2_019,yes but not complete,"3,000,000",件,False,Quantitative,Number,customer accounts|residential customers|commercial customers|industrial customers|service connections,N/A
japanese,toho_gas,IF-GU-000.B,Activity Metrics,"Amount of natural gas delivered to (1) residential, (2) commercial, and (3) industrial customers, and (4) transported for third parties",IF-GU-000.B,5,toho_gas_2_005,yes but not complete,"138,400,000",MMBtu,False,Quantitative,Gigajoules (GJ),gas delivered|gas throughput|gas sales volume|transportation|third-party transport|residential delivery|commercial delivery,N/A
japanese,toho_gas,IF-GU-000.B,Activity Metrics,"Amount of natural gas delivered to (1) residential, (2) commercial, and (3) industrial customers, and (4) transported for third parties",IF-GU-000.B,52,toho_gas_2_052,yes but not complete,"594,800",MMBtu,False,Quantitative,Gigajoules (GJ),gas delivered|gas throughput|gas sales volume|transportation|third-party transport|residential delivery|commercial delivery,N/A
japanese,toho_gas,IF-GU-000.B,Activity Metrics,"Amount of natural gas delivered to (1) residential, (2) commercial, and (3) industrial customers, and (4) transported for third parties",IF-GU-000.B,3,toho_gas_1_003,yes but not complete,"138,560,000",MMBtu,False,Quantitative,Gigajoules (GJ),gas delivered|gas throughput|gas sales volume|transportation|third-party transport|residential delivery|commercial delivery,N/A
japanese,toho_gas,IF-GU-000.B,Activity Metrics,"Amount of natural gas delivered to (1) residential, (2) commercial, and (3) industrial customers, and (4) transported for third parties",IF-GU-000.B,4,toho_gas_1_004,yes but not complete,"594,800",MMBtu,False,Quantitative,Gigajoules (GJ),gas delivered|gas throughput|gas sales volume|transportation|third-party transport|residential delivery|commercial delivery,N/A
japanese,toho_gas,IF-GU-000.A,Activity Metrics,"Number of (1) residential, (2) commercial, and (3) industrial customers served",IF-GU-000.A,6,toho_gas_2_006,no,"3,000,000",件,False,Quantitative,Number,customer accounts|residential customers|commercial customers|industrial customers|service connections,N/A
japanese,toho_gas,IF-GU-000.A,Activity Metrics,"Number of (1) residential, (2) commercial, and (3) industrial customers served",IF-GU-000.A,20,toho_gas_2_020,no,"3,000,000",件,False,Quantitative,Number,customer accounts|residential customers|commercial customers|industrial customers|service connections,N/A
japanese,toho_gas,IF-GU-000.B,Activity Metrics,"Amount of natural gas delivered to (1) residential, (2) commercial, and (3) industrial customers, and (4) transported for third parties",IF-GU-000.B,6,toho_gas_2_006,no,"138,400,000",MMBtu,False,Quantitative,Gigajoules (GJ),gas delivered|gas throughput|gas sales volume|transportation|third-party transport|residential delivery|commercial delivery,N/A
japanese,toho_gas,IF-GU-000.B,Activity Metrics,"Amount of natural gas delivered to (1) residential, (2) commercial, and (3) industrial customers, and (4) transported for third parties",IF-GU-000.B,53,toho_gas_2_053,no,"594,800",MMBtu,False,Quantitative,Gigajoules (GJ),gas delivered|gas throughput|gas sales volume|transportation|third-party transport|residential delivery|commercial delivery,N/A
japanese,toho_gas,IF-GU-000.C,Activity Metrics,Length of (1) gas transmission and (2) gas distribution pipelines,IF-GU-000.C,16,toho_gas_2_016,no,"31,000",km,False,Quantitative,Kilometres (km),pipeline length|distribution network|pipeline infrastructure|gas network,N/A
japanese,toho_gas,IF-GU-000.C,Activity Metrics,Length of (1) gas transmission and (2) gas distribution pipelines,IF-GU-000.C,31,toho_gas_2_031,no,約3万,km,False,Quantitative,Kilometres (km),pipeline length|distribution network|pipeline infrastructure|gas network,N/A
japanese,hokkaido_gas,IF-GU-420a.2,End-Use Efficiency,Amount of gas savings from efficiency measures by market,IF-GU-420a.2,7,hokkaido_gas_007,yes but not complete,"310,000",t,False,Quantitative,Percentage (%),energy efficiency|rate structures|efficiency incentives|decoupling|demand-side management|gas sales volume|efficiency programs,"Percentage of total gas sales volume (by customer type: residential, commercial, industrial) sold under rate structures that include energy efficiency incentives or disincentives to increasing gas throughput (e.g. decoupled rates, efficiency tariffs)."
japanese,hokkaido_gas,IF-GU-540a.4,Gas Utility Network Integrity,"Description of efforts to manage the integrity of gas infrastructure, including risks related to safety and emissions",IF-GU-540a.4,20,hokkaido_gas_020,yes,N/A,N/A,True,Discussion and Analysis,n/a,pipeline integrity management|emergency response|leak detection|corrosion control|integrity management program|pipeline safety|incident response|risk assessment,Qualitative description of: (1) integrity management program (IMP) components; (2) risk assessment methods; (3) inspection technologies and frequency; (4) corrosion control programs; (5) emergency response procedures for pipeline incidents; (6) communication with regulators and public.
japanese,hokkaido_gas,IF-GU-000.B,Activity Metrics,"Amount of natural gas delivered to (1) residential, (2) commercial, and (3) industrial customers, and (4) transported for third parties",IF-GU-000.B,7,hokkaido_gas_007,yes but not complete,"25,600,000",MMBtu,False,Quantitative,Gigajoules (GJ),gas delivered|gas throughput|gas sales volume|transportation|third-party transport|residential delivery|commercial delivery,N/A
japanese,hokkaido_gas,IF-GU-000.B,Activity Metrics,"Amount of natural gas delivered to (1) residential, (2) commercial, and (3) industrial customers, and (4) transported for third parties",IF-GU-000.B,23,hokkaido_gas_023,yes but not complete,"25,800,000",MMBtu,False,Quantitative,Gigajoules (GJ),gas delivered|gas throughput|gas sales volume|transportation|third-party transport|residential delivery|commercial delivery,N/A
japanese,hokkaido_gas,IF-GU-000.C,Activity Metrics,Length of (1) gas transmission and (2) gas distribution pipelines,IF-GU-000.C,23,hokkaido_gas_023,yes but not complete,6.578,km,False,Quantitative,Kilometres (km),pipeline length|distribution network|pipeline infrastructure|gas network,N/A
japanese,hokkaido_gas,IF-GU-240a.4,Energy Affordability,"Discussion of the impact of external factors, including economic conditions in the service territory, on energy affordability",IF-GU-240a.4,11,hokkaido_gas_011,no,N/A,N/A,False,Discussion and Analysis,n/a,rate structures|gas connection|new customers|access barriers|affordability|service territory|connection fees|hook-up costs,Qualitative discussion of: (1) how current rate structures affect ability of customers to access new natural gas service; (2) safety considerations that may limit new connections; (3) geographic or economic barriers; (4) programs to improve access.
japanese,hokkaido_gas,IF-GU-000.B,Activity Metrics,"Amount of natural gas delivered to (1) residential, (2) commercial, and (3) industrial customers, and (4) transported for third parties",IF-GU-000.B,24,hokkaido_gas_024,no,"25,800,000",MMBtu,False,Quantitative,Gigajoules (GJ),gas delivered|gas throughput|gas sales volume|transportation|third-party transport|residential delivery|commercial delivery,N/A
japanese,hokkaido_gas,IF-GU-000.C,Activity Metrics,Length of (1) gas transmission and (2) gas distribution pipelines,IF-GU-000.C,24,hokkaido_gas_024,no,6.578,km,False,Quantitative,Kilometres (km),pipeline length|distribution network|pipeline infrastructure|gas network,N/A
japanese,itochu_corp,CG-MR-230a.2,Data Security,(1) Number of data breaches,CG-MR-230a.2,195,itochu_corp_195,yes but not complete,0,件,False,Quantitative,Number|Percentage (%),data breach|PII|personally identifiable information|payment card data|cybersecurity incident|unauthorised access|customer records,"Two values: (1) total number of data breaches during the reporting period; (2) percentage of those breaches involving personally identifiable information (PII) including payment card data, names, addresses, account numbers. Must describe corrective actions taken."
japanese,itochu_corp,CG-MR-330a.1,Workforce Diversity & Inclusion,Percentage of (2) diversity group representation for (c) all other employees,CG-MR-330a.1,112,itochu_corp_112,yes,2.48,パーセンテージ(%),True,Quantitative,Percentage (%),gender diversity|racial diversity|ethnic diversity|representation|management diversity|inclusion|workforce demographics|women in management,Percentage representation broken down by gender and racial/ethnic group for two categories: (1) management-level employees; (2) all other (non-management) employees. Reported separately for each demographic group.
japanese,itochu_corp,CG-MR-410a.2,Product Sourcing Packaging & Marketing,Discussion of processes to assess and manage risks or hazards associated with chemicals in products,CG-MR-410a.2,135,itochu_corp_135,yes,N/A,N/A,True,Discussion and Analysis,n/a,chemicals|hazardous substances|restricted substances|REACH|RoHS|product safety|chemical risk|banned substances|disclosure,"Qualitative description of processes to: identify chemicals of concern in products, assess risks to consumers and environment, manage/eliminate hazardous substances, comply with regulations (REACH, RoHS, California Prop 65, etc.), and disclose chemical information to customers."
japanese,itochu_corp,CG-MR-410a.2,Product Sourcing Packaging & Marketing,Discussion of processes to assess and manage risks or hazards associated with chemicals in products,CG-MR-410a.2,137,itochu_corp_137,yes,N/A,N/A,True,Discussion and Analysis,n/a,chemicals|hazardous substances|restricted substances|REACH|RoHS|product safety|chemical risk|banned substances|disclosure,"Qualitative description of processes to: identify chemicals of concern in products, assess risks to consumers and environment, manage/eliminate hazardous substances, comply with regulations (REACH, RoHS, California Prop 65, etc.), and disclose chemical information to customers."
japanese,itochu_corp, CG-MR-410a.3,Product Sourcing Packaging & Marketing,Discussion of strategies to reduce the environmental impact of packaging,CG-MR-410a.3,64,itochu_corp_064,yes,N/A,N/A,True,Discussion and Analysis,n/a,packaging|sustainable packaging|recycled content|recyclable|packaging reduction|plastic|packaging waste|extended producer responsibility,"Qualitative discussion of strategies to reduce environmental impact of product packaging, including: reducing packaging material, increasing recycled content, improving recyclability, eliminating harmful materials, take-back programmes, and compliance with extended producer responsibility regulations."
japanese,itochu_corp, CG-MR-410a.3,Product Sourcing Packaging & Marketing,Discussion of strategies to reduce the environmental impact of packaging,CG-MR-410a.3,65,itochu_corp_065,yes,N/A,N/A,True,Discussion and Analysis,n/a,packaging|sustainable packaging|recycled content|recyclable|packaging reduction|plastic|packaging waste|extended producer responsibility,"Qualitative discussion of strategies to reduce environmental impact of product packaging, including: reducing packaging material, increasing recycled content, improving recyclability, eliminating harmful materials, take-back programmes, and compliance with extended producer responsibility regulations."
japanese,itochu_corp, CG-MR-410a.3,Product Sourcing Packaging & Marketing,Discussion of strategies to reduce the environmental impact of packaging,CG-MR-410a.3,68,itochu_corp_068,yes,N/A,N/A,True,Discussion and Analysis,n/a,packaging|sustainable packaging|recycled content|recyclable|packaging reduction|plastic|packaging waste|extended producer responsibility,"Qualitative discussion of strategies to reduce environmental impact of product packaging, including: reducing packaging material, increasing recycled content, improving recyclability, eliminating harmful materials, take-back programmes, and compliance with extended producer responsibility regulations."
japanese,itochu_corp,CG-MR-000.A,Activity Metrics,Number of: (1) retail locations and (2) distribution centres,CG-MR-000.A,39,itochu_corp_039,yes,"4,615",件,True,Quantitative,Number,retail locations|stores|distribution centres|warehouses|outlets,N/A
japanese,itochu_corp,CG-MR-230a.2,Data Security,(1) Number of data breaches,CG-MR-230a.2,196,itochu_corp_196,no,0,件,False,Quantitative,Number|Percentage (%),data breach|PII|personally identifiable information|payment card data|cybersecurity incident|unauthorised access|customer records,"Two values: (1) total number of data breaches during the reporting period; (2) percentage of those breaches involving personally identifiable information (PII) including payment card data, names, addresses, account numbers. Must describe corrective actions taken."
japanese,itochu_corp,CG-MR-410a.1,Product Sourcing Packaging & Marketing,Revenue from products third-party certified to environmental or social sustainability standards,CG-MR-410a.1,137,itochu_corp_137,no,3億,円,True,Quantitative,Presentation currency|Percentage (%),certified sourcing|sustainable sourcing|raw materials|FSC|Rainforest Alliance|Fair Trade|supply chain|palm oil|cotton|conflict minerals|responsible sourcing,"Revenue (in presentation currency and as percentage of total revenue) from products that: (1) contain raw materials associated with environmental/social risks (palm oil, soy, timber, cotton, conflict minerals); AND (2) those materials are sourced from certified sustainable sources (FSC, RSPO, Rainforest Alliance, Fair Trade, Fairtrade, etc.)."
japanese,itochu_corp,CG-MR-410a.2,Product Sourcing Packaging & Marketing,Discussion of processes to assess and manage risks or hazards associated with chemicals in products,CG-MR-410a.2,60,itochu_corp_060,no,N/A,N/A,True,Discussion and Analysis,n/a,chemicals|hazardous substances|restricted substances|REACH|RoHS|product safety|chemical risk|banned substances|disclosure,"Qualitative description of processes to: identify chemicals of concern in products, assess risks to consumers and environment, manage/eliminate hazardous substances, comply with regulations (REACH, RoHS, California Prop 65, etc.), and disclose chemical information to customers."
japanese,itochu_corp,CG-MR-410a.2,Product Sourcing Packaging & Marketing,Discussion of processes to assess and manage risks or hazards associated with chemicals in products,CG-MR-410a.2,138,itochu_corp_138,no,N/A,N/A,True,Discussion and Analysis,n/a,chemicals|hazardous substances|restricted substances|REACH|RoHS|product safety|chemical risk|banned substances|disclosure,"Qualitative description of processes to: identify chemicals of concern in products, assess risks to consumers and environment, manage/eliminate hazardous substances, comply with regulations (REACH, RoHS, California Prop 65, etc.), and disclose chemical information to customers."
japanese,itochu_corp, CG-MR-410a.3,Product Sourcing Packaging & Marketing,Discussion of strategies to reduce the environmental impact of packaging,CG-MR-410a.3,69,itochu_corp_069,no,N/A,N/A,True,Discussion and Analysis,n/a,packaging|sustainable packaging|recycled content|recyclable|packaging reduction|plastic|packaging waste|extended producer responsibility,"Qualitative discussion of strategies to reduce environmental impact of product packaging, including: reducing packaging material, increasing recycled content, improving recyclability, eliminating harmful materials, take-back programmes, and compliance with extended producer responsibility regulations."
japanese,itochu_corp,CG-MR-000.A,Activity Metrics,Number of: (1) retail locations and (2) distribution centres,CG-MR-000.A,40,itochu_corp_040,no,"4,615",件,True,Quantitative,Number,retail locations|stores|distribution centres|warehouses|outlets,N/A
japanese,itochu_corp,CG-MR-000.B,Activity Metrics,Total area of: (1) retail space and (2) distribution centres,CG-MR-000.B,96,itochu_corp_096,no,"111,945",m2,False,Quantitative,Square metres (m²),retail space|floor area|distribution centre area|square metres|store size,N/A
japanese,marubeni_corp,CG-MR-230a.1,Data Security,Description of approach to identifying and addressing data security risks,CG-MR-230a.1,150,marubeni_corp_150,yes,N/A,N/A,True,Discussion and Analysis,n/a,data security|cybersecurity|PCI DSS|payment card|customer data|vulnerability|breach prevention|risk management|encryption|access controls,"Qualitative description of approach to identifying and addressing data security risks, including: governance structure for cybersecurity, policies and procedures, frameworks used (PCI DSS, ISO/IEC 27001, NIST), third-party risk management, employee training, and response plans for breaches."
japanese,marubeni_corp,CG-MR-410a.2,Product Sourcing Packaging & Marketing,Discussion of processes to assess and manage risks or hazards associated with chemicals in products,CG-MR-410a.2,43,marubeni_corp_043,yes,N/A,N/A,True,Discussion and Analysis,n/a,chemicals|hazardous substances|restricted substances|REACH|RoHS|product safety|chemical risk|banned substances|disclosure,"Qualitative description of processes to: identify chemicals of concern in products, assess risks to consumers and environment, manage/eliminate hazardous substances, comply with regulations (REACH, RoHS, California Prop 65, etc.), and disclose chemical information to customers."
japanese,marubeni_corp,CG-MR-410a.3,Product Sourcing Packaging & Marketing,Discussion of strategies to reduce the environmental impact of packaging,CG-MR-410a.3,98,marubeni_corp_098,yes but not complete,N/A,N/A,False,Discussion and Analysis,n/a,packaging|sustainable packaging|recycled content|recyclable|packaging reduction|plastic|packaging waste|extended producer responsibility,"Qualitative discussion of strategies to reduce environmental impact of product packaging, including: reducing packaging material, increasing recycled content, improving recyclability, eliminating harmful materials, take-back programmes, and compliance with extended producer responsibility regulations."
japanese,marubeni_corp,CG-MR-000.A,Activity Metrics,Number of: (1) retail locations and (2) distribution centres,CG-MR-000.A,78,marubeni_corp_078,no,"2,718",N/A,,Quantitative,Number,retail locations|stores|distribution centres|warehouses|outlets,N/A
japanese,marubeni_corp,CG-MR-130a.1,Energy Management in Retail & Distribution,(1) Total energy consumed,CG-MR-130a.1,60,marubeni_corp_060,no,"16,992,000",GJ,False,Quantitative,Gigajoules (GJ)|Percentage (%),energy consumption|grid electricity|renewable energy|electricity|natural gas|energy intensity|energy management,"Three values: (1) total energy consumed in GJ (includes electricity, heating/cooling, fuel for owned operations); (2) percentage that is grid electricity; (3) percentage that is renewable (wind, solar, geothermal, biomass, certified RECs). Scope: all retail/distribution facilities owned or leased."
japanese,marubeni_corp,CG-MR-130a.1,Energy Management in Retail & Distribution,(3) Percentage renewable,CG-MR-130a.1,60,marubeni_corp_060,no,100,%,False,Quantitative,Gigajoules (GJ)|Percentage (%),energy consumption|grid electricity|renewable energy|electricity|natural gas|energy intensity|energy management,"Three values: (1) total energy consumed in GJ (includes electricity, heating/cooling, fuel for owned operations); (2) percentage that is grid electricity; (3) percentage that is renewable (wind, solar, geothermal, biomass, certified RECs). Scope: all retail/distribution facilities owned or leased."
japanese,marubeni_corp,CG-MR-230a.1,Data Security,Description of approach to identifying and addressing data security risks,CG-MR-230a.1,151,marubeni_corp_151,no,N/A,N/A,True,Discussion and Analysis,n/a,data security|cybersecurity|PCI DSS|payment card|customer data|vulnerability|breach prevention|risk management|encryption|access controls,"Qualitative description of approach to identifying and addressing data security risks, including: governance structure for cybersecurity, policies and procedures, frameworks used (PCI DSS, ISO/IEC 27001, NIST), third-party risk management, employee training, and response plans for breaches."
japanese,marubeni_corp,CG-MR-310a.2,Labour Practices,(1) Voluntary turnover rate for in-store and distribution centre employees,CG-MR-310a.2,117,marubeni_corp_117,no,39.90%,%,False,Quantitative,Percentage (%),turnover rate|employee turnover|voluntary turnover|involuntary turnover|in-store employees|attrition|retention,Percentage turnover rates reported separately for: (1) voluntary turnover (employee-initiated departures); (2) involuntary turnover (employer-initiated separations). Calculated as number of departures divided by average headcount. Scope: in-store non-managerial employees.
japanese,marubeni_corp,CG-MR-310a.2,Labour Practices,(2) involuntary turnover rate for in-store and distribution centre employees,CG-MR-310a.2,117,marubeni_corp_117,no,60.10%,%,False,Quantitative,Percentage (%),turnover rate|employee turnover|voluntary turnover|involuntary turnover|in-store employees|attrition|retention,Percentage turnover rates reported separately for: (1) voluntary turnover (employee-initiated departures); (2) involuntary turnover (employer-initiated separations). Calculated as number of departures divided by average headcount. Scope: in-store non-managerial employees.
japanese,sumitomo_corp,CG-MR-230a.1,Data Security,Description of approach to identifying and addressing data security risks,CG-MR-230a.1,204,sumitomo_corp_204,yes,N/A,N/A,True,Discussion and Analysis,n/a,data security|cybersecurity|PCI DSS|payment card|customer data|vulnerability|breach prevention|risk management|encryption|access controls,"Qualitative description of approach to identifying and addressing data security risks, including: governance structure for cybersecurity, policies and procedures, frameworks used (PCI DSS, ISO/IEC 27001, NIST), third-party risk management, employee training, and response plans for breaches."
japanese,sumitomo_corp,CG-MR-230a.1,Data Security,Description of approach to identifying and addressing data security risks,CG-MR-230a.1,273,sumitomo_corp_273,yes,N/A,N/A,True,Discussion and Analysis,n/a,data security|cybersecurity|PCI DSS|payment card|customer data|vulnerability|breach prevention|risk management|encryption|access controls,"Qualitative description of approach to identifying and addressing data security risks, including: governance structure for cybersecurity, policies and procedures, frameworks used (PCI DSS, ISO/IEC 27001, NIST), third-party risk management, employee training, and response plans for breaches."
japanese,sumitomo_corp,CG-MR-230a.1,Data Security,Description of approach to identifying and addressing data security risks,CG-MR-230a.1,329,sumitomo_corp_329,yes,N/A,N/A,True,Discussion and Analysis,n/a,data security|cybersecurity|PCI DSS|payment card|customer data|vulnerability|breach prevention|risk management|encryption|access controls,"Qualitative description of approach to identifying and addressing data security risks, including: governance structure for cybersecurity, policies and procedures, frameworks used (PCI DSS, ISO/IEC 27001, NIST), third-party risk management, employee training, and response plans for breaches."
japanese,sumitomo_corp,CG-MR-230a.1,Data Security,Description of approach to identifying and addressing data security risks,CG-MR-230a.1,330,sumitomo_corp_330,yes,N/A,N/A,True,Discussion and Analysis,n/a,data security|cybersecurity|PCI DSS|payment card|customer data|vulnerability|breach prevention|risk management|encryption|access controls,"Qualitative description of approach to identifying and addressing data security risks, including: governance structure for cybersecurity, policies and procedures, frameworks used (PCI DSS, ISO/IEC 27001, NIST), third-party risk management, employee training, and response plans for breaches."
japanese,sumitomo_corp,CG-MR-330a.1,Workforce Diversity & Inclusion,Percentage of (1) gender group representation for (c) all other employees,CG-MR-330a.1,64,sumitomo_corp_064,yes but not complete,26.40%,%,False,Quantitative,Percentage (%),gender diversity|racial diversity|ethnic diversity|representation|management diversity|inclusion|workforce demographics|women in management,Percentage representation broken down by gender and racial/ethnic group for two categories: (1) management-level employees; (2) all other (non-management) employees. Reported separately for each demographic group.
japanese,sumitomo_corp,CG-MR-330a.1,Workforce Diversity & Inclusion,Percentage of (2) diversity group representation for (c) all other employees,CG-MR-330a.1,64,sumitomo_corp_064,yes,2.29,%,True,Quantitative,Percentage (%),gender diversity|racial diversity|ethnic diversity|representation|management diversity|inclusion|workforce demographics|women in management,Percentage representation broken down by gender and racial/ethnic group for two categories: (1) management-level employees; (2) all other (non-management) employees. Reported separately for each demographic group.
japanese,sumitomo_corp,CG-MR-410a.2,"Product Sourcing, Packaging & Marketing",Discussion of processes to assess and manage risks or hazards associated with chemicals in products,CG-MR-410a.2,188,sumitomo_corp_188,yes,N/A,N/A,True,Discussion and Analysis,n/a,chemicals|hazardous substances|restricted substances|REACH|RoHS|product safety|chemical risk|banned substances|disclosure,"Qualitative description of processes to: identify chemicals of concern in products, assess risks to consumers and environment, manage/eliminate hazardous substances, comply with regulations (REACH, RoHS, California Prop 65, etc.), and disclose chemical information to customers."
japanese,sumitomo_corp,CG-MR-410a.2,"Product Sourcing, Packaging & Marketing",Discussion of processes to assess and manage risks or hazards associated with chemicals in products,CG-MR-410a.2,264,sumitomo_corp_264,yes,N/A,N/A,True,Discussion and Analysis,n/a,chemicals|hazardous substances|restricted substances|REACH|RoHS|product safety|chemical risk|banned substances|disclosure,"Qualitative description of processes to: identify chemicals of concern in products, assess risks to consumers and environment, manage/eliminate hazardous substances, comply with regulations (REACH, RoHS, California Prop 65, etc.), and disclose chemical information to customers."
japanese,sumitomo_corp,CG-MR-410a.2,"Product Sourcing, Packaging & Marketing",Discussion of processes to assess and manage risks or hazards associated with chemicals in products,CG-MR-410a.2,265,sumitomo_corp_265,yes,N/A,N/A,True,Discussion and Analysis,n/a,chemicals|hazardous substances|restricted substances|REACH|RoHS|product safety|chemical risk|banned substances|disclosure,"Qualitative description of processes to: identify chemicals of concern in products, assess risks to consumers and environment, manage/eliminate hazardous substances, comply with regulations (REACH, RoHS, California Prop 65, etc.), and disclose chemical information to customers."
japanese,sumitomo_corp,CG-MR-410a.2,"Product Sourcing, Packaging & Marketing",Discussion of processes to assess and manage risks or hazards associated with chemicals in products,CG-MR-410a.2,270,sumitomo_corp_270,yes,N/A,N/A,True,Discussion and Analysis,n/a,chemicals|hazardous substances|restricted substances|REACH|RoHS|product safety|chemical risk|banned substances|disclosure,"Qualitative description of processes to: identify chemicals of concern in products, assess risks to consumers and environment, manage/eliminate hazardous substances, comply with regulations (REACH, RoHS, California Prop 65, etc.), and disclose chemical information to customers."
japanese,sumitomo_corp,CG-MR-410a.3,"Product Sourcing, Packaging & Marketing",Discussion of strategies to reduce the environmental impact of packaging,CG-MR-410a.3,26,sumitomo_corp_026,yes,N/A,N/A,True,Discussion and Analysis,n/a,packaging|sustainable packaging|recycled content|recyclable|packaging reduction|plastic|packaging waste|extended producer responsibility,"Qualitative discussion of strategies to reduce environmental impact of product packaging, including: reducing packaging material, increasing recycled content, improving recyclability, eliminating harmful materials, take-back programmes, and compliance with extended producer responsibility regulations."
japanese,sumitomo_corp,CG-MR-310a.2,Labour Practices,(1) Voluntary turnover rate for in-store and distribution centre employees,CG-MR-310a.2,67,sumitomo_corp_067,no,1.6,%,True,Quantitative,Percentage (%),turnover rate|employee turnover|voluntary turnover|involuntary turnover|in-store employees|attrition|retention,Percentage turnover rates reported separately for: (1) voluntary turnover (employee-initiated departures); (2) involuntary turnover (employer-initiated separations). Calculated as number of departures divided by average headcount. Scope: in-store non-managerial employees.
japanese,sumitomo_corp,CG-MR-410a.2,"Product Sourcing, Packaging & Marketing",Discussion of processes to assess and manage risks or hazards associated with chemicals in products,CG-MR-410a.2,266,sumitomo_corp_266,no,N/A,N/A,True,Discussion and Analysis,n/a,chemicals|hazardous substances|restricted substances|REACH|RoHS|product safety|chemical risk|banned substances|disclosure,"Qualitative description of processes to: identify chemicals of concern in products, assess risks to consumers and environment, manage/eliminate hazardous substances, comply with regulations (REACH, RoHS, California Prop 65, etc.), and disclose chemical information to customers."
japanese,sumitomo_corp,CG-MR-410a.3,"Product Sourcing, Packaging & Marketing",Discussion of strategies to reduce the environmental impact of packaging,CG-MR-410a.3,27,sumitomo_corp_027,no,N/A,N/A,True,Discussion and Analysis,n/a,packaging|sustainable packaging|recycled content|recyclable|packaging reduction|plastic|packaging waste|extended producer responsibility,"Qualitative discussion of strategies to reduce environmental impact of product packaging, including: reducing packaging material, increasing recycled content, improving recyclability, eliminating harmful materials, take-back programmes, and compliance with extended producer responsibility regulations."
korean,hana_micron,(1) Gross global Scope 1 emissions and (2) amount of total emissions from perfluorinated compounds,Greenhouse Gas Emissions,(1) Gross global Scope 1 emissions and (2) amount of total emissions from perfluorinated compounds,TC-SC-110a.1,56,hana_micron_056,yes,"38,134",tCO2-eq,True,Quantitative,Metric tons (t) CO2-e|Percentage (%),Scope 1 emissions|greenhouse gas|GHG|perfluorocompounds|PFC|carbon emissions|emissions-limiting regulations|global warming potential,"Two values: (1) gross global Scope 1 GHG emissions in metric tons CO2-equivalent, and percentage covered under emissions-limiting regulations (e.g. cap-and-trade, carbon tax); (2) subset of those emissions from perfluorocompounds (PFCs) used in semiconductor manufacturing. Excludes biogenic CO2."
korean,hana_micron,"Discussion of long- and short-term strategy or plan to manage Scope 1 emissions, emissions reduction targets, and an analysis of performance against those targets",Greenhouse Gas Emissions,"Discussion of long- and short-term strategy or plan to manage Scope 1 emissions, emissions reduction targets, and an analysis of performance against those targets",TC-SC-110a.2,20,hana_micron_020,yes but not complete,N/A,N/A,False,Discussion and Analysis,n/a,emissions reduction|climate strategy|Scope 1 management|PFC reduction|reduction targets|net zero|abatement|climate risk,"Qualitative discussion of strategy to manage Scope 1 emissions including: reduction targets (absolute or intensity-based), timeline, methods (process optimization, abatement equipment, alternative chemistries for PFCs), and performance against stated targets."
korean,hana_micron,"Discussion of long- and short-term strategy or plan to manage Scope 1 emissions, emissions reduction targets, and an analysis of performance against those targets",Greenhouse Gas Emissions,"Discussion of long- and short-term strategy or plan to manage Scope 1 emissions, emissions reduction targets, and an analysis of performance against those targets",TC-SC-110a.2,23,hana_micron_023,yes but not complete,N/A,N/A,False,Discussion and Analysis,n/a,emissions reduction|climate strategy|Scope 1 management|PFC reduction|reduction targets|net zero|abatement|climate risk,"Qualitative discussion of strategy to manage Scope 1 emissions including: reduction targets (absolute or intensity-based), timeline, methods (process optimization, abatement equipment, alternative chemistries for PFCs), and performance against stated targets."
korean,hana_micron,"(1) Total water withdrawn, (2) total water consumed; percentage of each in regions with High or Extremely High Baseline Water Stress",Water Management,"(1) Total water withdrawn, (2) total water consumed; percentage of each in regions with High or Extremely High Baseline Water Stress",TC-SC-140a.1,25,hana_micron_025,yes but not complete,"490,567",m³,False,Quantitative,Thousand cubic metres (m³)|Percentage (%),water withdrawal|water consumption|water stress|water scarcity|WRI Aqueduct|water recycling|ultrapure water|wastewater,"Two paired values: (1) total water withdrawn (from all sources: municipal, groundwater, surface water) in thousand m³ + percentage from High/Extremely High Baseline Water Stress regions per WRI Aqueduct; (2) total water consumed (withdrawn minus discharged) + same percentage breakdown. Semiconductor fabs are water-intensive."
korean,hana_micron,"(1) Amount of hazardous waste from manufacturing, (2) percentage recycled",Waste Management,"(1) Amount of hazardous waste from manufacturing, (2) percentage recycled",TC-SC-150a.1,58,hana_micron_058,yes,6.62| 93.6,ton|%,True,Quantitative,Metric tons (t)|Percentage (%),hazardous waste|waste generation|recycling|waste disposal|chemical waste|solvents|acids|waste recovery,"Two values: (1) total weight of hazardous waste generated in metric tons; (2) percentage of that hazardous waste that is recycled or recovered. Semiconductor manufacturing generates significant hazardous chemical wastes (solvents, acids, slurries). Excludes non-hazardous waste."
korean,hana_micron,"Description of efforts to assess, monitor, and reduce exposure of workforce to human health hazards",Workforce Health & Safety,"Description of efforts to assess, monitor, and reduce exposure of workforce to human health hazards",TC-SC-320a.1,36,hana_micron_036,yes but not complete,N/A,N/A,False,Discussion and Analysis,n/a,occupational health|employee safety|chemical exposure|hazardous substances|OSHA|industrial hygiene|health monitoring|ergonomics|radiation,"Qualitative description of: (1) types of health hazards present (chemicals, radiation, ergonomic); (2) monitoring and assessment methods; (3) controls implemented (engineering controls, PPE, substitution); (4) health surveillance programs; (5) metrics tracked (injury rates, illness rates, days lost)."
korean,hana_micron,Description of the management of risks associated with the use of critical materials,Materials Sourcing,Description of the management of risks associated with the use of critical materials,TR-AU-440a.1,40,hana_micron_040,yes but not complete,N/A,N/A,False,Discussion and Analysis,n/a,critical materials|conflict minerals|cobalt|lithium|rare earth|3TG|supply chain risk|responsible sourcing|battery materials|material sourcing,"Qualitative description of: identification of critical materials (cobalt, lithium, rare earths, 3TG for electronics), supply chain due diligence, responsible sourcing standards (RMI, OECD), supplier audits, geographic concentration risk, and strategies to reduce dependence on critical materials."
korean,hana_micron,(1) Gross global Scope 1 emissions and (2) amount of total emissions from perfluorinated compounds,Greenhouse Gas Emissions,(1) Gross global Scope 1 emissions and (2) amount of total emissions from perfluorinated compounds,TC-SC-110a.1,73,hana_micron_073,no,0.125,tCO2-eq,True,Quantitative,Metric tons (t) CO2-e|Percentage (%),Scope 1 emissions|greenhouse gas|GHG|perfluorocompounds|PFC|carbon emissions|emissions-limiting regulations|global warming potential,"Two values: (1) gross global Scope 1 GHG emissions in metric tons CO2-equivalent, and percentage covered under emissions-limiting regulations (e.g. cap-and-trade, carbon tax); (2) subset of those emissions from perfluorocompounds (PFCs) used in semiconductor manufacturing. Excludes biogenic CO2."
korean,hana_micron,(1) Gross global Scope 1 emissions and (2) amount of total emissions from perfluorinated compounds,Greenhouse Gas Emissions,(1) Gross global Scope 1 emissions and (2) amount of total emissions from perfluorinated compounds,TC-SC-110a.1,23,hana_micron_023,no,"38,134",tCO2-eq,True,Quantitative,Metric tons (t) CO2-e|Percentage (%),Scope 1 emissions|greenhouse gas|GHG|perfluorocompounds|PFC|carbon emissions|emissions-limiting regulations|global warming potential,"Two values: (1) gross global Scope 1 GHG emissions in metric tons CO2-equivalent, and percentage covered under emissions-limiting regulations (e.g. cap-and-trade, carbon tax); (2) subset of those emissions from perfluorocompounds (PFCs) used in semiconductor manufacturing. Excludes biogenic CO2."
korean,hana_micron,"(1) Total energy consumed, (2) percentage grid electricity and (3) percentage renewable",Energy Management in Manufacturing,"(1) Total energy consumed, (2) percentage grid electricity and (3) percentage renewable",TC-SC-130a.1,25,hana_micron_025,no,0.3,%,False,Quantitative,Gigajoules (GJ)|Percentage (%),energy consumption|grid electricity|renewable energy|electricity|energy management|energy intensity|clean energy|power purchase agreement,"Three values: (1) total energy consumed in GJ across all manufacturing operations (electricity, fuel, steam, heating/cooling); (2) percentage of total energy that is grid electricity; (3) percentage of total energy from renewable sources (wind, solar, hydro, certified RECs, PPAs). Scope: owned and operated manufacturing facilities."
korean,hana_micron,"(1) Total energy consumed, (2) percentage grid electricity and (3) percentage renewable",Energy Management in Manufacturing,"(1) Total energy consumed, (2) percentage grid electricity and (3) percentage renewable",TC-SC-130a.1,55,hana_micron_055,no,796|760|2.1,TJ|TJ|TJ,False,Quantitative,Gigajoules (GJ)|Percentage (%),energy consumption|grid electricity|renewable energy|electricity|energy management|energy intensity|clean energy|power purchase agreement,"Three values: (1) total energy consumed in GJ across all manufacturing operations (electricity, fuel, steam, heating/cooling); (2) percentage of total energy that is grid electricity; (3) percentage of total energy from renewable sources (wind, solar, hydro, certified RECs, PPAs). Scope: owned and operated manufacturing facilities."
korean,hana_micron,"(1) Total water withdrawn, (2) total water consumed; percentage of each in regions with High or Extremely High Baseline Water Stress",Water Management,"(1) Total water withdrawn, (2) total water consumed; percentage of each in regions with High or Extremely High Baseline Water Stress",TC-SC-140a.1,58,hana_micron_058,no,"490,567",m³,False,Quantitative,Thousand cubic metres (m³)|Percentage (%),water withdrawal|water consumption|water stress|water scarcity|WRI Aqueduct|water recycling|ultrapure water|wastewater,"Two paired values: (1) total water withdrawn (from all sources: municipal, groundwater, surface water) in thousand m³ + percentage from High/Extremely High Baseline Water Stress regions per WRI Aqueduct; (2) total water consumed (withdrawn minus discharged) + same percentage breakdown. Semiconductor fabs are water-intensive."
korean,hana_micron,"(1) Amount of hazardous waste from manufacturing, (2) percentage recycled",Waste Management,"(1) Amount of hazardous waste from manufacturing, (2) percentage recycled",TC-SC-150a.1,59,hana_micron_059,no,6.62| 93.6,ton|%,True,Quantitative,Metric tons (t)|Percentage (%),hazardous waste|waste generation|recycling|waste disposal|chemical waste|solvents|acids|waste recovery,"Two values: (1) total weight of hazardous waste generated in metric tons; (2) percentage of that hazardous waste that is recycled or recovered. Semiconductor manufacturing generates significant hazardous chemical wastes (solvents, acids, slurries). Excludes non-hazardous waste."
korean,hana_micron,Percentage of employees that require a work visa,Recruiting & Managing a Global & Skilled Workforce,Percentage of employees that require a work visa,TC-SC-330a.1,63,hana_micron_063,no,69.6,%,True,Quantitative,Percentage (%),foreign nationals|offshore employees|global workforce|international employees|diversity|talent management|H-1B visa,Two percentages: (1) employees who are foreign nationals (non-citizens of country of employment); (2) employees located outside the company's home country. Relevant for understanding talent dependency and visa/immigration risk.
korean,hana_micron,Percentage of products by revenue that contain IEC 62474 declarable substances,Product Lifecycle Management,Percentage of products by revenue that contain IEC 62474 declarable substances,TC-SC-410a.1,73,hana_micron_073,no,N/A,N/A,False,Discussion and Analysis,n/a,product lifecycle|design for environment|RoHS|REACH|restricted substances|sustainable products|energy efficiency|product stewardship,"Qualitative description of: strategies to reduce environmental impact over the product lifecycle, compliance with hazardous substance regulations (RoHS, REACH), design-for-environment programs, customer requirements for greener products, and product energy efficiency improvements."
korean,hana_micron,Description of the management of risks associated with the use of critical materials,Materials Sourcing,Description of the management of risks associated with the use of critical materials,TR-AU-440a.1,43,hana_micron_043,no,N/A,N/A,False,Discussion and Analysis,n/a,critical materials|conflict minerals|cobalt|lithium|rare earth|3TG|supply chain risk|responsible sourcing|battery materials|material sourcing,"Qualitative description of: identification of critical materials (cobalt, lithium, rare earths, 3TG for electronics), supply chain due diligence, responsible sourcing standards (RMI, OECD), supplier audits, geographic concentration risk, and strategies to reduce dependence on critical materials."
korean,kgm,Discussion of strategy for managing fleet fuel economy and emissions risks and opportunities,Fuel Economy & Use-phase Emissions,Discussion of strategy for managing fleet fuel economy and emissions risks and opportunities,TR-AU-410a.3,5,kgm_005,yes but not complete,N/A,N/A,False,Discussion and Analysis,n/a,fleet strategy|electrification|emissions regulations|CAFE compliance|CO2 targets|EV transition|product portfolio|regulatory risk|net zero vehicles,"Qualitative discussion of: strategy to manage fuel economy and emissions risks (regulatory exposure, carbon pricing), electrification roadmap (EV targets, investment plans), approach to different regional regulations (CAFE, EU CO2 targets, China NEV), and opportunities from the low-carbon transition."
korean,kgm,Discussion of strategy for managing fleet fuel economy and emissions risks and opportunities,Fuel Economy & Use-phase Emissions,Discussion of strategy for managing fleet fuel economy and emissions risks and opportunities,TR-AU-410a.3,6,kgm_006,no,N/A,N/A,False,Discussion and Analysis,n/a,fleet strategy|electrification|emissions regulations|CAFE compliance|CO2 targets|EV transition|product portfolio|regulatory risk|net zero vehicles,"Qualitative discussion of: strategy to manage fuel economy and emissions risks (regulatory exposure, carbon pricing), electrification roadmap (EV targets, investment plans), approach to different regional regulations (CAFE, EU CO2 targets, China NEV), and opportunities from the low-carbon transition."
korean,samsung_electro_mechanics,Description of approach to identifying and addressing data security risks in products,Product Security,Description of approach to identifying and addressing data security risks in products,TC-SC-410a.1,95,samsung_electro_mechanics_095,yes,N/A,N/A,True,Discussion and Analysis,n/a,product lifecycle|design for environment|RoHS|REACH|restricted substances|sustainable products|energy efficiency|product stewardship,"Qualitative description of: strategies to reduce environmental impact over the product lifecycle, compliance with hazardous substance regulations (RoHS, REACH), design-for-environment programs, customer requirements for greener products, and product energy efficiency improvements."
korean,samsung_electro_mechanics,"Percentage of (1) gender and (2) diversity group representation for (a) executive management, (b) non-executive management, (c) technical employees and (d) all other employees",Employee Diversity & Inclusion,"Percentage of (1) gender and (2) diversity group representation for (a) executive management, (b) non-executive management, (c) technical employees and (d) all other employees",TC-SC-330a.1,115,samsung_electro_mechanics_115,yes,4.4,%,True,Quantitative,Percentage (%),foreign nationals|offshore employees|global workforce|international employees|diversity|talent management|H-1B visa,Two percentages: (1) employees who are foreign nationals (non-citizens of country of employment); (2) employees located outside the company's home country. Relevant for understanding talent dependency and visa/immigration risk.
korean,samsung_electro_mechanics,"Percentage of Tier 1 supplier facilities audited in the RBA Validated Audit Process (VAP) or equivalent, by (a) all facilities and (b) high-risk facilities",Supply Chain Management,"Percentage of Tier 1 supplier facilities audited in the RBA Validated Audit Process (VAP) or equivalent, by (a) all facilities and (b) high-risk facilities",TC-SC-320a.2,74,samsung_electro_mechanics_074,yes,95.0,%,True,Quantitative,Rate|Number,TRIR|total recordable incident rate|fatality rate|lost time injury|occupational injury|workplace safety|contract workers,"Four values: TRIR and fatality rate, each reported separately for (a) direct employees and (b) contract employees. TRIR = (number of recordable incidents × 200,000) / total hours worked. Fatality rate = fatalities per 100,000 workers."
korean,samsung_electro_mechanics,"Percentage of Tier 1 supplier facilities audited in the RBA Validated Audit Process (VAP) or equivalent, by (a) all facilities and (b) high-risk facilities",Supply Chain Management,"Percentage of Tier 1 supplier facilities audited in the RBA Validated Audit Process (VAP) or equivalent, by (a) all facilities and (b) high-risk facilities",TC-SC-320a.2,120,samsung_electro_mechanics_120,yes,92.0,업체 수,True,Quantitative,Rate|Number,TRIR|total recordable incident rate|fatality rate|lost time injury|occupational injury|workplace safety|contract workers,"Four values: TRIR and fatality rate, each reported separately for (a) direct employees and (b) contract employees. TRIR = (number of recordable incidents × 200,000) / total hours worked. Fatality rate = fatalities per 100,000 workers."
korean,samsung_electro_mechanics,"Tier 1 suppliers' (1) non-conformance rate with the RBA Validated Audit Process (VAP) or equivalent, and (2) associated corrective action rate for (a) priority non-conformances and (b) other non-conformances",Supply Chain Management,"Tier 1 suppliers' (1) non-conformance rate with the RBA Validated Audit Process (VAP) or equivalent, and (2) associated corrective action rate for (a) priority non-conformances and (b) other non-conformances",TC-SC-320a.2,75,samsung_electro_mechanics_075,yes but not complete,23.0,개 사,False,Quantitative,Rate|Number,TRIR|total recordable incident rate|fatality rate|lost time injury|occupational injury|workplace safety|contract workers,"Four values: TRIR and fatality rate, each reported separately for (a) direct employees and (b) contract employees. TRIR = (number of recordable incidents × 200,000) / total hours worked. Fatality rate = fatalities per 100,000 workers."
korean,samsung_electro_mechanics,"Tier 1 suppliers' (1) non-conformance rate with the RBA Validated Audit Process (VAP) or equivalent, and (2) associated corrective action rate for (a) priority non-conformances and (b) other non-conformances",Supply Chain Management,"Tier 1 suppliers' (1) non-conformance rate with the RBA Validated Audit Process (VAP) or equivalent, and (2) associated corrective action rate for (a) priority non-conformances and (b) other non-conformances",TC-SC-320a.2,120,samsung_electro_mechanics_120,yes but not complete,94.8,%,False,Quantitative,Rate|Number,TRIR|total recordable incident rate|fatality rate|lost time injury|occupational injury|workplace safety|contract workers,"Four values: TRIR and fatality rate, each reported separately for (a) direct employees and (b) contract employees. TRIR = (number of recordable incidents × 200,000) / total hours worked. Fatality rate = fatalities per 100,000 workers."
korean,samsung_electro_mechanics,Description of the management of risks associated with the use of critical materials,Materials Sourcing,Description of the management of risks associated with the use of critical materials,TR-AU-440a.1,76,samsung_electro_mechanics_076,yes,N/A,N/A,True,Discussion and Analysis,n/a,critical materials|conflict minerals|cobalt|lithium|rare earth|3TG|supply chain risk|responsible sourcing|battery materials|material sourcing,"Qualitative description of: identification of critical materials (cobalt, lithium, rare earths, 3TG for electronics), supply chain due diligence, responsible sourcing standards (RMI, OECD), supplier audits, geographic concentration risk, and strategies to reduce dependence on critical materials."
korean,samsung_electro_mechanics,"Percentage of Tier 1 supplier facilities audited in the RBA Validated Audit Process (VAP) or equivalent, by (a) all facilities and (b) high-risk facilities",Supply Chain Management,"Percentage of Tier 1 supplier facilities audited in the RBA Validated Audit Process (VAP) or equivalent, by (a) all facilities and (b) high-risk facilities",TC-SC-320a.2,76,samsung_electro_mechanics_076,no,95.0,%,True,Quantitative,Rate|Number,TRIR|total recordable incident rate|fatality rate|lost time injury|occupational injury|workplace safety|contract workers,"Four values: TRIR and fatality rate, each reported separately for (a) direct employees and (b) contract employees. TRIR = (number of recordable incidents × 200,000) / total hours worked. Fatality rate = fatalities per 100,000 workers."
korean,samsung_electro_mechanics,"Tier 1 suppliers' (1) non-conformance rate with the RBA Validated Audit Process (VAP) or equivalent, and (2) associated corrective action rate for (a) priority non-conformances and (b) other non-conformances",Supply Chain Management,"Tier 1 suppliers' (1) non-conformance rate with the RBA Validated Audit Process (VAP) or equivalent, and (2) associated corrective action rate for (a) priority non-conformances and (b) other non-conformances",TC-SC-320a.2,76,samsung_electro_mechanics_076,no,23.0,개 사,False,Quantitative,Rate|Number,TRIR|total recordable incident rate|fatality rate|lost time injury|occupational injury|workplace safety|contract workers,"Four values: TRIR and fatality rate, each reported separately for (a) direct employees and (b) contract employees. TRIR = (number of recordable incidents × 200,000) / total hours worked. Fatality rate = fatalities per 100,000 workers."
korean,skhynix,(1) Gross global Scope 1 emissions and (2) amount of total emissions from perfluorinated compounds,Greenhouse Gas Emissions,(1) Gross global Scope 1 emissions and (2) amount of total emissions from perfluorinated compounds,TC-SC-110a.1,91,skhynix_091,yes,"2,338,090|184,136",tCO2eq|tCO2eq,True,Quantitative,Metric tons (t) CO2-e|Percentage (%),Scope 1 emissions|greenhouse gas|GHG|perfluorocompounds|PFC|carbon emissions|emissions-limiting regulations|global warming potential,"Two values: (1) gross global Scope 1 GHG emissions in metric tons CO2-equivalent, and percentage covered under emissions-limiting regulations (e.g. cap-and-trade, carbon tax); (2) subset of those emissions from perfluorocompounds (PFCs) used in semiconductor manufacturing. Excludes biogenic CO2."
korean,skhynix,"Discussion of long- and short-term strategy or plan to manage Scope 1 emissions, emissions reduction targets, and an analysis of performance against those targets",Greenhouse Gas Emissions,"Discussion of long- and short-term strategy or plan to manage Scope 1 emissions, emissions reduction targets, and an analysis of performance against those targets",TC-SC-110a.2,37,skhynix_037,yes but not complete,Scope 1&2 온실가스 배출량|배출량 집약도 감축률,N/A,False,Discussion and Analysis,n/a,emissions reduction|climate strategy|Scope 1 management|PFC reduction|reduction targets|net zero|abatement|climate risk,"Qualitative discussion of strategy to manage Scope 1 emissions including: reduction targets (absolute or intensity-based), timeline, methods (process optimization, abatement equipment, alternative chemistries for PFCs), and performance against stated targets."
korean,skhynix,"Discussion of long- and short-term strategy or plan to manage Scope 1 emissions, emissions reduction targets, and an analysis of performance against those targets",Greenhouse Gas Emissions,"Discussion of long- and short-term strategy or plan to manage Scope 1 emissions, emissions reduction targets, and an analysis of performance against those targets",TC-SC-110a.2,38,skhynix_038,yes but not complete,"온실가스 감축을 위
해 반도체 산업의 각 분야를 대표하는 핵심 기업들과 함께 온실
가스 감축 방안을 지속적으로 논의",N/A,False,Discussion and Analysis,n/a,emissions reduction|climate strategy|Scope 1 management|PFC reduction|reduction targets|net zero|abatement|climate risk,"Qualitative discussion of strategy to manage Scope 1 emissions including: reduction targets (absolute or intensity-based), timeline, methods (process optimization, abatement equipment, alternative chemistries for PFCs), and performance against stated targets."
korean,skhynix,"Discussion of long- and short-term strategy or plan to manage Scope 1 emissions, emissions reduction targets, and an analysis of performance against those targets",Greenhouse Gas Emissions,"Discussion of long- and short-term strategy or plan to manage Scope 1 emissions, emissions reduction targets, and an analysis of performance against those targets",TC-SC-110a.2,91,skhynix_091,yes but not complete,"SK하이닉스는 향후 용인 반도체 클러
스터 내 신규 Fab 가동으로 인한 생산량 증가에도 불구하고 공격적인 온실가스 감축 활동을 통해 2030년 절대 배출량(Scope 1 & 2)을 2020년 수준으로 유지할 계획",N/A,False,Discussion and Analysis,n/a,emissions reduction|climate strategy|Scope 1 management|PFC reduction|reduction targets|net zero|abatement|climate risk,"Qualitative discussion of strategy to manage Scope 1 emissions including: reduction targets (absolute or intensity-based), timeline, methods (process optimization, abatement equipment, alternative chemistries for PFCs), and performance against stated targets."
korean,skhynix,"(1) Total energy consumed, (2) percentage grid electricity and (3) percentage renewable",Energy Management in Manufacturing,"(1) Total energy consumed, (2) percentage grid electricity and (3) percentage renewable",TC-SC-130a.1,81,skhynix_081,yes but not complete,"105,478,631|30.0",GJ|%,False,Quantitative,Gigajoules (GJ)|Percentage (%),energy consumption|grid electricity|renewable energy|electricity|energy management|energy intensity|clean energy|power purchase agreement,"Three values: (1) total energy consumed in GJ across all manufacturing operations (electricity, fuel, steam, heating/cooling); (2) percentage of total energy that is grid electricity; (3) percentage of total energy from renewable sources (wind, solar, hydro, certified RECs, PPAs). Scope: owned and operated manufacturing facilities."
korean,skhynix,"(1) Total energy consumed, (2) percentage grid electricity and (3) percentage renewable",Energy Management in Manufacturing,"(1) Total energy consumed, (2) percentage grid electricity and (3) percentage renewable",TC-SC-130a.1,91,skhynix_091,yes but not complete,"105,478,631|76,526,802|19,991,873",GJ|GJ|GJ,False,Quantitative,Gigajoules (GJ)|Percentage (%),energy consumption|grid electricity|renewable energy|electricity|energy management|energy intensity|clean energy|power purchase agreement,"Three values: (1) total energy consumed in GJ across all manufacturing operations (electricity, fuel, steam, heating/cooling); (2) percentage of total energy that is grid electricity; (3) percentage of total energy from renewable sources (wind, solar, hydro, certified RECs, PPAs). Scope: owned and operated manufacturing facilities."
korean,skhynix,"(1) Total water withdrawn, (2) total water consumed; percentage of each in regions with High or Extremely High Baseline Water Stress",Water Management,"(1) Total water withdrawn, (2) total water consumed; percentage of each in regions with High or Extremely High Baseline Water Stress",TC-SC-140a.1,91,skhynix_091,yes,"106,548|34",천m3|%,True,Quantitative,Thousand cubic metres (m³)|Percentage (%),water withdrawal|water consumption|water stress|water scarcity|WRI Aqueduct|water recycling|ultrapure water|wastewater,"Two paired values: (1) total water withdrawn (from all sources: municipal, groundwater, surface water) in thousand m³ + percentage from High/Extremely High Baseline Water Stress regions per WRI Aqueduct; (2) total water consumed (withdrawn minus discharged) + same percentage breakdown. Semiconductor fabs are water-intensive."
korean,skhynix,"(1) Amount of hazardous waste from manufacturing, (2) percentage recycled",Waste Management,"(1) Amount of hazardous waste from manufacturing, (2) percentage recycled",TC-SC-150a.1,91,skhynix_091,yes,"223,037| 114,237|98.5|99.8",톤|톤|%|%,True,Quantitative,Metric tons (t)|Percentage (%),hazardous waste|waste generation|recycling|waste disposal|chemical waste|solvents|acids|waste recovery,"Two values: (1) total weight of hazardous waste generated in metric tons; (2) percentage of that hazardous waste that is recycled or recovered. Semiconductor manufacturing generates significant hazardous chemical wastes (solvents, acids, slurries). Excludes non-hazardous waste."
korean,skhynix,"Description of efforts to assess, monitor, and reduce exposure of workforce to human health hazards",Workforce Health & Safety,"Description of efforts to assess, monitor, and reduce exposure of workforce to human health hazards",TC-SC-320a.1,21,skhynix_021,yes but not complete,통합재해율은 목표한 수준 대비 낮은 저감률|통합재해율 10% 저감|대사증후군 10% 저감,N/A,False,Discussion and Analysis,n/a,occupational health|employee safety|chemical exposure|hazardous substances|OSHA|industrial hygiene|health monitoring|ergonomics|radiation,"Qualitative description of: (1) types of health hazards present (chemicals, radiation, ergonomic); (2) monitoring and assessment methods; (3) controls implemented (engineering controls, PPE, substitution); (4) health surveillance programs; (5) metrics tracked (injury rates, illness rates, days lost)."
korean,skhynix,"Description of efforts to assess, monitor, and reduce exposure of workforce to human health hazards",Workforce Health & Safety,"Description of efforts to assess, monitor, and reduce exposure of workforce to human health hazards",TC-SC-320a.1,30,skhynix_030,yes but not complete,통합재해율 저감률(2021년 대비)|대사증후군 저감률(2021년 대비),N/A,False,Discussion and Analysis,n/a,occupational health|employee safety|chemical exposure|hazardous substances|OSHA|industrial hygiene|health monitoring|ergonomics|radiation,"Qualitative description of: (1) types of health hazards present (chemicals, radiation, ergonomic); (2) monitoring and assessment methods; (3) controls implemented (engineering controls, PPE, substitution); (4) health surveillance programs; (5) metrics tracked (injury rates, illness rates, days lost)."
korean,skhynix,"Description of efforts to assess, monitor, and reduce exposure of workforce to human health hazards",Workforce Health & Safety,"Description of efforts to assess, monitor, and reduce exposure of workforce to human health hazards",TC-SC-320a.1,34,skhynix_034,yes but not complete,"인체 유해성(발암성, 생식독성, 생식세포 변이원성 등)이 높은 화학물질 역시 사내에 입고되지 않도록 관리",N/A,False,Discussion and Analysis,n/a,occupational health|employee safety|chemical exposure|hazardous substances|OSHA|industrial hygiene|health monitoring|ergonomics|radiation,"Qualitative description of: (1) types of health hazards present (chemicals, radiation, ergonomic); (2) monitoring and assessment methods; (3) controls implemented (engineering controls, PPE, substitution); (4) health surveillance programs; (5) metrics tracked (injury rates, illness rates, days lost)."
korean,skhynix,"Description of efforts to assess, monitor, and reduce exposure of workforce to human health hazards",Workforce Health & Safety,"Description of efforts to assess, monitor, and reduce exposure of workforce to human health hazards",TC-SC-320a.1,92,skhynix_092,yes but not complete,"안전보건경영시스템(ISO 45001), 환경경영시스템(ISO 14001), 공정안전관리를 SHE경영시스템으로 통합해 운영",N/A,False,Discussion and Analysis,n/a,occupational health|employee safety|chemical exposure|hazardous substances|OSHA|industrial hygiene|health monitoring|ergonomics|radiation,"Qualitative description of: (1) types of health hazards present (chemicals, radiation, ergonomic); (2) monitoring and assessment methods; (3) controls implemented (engineering controls, PPE, substitution); (4) health surveillance programs; (5) metrics tracked (injury rates, illness rates, days lost)."
korean,skhynix,Percentage of employees that require a work visa,Recruiting & Managing a Global & Skilled Workforce,Percentage of employees that require a work visa,TC-SC-330a.1,84,skhynix_084,yes,"39,810|6,876|34|882",명|명|명|명,True,Quantitative,Percentage (%),foreign nationals|offshore employees|global workforce|international employees|diversity|talent management|H-1B visa,Two percentages: (1) employees who are foreign nationals (non-citizens of country of employment); (2) employees located outside the company's home country. Relevant for understanding talent dependency and visa/immigration risk.
korean,skhynix,Percentage of employees that require a work visa,Recruiting & Managing a Global & Skilled Workforce,Percentage of employees that require a work visa,TC-SC-330a.1,92,skhynix_092,yes,0.1|21,%,True,Quantitative,Percentage (%),foreign nationals|offshore employees|global workforce|international employees|diversity|talent management|H-1B visa,Two percentages: (1) employees who are foreign nationals (non-citizens of country of employment); (2) employees located outside the company's home country. Relevant for understanding talent dependency and visa/immigration risk.
korean,skhynix,Description of the management of risks associated with the use of critical materials,Materials Sourcing,Description of the management of risks associated with the use of critical materials,TR-AU-440a.1,57,skhynix_057,yes but not complete,"책임 관리 광물 
6종(3TG, 코발트, 운모)",N/A,False,Discussion and Analysis,n/a,critical materials|conflict minerals|cobalt|lithium|rare earth|3TG|supply chain risk|responsible sourcing|battery materials|material sourcing,"Qualitative description of: identification of critical materials (cobalt, lithium, rare earths, 3TG for electronics), supply chain due diligence, responsible sourcing standards (RMI, OECD), supplier audits, geographic concentration risk, and strategies to reduce dependence on critical materials."
korean,skhynix,Description of the management of risks associated with the use of critical materials,Materials Sourcing,Description of the management of risks associated with the use of critical materials,TR-AU-440a.1,62,skhynix_062,yes but not complete,책임광물 관리 절차,N/A,False,Discussion and Analysis,n/a,critical materials|conflict minerals|cobalt|lithium|rare earth|3TG|supply chain risk|responsible sourcing|battery materials|material sourcing,"Qualitative description of: identification of critical materials (cobalt, lithium, rare earths, 3TG for electronics), supply chain due diligence, responsible sourcing standards (RMI, OECD), supplier audits, geographic concentration risk, and strategies to reduce dependence on critical materials."
korean,skhynix,Description of the management of risks associated with the use of critical materials,Materials Sourcing,Description of the management of risks associated with the use of critical materials,TR-AU-440a.1,92,skhynix_092,yes but not complete,"SK하이닉스에서 
책임광물로 지정해 관리하는 광물인 3TG와 코발트, 운모를 조달하는",N/A,False,Discussion and Analysis,n/a,critical materials|conflict minerals|cobalt|lithium|rare earth|3TG|supply chain risk|responsible sourcing|battery materials|material sourcing,"Qualitative description of: identification of critical materials (cobalt, lithium, rare earths, 3TG for electronics), supply chain due diligence, responsible sourcing standards (RMI, OECD), supplier audits, geographic concentration risk, and strategies to reduce dependence on critical materials."
korean,skhynix,(1) Gross global Scope 1 emissions and (2) amount of total emissions from perfluorinated compounds,Greenhouse Gas Emissions,(1) Gross global Scope 1 emissions and (2) amount of total emissions from perfluorinated compounds,TC-SC-110a.1,92,skhynix_092,no,"2,338,090|184,136",tCO2eq|tCO2eq,True,Quantitative,Metric tons (t) CO2-e|Percentage (%),Scope 1 emissions|greenhouse gas|GHG|perfluorocompounds|PFC|carbon emissions|emissions-limiting regulations|global warming potential,"Two values: (1) gross global Scope 1 GHG emissions in metric tons CO2-equivalent, and percentage covered under emissions-limiting regulations (e.g. cap-and-trade, carbon tax); (2) subset of those emissions from perfluorocompounds (PFCs) used in semiconductor manufacturing. Excludes biogenic CO2."
korean,skhynix,"Discussion of long- and short-term strategy or plan to manage Scope 1 emissions, emissions reduction targets, and an analysis of performance against those targets",Greenhouse Gas Emissions,"Discussion of long- and short-term strategy or plan to manage Scope 1 emissions, emissions reduction targets, and an analysis of performance against those targets",TC-SC-110a.2,92,skhynix_092,no,"SK하이닉스는 향후 용인 반도체 클러
스터 내 신규 Fab 가동으로 인한 생산량 증가에도 불구하고 공격적인 온실가스 감축 활동을 통해 2030년 절대 배출량(Scope 1 & 2)을 2020년 수준으로 유지할 계획",N/A,False,Discussion and Analysis,n/a,emissions reduction|climate strategy|Scope 1 management|PFC reduction|reduction targets|net zero|abatement|climate risk,"Qualitative discussion of strategy to manage Scope 1 emissions including: reduction targets (absolute or intensity-based), timeline, methods (process optimization, abatement equipment, alternative chemistries for PFCs), and performance against stated targets."
korean,skhynix,"(1) Total energy consumed, (2) percentage grid electricity and (3) percentage renewable",Energy Management in Manufacturing,"(1) Total energy consumed, (2) percentage grid electricity and (3) percentage renewable",TC-SC-130a.1,92,skhynix_092,no,"105,478,631|76,526,802|19,991,873",GJ|GJ|GJ,False,Quantitative,Gigajoules (GJ)|Percentage (%),energy consumption|grid electricity|renewable energy|electricity|energy management|energy intensity|clean energy|power purchase agreement,"Three values: (1) total energy consumed in GJ across all manufacturing operations (electricity, fuel, steam, heating/cooling); (2) percentage of total energy that is grid electricity; (3) percentage of total energy from renewable sources (wind, solar, hydro, certified RECs, PPAs). Scope: owned and operated manufacturing facilities."
korean,skhynix,"(1) Total water withdrawn, (2) total water consumed; percentage of each in regions with High or Extremely High Baseline Water Stress",Water Management,"(1) Total water withdrawn, (2) total water consumed; percentage of each in regions with High or Extremely High Baseline Water Stress",TC-SC-140a.1,92,skhynix_092,no,"106,548|34",천m3|%,True,Quantitative,Thousand cubic metres (m³)|Percentage (%),water withdrawal|water consumption|water stress|water scarcity|WRI Aqueduct|water recycling|ultrapure water|wastewater,"Two paired values: (1) total water withdrawn (from all sources: municipal, groundwater, surface water) in thousand m³ + percentage from High/Extremely High Baseline Water Stress regions per WRI Aqueduct; (2) total water consumed (withdrawn minus discharged) + same percentage breakdown. Semiconductor fabs are water-intensive."
korean,skhynix,"(1) Amount of hazardous waste from manufacturing, (2) percentage recycled",Waste Management,"(1) Amount of hazardous waste from manufacturing, (2) percentage recycled",TC-SC-150a.1,84,skhynix_084,no,"337,274| 321,476",톤| 톤,True,Quantitative,Metric tons (t)|Percentage (%),hazardous waste|waste generation|recycling|waste disposal|chemical waste|solvents|acids|waste recovery,"Two values: (1) total weight of hazardous waste generated in metric tons; (2) percentage of that hazardous waste that is recycled or recovered. Semiconductor manufacturing generates significant hazardous chemical wastes (solvents, acids, slurries). Excludes non-hazardous waste."
korean,skhynix,"(1) Amount of hazardous waste from manufacturing, (2) percentage recycled",Waste Management,"(1) Amount of hazardous waste from manufacturing, (2) percentage recycled",TC-SC-150a.1,92,skhynix_092,no,"223,037| 114,237|98.5|99.8",톤|톤|%|%,True,Quantitative,Metric tons (t)|Percentage (%),hazardous waste|waste generation|recycling|waste disposal|chemical waste|solvents|acids|waste recovery,"Two values: (1) total weight of hazardous waste generated in metric tons; (2) percentage of that hazardous waste that is recycled or recovered. Semiconductor manufacturing generates significant hazardous chemical wastes (solvents, acids, slurries). Excludes non-hazardous waste."
korean,skhynix,"Description of efforts to assess, monitor, and reduce exposure of workforce to human health hazards",Workforce Health & Safety,"Description of efforts to assess, monitor, and reduce exposure of workforce to human health hazards",TC-SC-320a.1,33,skhynix_033,no,통합재해율 저감률(2021년 대비)|대사증후군 저감률(2021년 대비),N/A,False,Discussion and Analysis,n/a,occupational health|employee safety|chemical exposure|hazardous substances|OSHA|industrial hygiene|health monitoring|ergonomics|radiation,"Qualitative description of: (1) types of health hazards present (chemicals, radiation, ergonomic); (2) monitoring and assessment methods; (3) controls implemented (engineering controls, PPE, substitution); (4) health surveillance programs; (5) metrics tracked (injury rates, illness rates, days lost)."
korean,skhynix,"Description of efforts to assess, monitor, and reduce exposure of workforce to human health hazards",Workforce Health & Safety,"Description of efforts to assess, monitor, and reduce exposure of workforce to human health hazards",TC-SC-320a.1,38,skhynix_038,no,"인체 유해성(발암성, 생식독성, 생식세포 변이원성 등)이 높은 화학물질 역시 사내에 입고되지 않도록 관리",N/A,False,Discussion and Analysis,n/a,occupational health|employee safety|chemical exposure|hazardous substances|OSHA|industrial hygiene|health monitoring|ergonomics|radiation,"Qualitative description of: (1) types of health hazards present (chemicals, radiation, ergonomic); (2) monitoring and assessment methods; (3) controls implemented (engineering controls, PPE, substitution); (4) health surveillance programs; (5) metrics tracked (injury rates, illness rates, days lost)."
korean,skhynix,"Description of efforts to assess, monitor, and reduce exposure of workforce to human health hazards",Workforce Health & Safety,"Description of efforts to assess, monitor, and reduce exposure of workforce to human health hazards",TC-SC-320a.1,93,skhynix_093,no,"안전보건경영시스템(ISO 45001), 환경경영시스템(ISO 14001), 공정안전관리를 SHE경영시스템으로 통합해 운영",N/A,False,Discussion and Analysis,n/a,occupational health|employee safety|chemical exposure|hazardous substances|OSHA|industrial hygiene|health monitoring|ergonomics|radiation,"Qualitative description of: (1) types of health hazards present (chemicals, radiation, ergonomic); (2) monitoring and assessment methods; (3) controls implemented (engineering controls, PPE, substitution); (4) health surveillance programs; (5) metrics tracked (injury rates, illness rates, days lost)."
korean,skhynix,Percentage of employees that require a work visa,Recruiting & Managing a Global & Skilled Workforce,Percentage of employees that require a work visa,TC-SC-330a.1,93,skhynix_093,no,0.1|21,%,True,Quantitative,Percentage (%),foreign nationals|offshore employees|global workforce|international employees|diversity|talent management|H-1B visa,Two percentages: (1) employees who are foreign nationals (non-citizens of country of employment); (2) employees located outside the company's home country. Relevant for understanding talent dependency and visa/immigration risk.
korean,skhynix,Description of the management of risks associated with the use of critical materials,Materials Sourcing,Description of the management of risks associated with the use of critical materials,TR-AU-440a.1,21,skhynix_021,no,책임 있는 광물 조달 대상 3배 확대,N/A,False,Discussion and Analysis,n/a,critical materials|conflict minerals|cobalt|lithium|rare earth|3TG|supply chain risk|responsible sourcing|battery materials|material sourcing,"Qualitative description of: identification of critical materials (cobalt, lithium, rare earths, 3TG for electronics), supply chain due diligence, responsible sourcing standards (RMI, OECD), supplier audits, geographic concentration risk, and strategies to reduce dependence on critical materials."
korean,skhynix,Description of the management of risks associated with the use of critical materials,Materials Sourcing,Description of the management of risks associated with the use of critical materials,TR-AU-440a.1,81,skhynix_081,no,"1,165,172| 10,434| 45,438| 42,789|184,136| 41,874| 848,248",tCO2eq,True,Discussion and Analysis,n/a,critical materials|conflict minerals|cobalt|lithium|rare earth|3TG|supply chain risk|responsible sourcing|battery materials|material sourcing,"Qualitative description of: identification of critical materials (cobalt, lithium, rare earths, 3TG for electronics), supply chain due diligence, responsible sourcing standards (RMI, OECD), supplier audits, geographic concentration risk, and strategies to reduce dependence on critical materials."
korean,skhynix,Description of the management of risks associated with the use of critical materials,Materials Sourcing,Description of the management of risks associated with the use of critical materials,TR-AU-440a.1,93,skhynix_093,no,"SK하이닉스에서 
책임광물로 지정해 관리하는 광물인 3TG와 코발트, 운모를 조달하는",N/A,False,Discussion and Analysis,n/a,critical materials|conflict minerals|cobalt|lithium|rare earth|3TG|supply chain risk|responsible sourcing|battery materials|material sourcing,"Qualitative description of: identification of critical materials (cobalt, lithium, rare earths, 3TG for electronics), supply chain due diligence, responsible sourcing standards (RMI, OECD), supplier audits, geographic concentration risk, and strategies to reduce dependence on critical materials."
korean,hyundai,"Percentage of vehicle models rated by NCAP with an overall 5-star safety rating, by region",Product Safety,"Percentage of vehicle models rated by NCAP with an overall 5-star safety rating, by region",TR-AU-250a.1,114,hyundai_114,yes,100|85.7,%|%,True,Quantitative,Percentage (%),NCAP|5-star safety|vehicle safety rating|crash test|safety rating|Euro NCAP|US NCAP|safety performance,"Percentage of vehicle models (that have been rated) achieving an overall 5-star rating from New Car Assessment Programme (NCAP), disaggregated by region (US NCAP, Euro NCAP, ANCAP, etc.). Reflects the safety quality of the vehicle fleet."
korean,hyundai,"(1) Number of safety-related defect complaints, (2) percentage investigated",Product Safety,"(1) Number of safety-related defect complaints, (2) percentage investigated",TR-AU-250a.1,114,hyundai_114,yes but not complete,자발적 리콜 시행(100%),number|%,False,Quantitative,Percentage (%),NCAP|5-star safety|vehicle safety rating|crash test|safety rating|Euro NCAP|US NCAP|safety performance,"Percentage of vehicle models (that have been rated) achieving an overall 5-star rating from New Car Assessment Programme (NCAP), disaggregated by region (US NCAP, Euro NCAP, ANCAP, etc.). Reflects the safety quality of the vehicle fleet."
korean,hyundai,Number of vehicles recalled,Product Safety,Number of vehicles recalled,TR-AU-250a.3,114,hyundai_114,yes,548만,대,True,Quantitative,Number,vehicle recall|safety recall|NHTSA recall|defect recall|recall campaign|safety defect|recall volume,Total number of vehicles recalled during the reporting period due to safety-related defects. Includes voluntary and mandatory recalls across all markets. Large recall volumes may indicate quality or safety management weaknesses.
korean,hyundai,Percentage of active workforce employed under collective agreements,Labour Practices,Percentage of active workforce employed under collective agreements,TR-AU-440b.1,114,hyundai_114,yes,59.9,%,True,Quantitative,Metric tons (t)|Percentage (%),manufacturing waste|waste recycling|zero waste|waste to landfill|metal scrap|recycling rate|waste diversion,Two values: (1) total weight of waste generated in manufacturing operations in metric tons; (2) percentage of that waste recycled or recovered. Manufacturing automotive components generates significant scrap metal and other wastes.
korean,hyundai,(1) Number of work stoppages and (2) total days idle,Labour Practices,(1) Number of work stoppages and (2) total days idle,TR-AU-440b.1,114,hyundai_114,yes,1|1,건|일,True,Quantitative,Metric tons (t)|Percentage (%),manufacturing waste|waste recycling|zero waste|waste to landfill|metal scrap|recycling rate|waste diversion,Two values: (1) total weight of waste generated in manufacturing operations in metric tons; (2) percentage of that waste recycled or recovered. Manufacturing automotive components generates significant scrap metal and other wastes.
korean,hyundai,"Sales-weighted average passenger fleet fuel economy, by region",Fuel Economy & Use-phase Emissions,"Sales-weighted average passenger fleet fuel economy, by region",TR-AU-410a.1,114,hyundai_114,yes,106.9|6.19|46.8|35.3,g/km| L/100km|mpg|mpg,True,Quantitative,Litres per 100 kilometres (L/100km)|Miles per gallon (mpg)|Kilometres per litre (km/L),fuel economy|fuel efficiency|CAFE|fleet average|CO2 per km|passenger cars|light vehicles|mpg|gCO2/km,"Sales-weighted average fuel economy of the passenger vehicle fleet, disaggregated by region (US, EU, China, Japan, etc.). May be reported in L/100km, gCO2/km, or mpg depending on region. Reflects compliance with fuel economy and emissions regulations."
korean,hyundai,"Number of (1) zero emission vehicles (ZEV), (2) hybrid vehicles and (3) plug-in hybrid vehicles sold",Fuel Economy & Use-phase Emissions,"Number of (1) zero emission vehicles (ZEV), (2) hybrid vehicles and (3) plug-in hybrid vehicles sold",TR-AU-410a.2,6,hyundai_006,yes,"268,785|421,549|5,048",대,True,Quantitative,Number,ZEV|zero emission vehicles|EV|electric vehicles|hybrid|PHEV|plug-in hybrid|BEV|battery electric|low emission vehicles,"Three separate counts: (1) zero emission vehicles sold (BEV, FCEV); (2) hybrid electric vehicles (HEV); (3) plug-in hybrid electric vehicles (PHEV). Reflects the transition to electrification and progress toward low-emission fleet."
korean,hyundai,"Number of (1) zero emission vehicles (ZEV), (2) hybrid vehicles and (3) plug-in hybrid vehicles sold",Fuel Economy & Use-phase Emissions,"Number of (1) zero emission vehicles (ZEV), (2) hybrid vehicles and (3) plug-in hybrid vehicles sold",TR-AU-410a.2,114,hyundai_114,yes,422|269|5,천 대,True,Quantitative,Number,ZEV|zero emission vehicles|EV|electric vehicles|hybrid|PHEV|plug-in hybrid|BEV|battery electric|low emission vehicles,"Three separate counts: (1) zero emission vehicles sold (BEV, FCEV); (2) hybrid electric vehicles (HEV); (3) plug-in hybrid electric vehicles (PHEV). Reflects the transition to electrification and progress toward low-emission fleet."
korean,hyundai,Discussion of strategy for managing fleet fuel economy and emissions risks and opportunities,Fuel Economy & Use-phase Emissions,Discussion of strategy for managing fleet fuel economy and emissions risks and opportunities,TR-AU-410a.3,26,hyundai_026,yes,N/A,N/A,True,Discussion and Analysis,n/a,fleet strategy|electrification|emissions regulations|CAFE compliance|CO2 targets|EV transition|product portfolio|regulatory risk|net zero vehicles,"Qualitative discussion of: strategy to manage fuel economy and emissions risks (regulatory exposure, carbon pricing), electrification roadmap (EV targets, investment plans), approach to different regional regulations (CAFE, EU CO2 targets, China NEV), and opportunities from the low-carbon transition."
korean,hyundai,Discussion of strategy for managing fleet fuel economy and emissions risks and opportunities,Fuel Economy & Use-phase Emissions,Discussion of strategy for managing fleet fuel economy and emissions risks and opportunities,TR-AU-410a.3,27,hyundai_027,yes,N/A,N/A,True,Discussion and Analysis,n/a,fleet strategy|electrification|emissions regulations|CAFE compliance|CO2 targets|EV transition|product portfolio|regulatory risk|net zero vehicles,"Qualitative discussion of: strategy to manage fuel economy and emissions risks (regulatory exposure, carbon pricing), electrification roadmap (EV targets, investment plans), approach to different regional regulations (CAFE, EU CO2 targets, China NEV), and opportunities from the low-carbon transition."
korean,hyundai,Discussion of strategy for managing fleet fuel economy and emissions risks and opportunities,Fuel Economy & Use-phase Emissions,Discussion of strategy for managing fleet fuel economy and emissions risks and opportunities,TR-AU-410a.3,114,hyundai_114,yes,N/A,N/A,True,Discussion and Analysis,n/a,fleet strategy|electrification|emissions regulations|CAFE compliance|CO2 targets|EV transition|product portfolio|regulatory risk|net zero vehicles,"Qualitative discussion of: strategy to manage fuel economy and emissions risks (regulatory exposure, carbon pricing), electrification roadmap (EV targets, investment plans), approach to different regional regulations (CAFE, EU CO2 targets, China NEV), and opportunities from the low-carbon transition."
korean,hyundai,Description of the management of risks associated with the use of critical materials,Materials Sourcing,Description of the management of risks associated with the use of critical materials,TR-AU-440a.1,42,hyundai_042,yes,N/A,N/A,True,Discussion and Analysis,n/a,critical materials|conflict minerals|cobalt|lithium|rare earth|3TG|supply chain risk|responsible sourcing|battery materials|material sourcing,"Qualitative description of: identification of critical materials (cobalt, lithium, rare earths, 3TG for electronics), supply chain due diligence, responsible sourcing standards (RMI, OECD), supplier audits, geographic concentration risk, and strategies to reduce dependence on critical materials."
korean,hyundai,"(1) Total amount of waste from manufacturing, (2) percentage recycled",Materials Efficiency & Recycling,"(1) Total amount of waste from manufacturing, (2) percentage recycled",TR-AU-440b.1,43,hyundai_043,yes,"1,024,155|93.5",톤|%,True,Quantitative,Metric tons (t)|Percentage (%),manufacturing waste|waste recycling|zero waste|waste to landfill|metal scrap|recycling rate|waste diversion,Two values: (1) total weight of waste generated in manufacturing operations in metric tons; (2) percentage of that waste recycled or recovered. Manufacturing automotive components generates significant scrap metal and other wastes.
korean,hyundai,"(1) Total amount of waste from manufacturing, (2) percentage recycled",Materials Efficiency & Recycling,"(1) Total amount of waste from manufacturing, (2) percentage recycled",TR-AU-440b.1,114,hyundai_114,yes,"1,024,155|93.5",톤|%,True,Quantitative,Metric tons (t)|Percentage (%),manufacturing waste|waste recycling|zero waste|waste to landfill|metal scrap|recycling rate|waste diversion,Two values: (1) total weight of waste generated in manufacturing operations in metric tons; (2) percentage of that waste recycled or recovered. Manufacturing automotive components generates significant scrap metal and other wastes.
korean,hyundai,"(1) Weight of end-of-life material recovered, (2) percentage recycled",Materials Efficiency & Recycling,"(1) Weight of end-of-life material recovered, (2) percentage recycled",TR-AU-440b.2,40,hyundai_040,yes,"199,841|82.4",톤|%,True,Quantitative,Metric tons (t)|Percentage (%),end-of-life vehicles|ELV|material recovery|vehicle recycling|shredder residue|reuse|recycled materials|circular economy,Two values: (1) total weight of material recovered from end-of-life vehicles in metric tons; (2) percentage of recovered material that is recycled (vs. landfilled or incinerated). EU ELV Directive requires 85% reuse/recycle and 95% reuse/recovery.
korean,hyundai,"(1) Weight of end-of-life material recovered, (2) percentage recycled",Materials Efficiency & Recycling,"(1) Weight of end-of-life material recovered, (2) percentage recycled",TR-AU-440b.2,114,hyundai_114,yes,19.9|82.4,만 톤|%,True,Quantitative,Metric tons (t)|Percentage (%),end-of-life vehicles|ELV|material recovery|vehicle recycling|shredder residue|reuse|recycled materials|circular economy,Two values: (1) total weight of material recovered from end-of-life vehicles in metric tons; (2) percentage of recovered material that is recycled (vs. landfilled or incinerated). EU ELV Directive requires 85% reuse/recycle and 95% reuse/recovery.
korean,hyundai,Percentage of active workforce employed under collective agreements,Labour Practices,Percentage of active workforce employed under collective agreements,TR-AU-440b.1,103,hyundai_103,no,59.9,%,True,Quantitative,Metric tons (t)|Percentage (%),manufacturing waste|waste recycling|zero waste|waste to landfill|metal scrap|recycling rate|waste diversion,Two values: (1) total weight of waste generated in manufacturing operations in metric tons; (2) percentage of that waste recycled or recovered. Manufacturing automotive components generates significant scrap metal and other wastes.
korean,hyundai,(1) Number of work stoppages and (2) total days idle,Labour Practices,(1) Number of work stoppages and (2) total days idle,TR-AU-440b.1,103,hyundai_103,no,1|1,건|일,True,Quantitative,Metric tons (t)|Percentage (%),manufacturing waste|waste recycling|zero waste|waste to landfill|metal scrap|recycling rate|waste diversion,Two values: (1) total weight of waste generated in manufacturing operations in metric tons; (2) percentage of that waste recycled or recovered. Manufacturing automotive components generates significant scrap metal and other wastes.
korean,hyundai,"Sales-weighted average passenger fleet fuel economy, by region",Fuel Economy & Use-phase Emissions,"Sales-weighted average passenger fleet fuel economy, by region",TR-AU-410a.1,40,hyundai_040,no,85,%,False,Quantitative,Litres per 100 kilometres (L/100km)|Miles per gallon (mpg)|Kilometres per litre (km/L),fuel economy|fuel efficiency|CAFE|fleet average|CO2 per km|passenger cars|light vehicles|mpg|gCO2/km,"Sales-weighted average fuel economy of the passenger vehicle fleet, disaggregated by region (US, EU, China, Japan, etc.). May be reported in L/100km, gCO2/km, or mpg depending on region. Reflects compliance with fuel economy and emissions regulations."
korean,hyundai,"Number of (1) zero emission vehicles (ZEV), (2) hybrid vehicles and (3) plug-in hybrid vehicles sold",Fuel Economy & Use-phase Emissions,"Number of (1) zero emission vehicles (ZEV), (2) hybrid vehicles and (3) plug-in hybrid vehicles sold",TR-AU-410a.2,7,hyundai_007,no,"268,785|421,549|5,048",대,True,Quantitative,Number,ZEV|zero emission vehicles|EV|electric vehicles|hybrid|PHEV|plug-in hybrid|BEV|battery electric|low emission vehicles,"Three separate counts: (1) zero emission vehicles sold (BEV, FCEV); (2) hybrid electric vehicles (HEV); (3) plug-in hybrid electric vehicles (PHEV). Reflects the transition to electrification and progress toward low-emission fleet."
korean,hyundai,Description of the management of risks associated with the use of critical materials,Materials Sourcing,Description of the management of risks associated with the use of critical materials,TR-AU-440a.1,43,hyundai_043,no,N/A,N/A,True,Discussion and Analysis,n/a,critical materials|conflict minerals|cobalt|lithium|rare earth|3TG|supply chain risk|responsible sourcing|battery materials|material sourcing,"Qualitative description of: identification of critical materials (cobalt, lithium, rare earths, 3TG for electronics), supply chain due diligence, responsible sourcing standards (RMI, OECD), supplier audits, geographic concentration risk, and strategies to reduce dependence on critical materials."
korean,hyundai,Description of the management of risks associated with the use of critical materials,Materials Sourcing,Description of the management of risks associated with the use of critical materials,TR-AU-440a.1,71,hyundai_071,no,N/A,N/A,True,Discussion and Analysis,n/a,critical materials|conflict minerals|cobalt|lithium|rare earth|3TG|supply chain risk|responsible sourcing|battery materials|material sourcing,"Qualitative description of: identification of critical materials (cobalt, lithium, rare earths, 3TG for electronics), supply chain due diligence, responsible sourcing standards (RMI, OECD), supplier audits, geographic concentration risk, and strategies to reduce dependence on critical materials."
korean,hyundai,Description of the management of risks associated with the use of critical materials,Materials Sourcing,Description of the management of risks associated with the use of critical materials,TR-AU-440a.1,93,hyundai_093,no,N/A,N/A,True,Discussion and Analysis,n/a,critical materials|conflict minerals|cobalt|lithium|rare earth|3TG|supply chain risk|responsible sourcing|battery materials|material sourcing,"Qualitative description of: identification of critical materials (cobalt, lithium, rare earths, 3TG for electronics), supply chain due diligence, responsible sourcing standards (RMI, OECD), supplier audits, geographic concentration risk, and strategies to reduce dependence on critical materials."
korean,hyundai,"(1) Total amount of waste from manufacturing, (2) percentage recycled",Materials Efficiency & Recycling,"(1) Total amount of waste from manufacturing, (2) percentage recycled",TR-AU-440b.1,44,hyundai_044,no,"1,024,155|93.5",톤|%,True,Quantitative,Metric tons (t)|Percentage (%),manufacturing waste|waste recycling|zero waste|waste to landfill|metal scrap|recycling rate|waste diversion,Two values: (1) total weight of waste generated in manufacturing operations in metric tons; (2) percentage of that waste recycled or recovered. Manufacturing automotive components generates significant scrap metal and other wastes.
korean,hyundai,"(1) Total amount of waste from manufacturing, (2) percentage recycled",Materials Efficiency & Recycling,"(1) Total amount of waste from manufacturing, (2) percentage recycled",TR-AU-440b.1,101,hyundai_101,no,"1,024,155|93.5",톤|%,True,Quantitative,Metric tons (t)|Percentage (%),manufacturing waste|waste recycling|zero waste|waste to landfill|metal scrap|recycling rate|waste diversion,Two values: (1) total weight of waste generated in manufacturing operations in metric tons; (2) percentage of that waste recycled or recovered. Manufacturing automotive components generates significant scrap metal and other wastes.
korean,samsung_electronics,Description of approach to identifying and addressing data security risks in products,Product Security,Description of approach to identifying and addressing data security risks in products,TC-SC-410a.1,10,samsung_electronics_010,yes,"· 개인정보보호팀장이 CPO(Chief Privacy
Officer), 정보보호센터장이 CISO(Chief
Information Security Officer)로서
컨트롤 타워 역할을 수행하며, 개인정보보호
운영위원회, 보안 협의회 운영, 개인정보보호 3대 원칙 : '보다 투명하게, 보다 안전하게,
사용자의 선택을 최우선으로'
· 사이버 보안 4대 방향성 : 'Preventing & Hardening,
Prediction, Detection, Response',",N/A,True,Discussion and Analysis,n/a,product lifecycle|design for environment|RoHS|REACH|restricted substances|sustainable products|energy efficiency|product stewardship,"Qualitative description of: strategies to reduce environmental impact over the product lifecycle, compliance with hazardous substance regulations (RoHS, REACH), design-for-environment programs, customer requirements for greener products, and product energy efficiency improvements."
korean,samsung_electronics,Description of approach to identifying and addressing data security risks in products,Product Security,Description of approach to identifying and addressing data security risks in products,TC-SC-410a.1,10,samsung_electronics_010,yes but not complete,"글로벌 개인정보보호 정책 수립,
삼성 프라이버시 웹사이트 운영, · 개인정보 법무관리시스템 운영 및 교육
· 보안 플랫폼 삼성 녹스, 삼성 녹스 볼트
· 반도체 기술 보안",N/A,False,Discussion and Analysis,n/a,product lifecycle|design for environment|RoHS|REACH|restricted substances|sustainable products|energy efficiency|product stewardship,"Qualitative description of: strategies to reduce environmental impact over the product lifecycle, compliance with hazardous substance regulations (RoHS, REACH), design-for-environment programs, customer requirements for greener products, and product energy efficiency improvements."
korean,samsung_electronics,Weight of end-of-life products and e-waste recovered; percentage recycled,Product Lifecycle Management,Weight of end-of-life products and e-waste recovered; percentage recycled,TC-SC-410a.1,15,samsung_electronics_015,yes but not complete,1000만 | 2500만,톤 | 톤,False,Discussion and Analysis,n/a,product lifecycle|design for environment|RoHS|REACH|restricted substances|sustainable products|energy efficiency|product stewardship,"Qualitative description of: strategies to reduce environmental impact over the product lifecycle, compliance with hazardous substance regulations (RoHS, REACH), design-for-environment programs, customer requirements for greener products, and product energy efficiency improvements."
korean,samsung_electronics,"Percentage of Tier 1 supplier facilities audited in the RBA Validated Audit Process (VAP) or equivalent, by (a) all facilities and (b) high-risk facilities",Supply Chain Management,"Percentage of Tier 1 supplier facilities audited in the RBA Validated Audit Process (VAP) or equivalent, by (a) all facilities and (b) high-risk facilities",TC-SC-320a.2,41,samsung_electronics_041,yes,92,%,True,Quantitative,Rate|Number,TRIR|total recordable incident rate|fatality rate|lost time injury|occupational injury|workplace safety|contract workers,"Four values: TRIR and fatality rate, each reported separately for (a) direct employees and (b) contract employees. TRIR = (number of recordable incidents × 200,000) / total hours worked. Fatality rate = fatalities per 100,000 workers."
korean,samsung_electronics,"Tier 1 suppliers' (1) non-conformance rate with the RBA Validated Audit Process (VAP) or equivalent, and (2) associated corrective action rate for (a) priority non-conformances and (b) other non-conformances",Supply Chain Management,"Tier 1 suppliers' (1) non-conformance rate with the RBA Validated Audit Process (VAP) or equivalent, and (2) associated corrective action rate for (a) priority non-conformances and (b) other non-conformances",TC-SC-320a.2,41,samsung_electronics_041,yes but not complete,2.2 | 2.2 | 2.7 | 0.4,% | % | % | %,False,Quantitative,Rate|Number,TRIR|total recordable incident rate|fatality rate|lost time injury|occupational injury|workplace safety|contract workers,"Four values: TRIR and fatality rate, each reported separately for (a) direct employees and (b) contract employees. TRIR = (number of recordable incidents × 200,000) / total hours worked. Fatality rate = fatalities per 100,000 workers."
korean,samsung_electronics,"Percentage of (1) gender and (2) diversity group representation for (a) executive management, (b) non-executive management, (c) technical employees and (d) all other employees",Employee Diversity & Inclusion,"Percentage of (1) gender and (2) diversity group representation for (a) executive management, (b) non-executive management, (c) technical employees and (d) all other employees",TC-SC-330a.1,58,samsung_electronics_058,yes,31951.0 | 13270.0 | 4888.0 | 32883.0 | 16786.0 | 4917.0 | 36734.0 | 20383.0 | 5133.0 | 75218.0 | 122811.0 | 19457.0 | 23257.0 | 25901.0 | 80423.0 | 117190.0 | 19763.0 | 24703.0 | 28199.0,명 | 명 | 명 | 명 | 명 | 명 | 명 | 명 | 명 | 명 | 명 | 명 | 명 | 명 | 명 | 명 | 명 | 명 | 명,True,Quantitative,Percentage (%),foreign nationals|offshore employees|global workforce|international employees|diversity|talent management|H-1B visa,Two percentages: (1) employees who are foreign nationals (non-citizens of country of employment); (2) employees located outside the company's home country. Relevant for understanding talent dependency and visa/immigration risk.
korean,samsung_electronics,"Percentage of (1) gender and (2) diversity group representation for (a) executive management, (b) non-executive management, (c) technical employees and (d) all other employees",Employee Diversity & Inclusion,"Percentage of (1) gender and (2) diversity group representation for (a) executive management, (b) non-executive management, (c) technical employees and (d) all other employees",TC-SC-330a.1,59,samsung_electronics_059,yes,18.8 | 46.8 | 42.3 | 32.3 | 36.0 | 19.2 | 45.1 | 40.8 | 33.6 | 35.9 | 19.2 | 43.0 | 38.6 | 34.0 | 36.8,% | % | % | % | % | % | % | % | % | % | % | % | % | % | %,True,Quantitative,Percentage (%),foreign nationals|offshore employees|global workforce|international employees|diversity|talent management|H-1B visa,Two percentages: (1) employees who are foreign nationals (non-citizens of country of employment); (2) employees located outside the company's home country. Relevant for understanding talent dependency and visa/immigration risk.
korean,samsung_electronics,"Percentage of Tier 1 supplier facilities audited in the RBA Validated Audit Process (VAP) or equivalent, by (a) all facilities and (b) high-risk facilities",Supply Chain Management,"Percentage of Tier 1 supplier facilities audited in the RBA Validated Audit Process (VAP) or equivalent, by (a) all facilities and (b) high-risk facilities",TC-SC-320a.2,60,samsung_electronics_060,yes but not complete,493.0 | 438.0 | 315.0,개사 | 개사 | 개사,False,Quantitative,Rate|Number,TRIR|total recordable incident rate|fatality rate|lost time injury|occupational injury|workplace safety|contract workers,"Four values: TRIR and fatality rate, each reported separately for (a) direct employees and (b) contract employees. TRIR = (number of recordable incidents × 200,000) / total hours worked. Fatality rate = fatalities per 100,000 workers."
korean,samsung_electronics,Weight of end-of-life products and e-waste recovered; percentage recycled,Product Lifecycle Management,Weight of end-of-life products and e-waste recovered; percentage recycled,TC-SC-410a.1,63,samsung_electronics_063,yes but not complete,140162.0 | 132681.0,톤 | 톤,False,Discussion and Analysis,n/a,product lifecycle|design for environment|RoHS|REACH|restricted substances|sustainable products|energy efficiency|product stewardship,"Qualitative description of: strategies to reduce environmental impact over the product lifecycle, compliance with hazardous substance regulations (RoHS, REACH), design-for-environment programs, customer requirements for greener products, and product energy efficiency improvements."
korean,samsung_electronics,Weight of end-of-life products and e-waste recovered; percentage recycled,Product Lifecycle Management,Weight of end-of-life products and e-waste recovered; percentage recycled,TC-SC-410a.1,67,samsung_electronics_067,yes but not complete,93.0 | 98.0 | 140162.0 | 120718.0,% | % | 톤 | 톤,False,Discussion and Analysis,n/a,product lifecycle|design for environment|RoHS|REACH|restricted substances|sustainable products|energy efficiency|product stewardship,"Qualitative description of: strategies to reduce environmental impact over the product lifecycle, compliance with hazardous substance regulations (RoHS, REACH), design-for-environment programs, customer requirements for greener products, and product energy efficiency improvements."
korean,samsung_electronics,Weight of end-of-life products and e-waste recovered; percentage recycled,Product Lifecycle Management,Weight of end-of-life products and e-waste recovered; percentage recycled,TC-SC-410a.1,13,samsung_electronics_013,no,1000만 | 2500만,톤 | 톤,False,Discussion and Analysis,n/a,product lifecycle|design for environment|RoHS|REACH|restricted substances|sustainable products|energy efficiency|product stewardship,"Qualitative description of: strategies to reduce environmental impact over the product lifecycle, compliance with hazardous substance regulations (RoHS, REACH), design-for-environment programs, customer requirements for greener products, and product energy efficiency improvements."
korean,samsung_electronics,Weight of end-of-life products and e-waste recovered; percentage recycled,Product Lifecycle Management,Weight of end-of-life products and e-waste recovered; percentage recycled,TC-SC-410a.1,17,samsung_electronics_017,no,1000만 | 2500만,톤 | 톤,False,Discussion and Analysis,n/a,product lifecycle|design for environment|RoHS|REACH|restricted substances|sustainable products|energy efficiency|product stewardship,"Qualitative description of: strategies to reduce environmental impact over the product lifecycle, compliance with hazardous substance regulations (RoHS, REACH), design-for-environment programs, customer requirements for greener products, and product energy efficiency improvements."
korean,samsung_electronics,"Percentage of (1) gender and (2) diversity group representation for (a) executive management, (b) non-executive management, (c) technical employees and (d) all other employees",Employee Diversity & Inclusion,"Percentage of (1) gender and (2) diversity group representation for (a) executive management, (b) non-executive management, (c) technical employees and (d) all other employees",TC-SC-330a.1,38,samsung_electronics_038,no,6.9 | 16.0 | 31.0 | 3.8 | 11.8 | 17.2 | 30.8 | 6.3 | 14.2 | 19.2 | 34.0 | 7.3 | 17.6,% | % | % | % | % | % | % | % | % | % | % | % | %,False,Quantitative,Percentage (%),foreign nationals|offshore employees|global workforce|international employees|diversity|talent management|H-1B visa,Two percentages: (1) employees who are foreign nationals (non-citizens of country of employment); (2) employees located outside the company's home country. Relevant for understanding talent dependency and visa/immigration risk.
korean,samsung_electronics,"Percentage of Tier 1 supplier facilities audited in the RBA Validated Audit Process (VAP) or equivalent, by (a) all facilities and (b) high-risk facilities",Supply Chain Management,"Percentage of Tier 1 supplier facilities audited in the RBA Validated Audit Process (VAP) or equivalent, by (a) all facilities and (b) high-risk facilities",TC-SC-320a.2,45,samsung_electronics_045,no,92,%,True,Quantitative,Rate|Number,TRIR|total recordable incident rate|fatality rate|lost time injury|occupational injury|workplace safety|contract workers,"Four values: TRIR and fatality rate, each reported separately for (a) direct employees and (b) contract employees. TRIR = (number of recordable incidents × 200,000) / total hours worked. Fatality rate = fatalities per 100,000 workers."
korean,samsung_electronics,"Tier 1 suppliers' (1) non-conformance rate with the RBA Validated Audit Process (VAP) or equivalent, and (2) associated corrective action rate for (a) priority non-conformances and (b) other non-conformances",Supply Chain Management,"Tier 1 suppliers' (1) non-conformance rate with the RBA Validated Audit Process (VAP) or equivalent, and (2) associated corrective action rate for (a) priority non-conformances and (b) other non-conformances",TC-SC-320a.2,45,samsung_electronics_045,no,3.0 | 93.0 | 87.0 | 85.0 | 82.0 | 99.0,개 | % | % | % | % | %,False,Quantitative,Rate|Number,TRIR|total recordable incident rate|fatality rate|lost time injury|occupational injury|workplace safety|contract workers,"Four values: TRIR and fatality rate, each reported separately for (a) direct employees and (b) contract employees. TRIR = (number of recordable incidents × 200,000) / total hours worked. Fatality rate = fatalities per 100,000 workers."
korean,samsung_electronics,"Percentage of (1) gender and (2) diversity group representation for (a) executive management, (b) non-executive management, (c) technical employees and (d) all other employees",Employee Diversity & Inclusion,"Percentage of (1) gender and (2) diversity group representation for (a) executive management, (b) non-executive management, (c) technical employees and (d) all other employees",TC-SC-330a.1,60,samsung_electronics_060,no,31951.0 | 13270.0 | 4888.0 | 32883.0 | 16786.0 | 4917.0 | 36734.0 | 20383.0 | 5133.0 | 75218.0 | 122811.0 | 19457.0 | 23257.0 | 25901.0 | 80423.0 | 117190.0 | 19763.0 | 24703.0 | 28199.0,명 | 명 | 명 | 명 | 명 | 명 | 명 | 명 | 명 | 명 | 명 | 명 | 명 | 명 | 명 | 명 | 명 | 명 | 명,True,Quantitative,Percentage (%),foreign nationals|offshore employees|global workforce|international employees|diversity|talent management|H-1B visa,Two percentages: (1) employees who are foreign nationals (non-citizens of country of employment); (2) employees located outside the company's home country. Relevant for understanding talent dependency and visa/immigration risk.
korean,samsung_electronics,Weight of end-of-life products and e-waste recovered; percentage recycled,Product Lifecycle Management,Weight of end-of-life products and e-waste recovered; percentage recycled,TC-SC-410a.1,64,samsung_electronics_064,no,140162.0 | 132681.0,톤 | 톤,False,Discussion and Analysis,n/a,product lifecycle|design for environment|RoHS|REACH|restricted substances|sustainable products|energy efficiency|product stewardship,"Qualitative description of: strategies to reduce environmental impact over the product lifecycle, compliance with hazardous substance regulations (RoHS, REACH), design-for-environment programs, customer requirements for greener products, and product energy efficiency improvements."
korean,bh,Description of approach to identifying and addressing data security risks in products,Product Security,Description of approach to identifying and addressing data security risks in products,TC-SC-410a.1,97,bh_097,yes,N/A,N/A,True,Discussion and Analysis,n/a,product lifecycle|design for environment|RoHS|REACH|restricted substances|sustainable products|energy efficiency|product stewardship,"Qualitative description of: strategies to reduce environmental impact over the product lifecycle, compliance with hazardous substance regulations (RoHS, REACH), design-for-environment programs, customer requirements for greener products, and product energy efficiency improvements."
korean,bh,Description of approach to identifying and addressing data security risks in products,Product Security,Description of approach to identifying and addressing data security risks in products,TC-SC-410a.1,120,bh_120,yes,N/A,N/A,True,Discussion and Analysis,n/a,product lifecycle|design for environment|RoHS|REACH|restricted substances|sustainable products|energy efficiency|product stewardship,"Qualitative description of: strategies to reduce environmental impact over the product lifecycle, compliance with hazardous substance regulations (RoHS, REACH), design-for-environment programs, customer requirements for greener products, and product energy efficiency improvements."
korean,bh,"Percentage of (1) gender and (2) diversity group representation for (a) executive management, (b) non-executive management, (c) technical employees and (d) all other employees",Employee Diversity & Inclusion,"Percentage of (1) gender and (2) diversity group representation for (a) executive management, (b) non-executive management, (c) technical employees and (d) all other employees",TC-SC-330a.1,107,bh_107,yes,-,%,True,Quantitative,Percentage (%),foreign nationals|offshore employees|global workforce|international employees|diversity|talent management|H-1B visa,Two percentages: (1) employees who are foreign nationals (non-citizens of country of employment); (2) employees located outside the company's home country. Relevant for understanding talent dependency and visa/immigration risk.
korean,bh,Description of the management of risks associated with the use of critical materials,Materials Sourcing,Description of the management of risks associated with the use of critical materials,TR-AU-440a.1,77,bh_077,yes,N/A,N/A,True,Discussion and Analysis,n/a,critical materials|conflict minerals|cobalt|lithium|rare earth|3TG|supply chain risk|responsible sourcing|battery materials|material sourcing,"Qualitative description of: identification of critical materials (cobalt, lithium, rare earths, 3TG for electronics), supply chain due diligence, responsible sourcing standards (RMI, OECD), supplier audits, geographic concentration risk, and strategies to reduce dependence on critical materials."
korean,bh,Description of the management of risks associated with the use of critical materials,Materials Sourcing,Description of the management of risks associated with the use of critical materials,TR-AU-440a.1,78,bh_078,yes,N/A,N/A,True,Discussion and Analysis,n/a,critical materials|conflict minerals|cobalt|lithium|rare earth|3TG|supply chain risk|responsible sourcing|battery materials|material sourcing,"Qualitative description of: identification of critical materials (cobalt, lithium, rare earths, 3TG for electronics), supply chain due diligence, responsible sourcing standards (RMI, OECD), supplier audits, geographic concentration risk, and strategies to reduce dependence on critical materials."
korean,bh,Description of approach to identifying and addressing data security risks in products,Product Security,Description of approach to identifying and addressing data security risks in products,TC-SC-410a.1,99,bh_099,no,N/A,N/A,True,Discussion and Analysis,n/a,product lifecycle|design for environment|RoHS|REACH|restricted substances|sustainable products|energy efficiency|product stewardship,"Qualitative description of: strategies to reduce environmental impact over the product lifecycle, compliance with hazardous substance regulations (RoHS, REACH), design-for-environment programs, customer requirements for greener products, and product energy efficiency improvements."
korean,bh,"Percentage of (1) gender and (2) diversity group representation for (a) executive management, (b) non-executive management, (c) technical employees and (d) all other employees",Employee Diversity & Inclusion,"Percentage of (1) gender and (2) diversity group representation for (a) executive management, (b) non-executive management, (c) technical employees and (d) all other employees",TC-SC-330a.1,82,bh_082,no,5,명,True,Quantitative,Percentage (%),foreign nationals|offshore employees|global workforce|international employees|diversity|talent management|H-1B visa,Two percentages: (1) employees who are foreign nationals (non-citizens of country of employment); (2) employees located outside the company's home country. Relevant for understanding talent dependency and visa/immigration risk.
korean,bh,"Percentage of (1) gender and (2) diversity group representation for (a) executive management, (b) non-executive management, (c) technical employees and (d) all other employees",Employee Diversity & Inclusion,"Percentage of (1) gender and (2) diversity group representation for (a) executive management, (b) non-executive management, (c) technical employees and (d) all other employees",TC-SC-330a.1,108,bh_108,no,-,%,True,Quantitative,Percentage (%),foreign nationals|offshore employees|global workforce|international employees|diversity|talent management|H-1B visa,Two percentages: (1) employees who are foreign nationals (non-citizens of country of employment); (2) employees located outside the company's home country. Relevant for understanding talent dependency and visa/immigration risk.
korean,bh,"Percentage of Tier 1 supplier facilities audited in the RBA Validated Audit Process (VAP) or equivalent, by (a) all facilities and (b) high-risk facilities",Supply Chain Management,"Percentage of Tier 1 supplier facilities audited in the RBA Validated Audit Process (VAP) or equivalent, by (a) all facilities and (b) high-risk facilities",TC-SC-320a.2,115,bh_115,no,100,%,True,Quantitative,Rate|Number,TRIR|total recordable incident rate|fatality rate|lost time injury|occupational injury|workplace safety|contract workers,"Four values: TRIR and fatality rate, each reported separately for (a) direct employees and (b) contract employees. TRIR = (number of recordable incidents × 200,000) / total hours worked. Fatality rate = fatalities per 100,000 workers."
korean,bh,"Tier 1 suppliers' (1) non-conformance rate with the RBA Validated Audit Process (VAP) or equivalent, and (2) associated corrective action rate for (a) priority non-conformances and (b) other non-conformances",Supply Chain Management,"Tier 1 suppliers' (1) non-conformance rate with the RBA Validated Audit Process (VAP) or equivalent, and (2) associated corrective action rate for (a) priority non-conformances and (b) other non-conformances",TC-SC-320a.2,115,bh_115,no,124|-,개|%,True,Quantitative,Rate|Number,TRIR|total recordable incident rate|fatality rate|lost time injury|occupational injury|workplace safety|contract workers,"Four values: TRIR and fatality rate, each reported separately for (a) direct employees and (b) contract employees. TRIR = (number of recordable incidents × 200,000) / total hours worked. Fatality rate = fatalities per 100,000 workers."
korean,nepes,(1) Gross global Scope 1 emissions and (2) amount of total emissions from perfluorinated compounds,Greenhouse Gas Emissions,(1) Gross global Scope 1 emissions and (2) amount of total emissions from perfluorinated compounds,TC-SC-110a.1,12,nepes_012,yes but not complete,"1,973",tCO2eq,False,Quantitative,Metric tons (t) CO2-e|Percentage (%),Scope 1 emissions|greenhouse gas|GHG|perfluorocompounds|PFC|carbon emissions|emissions-limiting regulations|global warming potential,"Two values: (1) gross global Scope 1 GHG emissions in metric tons CO2-equivalent, and percentage covered under emissions-limiting regulations (e.g. cap-and-trade, carbon tax); (2) subset of those emissions from perfluorocompounds (PFCs) used in semiconductor manufacturing. Excludes biogenic CO2."
korean,nepes,"Discussion of long- and short-term strategy or plan to manage Scope 1 emissions, emissions reduction targets, and an analysis of performance against those targets",Greenhouse Gas Emissions,"Discussion of long- and short-term strategy or plan to manage Scope 1 emissions, emissions reduction targets, and an analysis of performance against those targets",TC-SC-110a.2,12,nepes_012,yes but not complete,N/A,N/A,False,Discussion and Analysis,n/a,emissions reduction|climate strategy|Scope 1 management|PFC reduction|reduction targets|net zero|abatement|climate risk,"Qualitative discussion of strategy to manage Scope 1 emissions including: reduction targets (absolute or intensity-based), timeline, methods (process optimization, abatement equipment, alternative chemistries for PFCs), and performance against stated targets."
korean,nepes,"Discussion of long- and short-term strategy or plan to manage Scope 1 emissions, emissions reduction targets, and an analysis of performance against those targets",Greenhouse Gas Emissions,"Discussion of long- and short-term strategy or plan to manage Scope 1 emissions, emissions reduction targets, and an analysis of performance against those targets",TC-SC-110a.2,14,nepes_014,yes but not complete,N/A,N/A,False,Discussion and Analysis,n/a,emissions reduction|climate strategy|Scope 1 management|PFC reduction|reduction targets|net zero|abatement|climate risk,"Qualitative discussion of strategy to manage Scope 1 emissions including: reduction targets (absolute or intensity-based), timeline, methods (process optimization, abatement equipment, alternative chemistries for PFCs), and performance against stated targets."
korean,nepes,"(1) Total energy consumed, (2) percentage grid electricity and (3) percentage renewable",Energy Management in Manufacturing,"(1) Total energy consumed, (2) percentage grid electricity and (3) percentage renewable",TC-SC-130a.1,12,nepes_012,yes but not complete,507,TJ,False,Quantitative,Gigajoules (GJ)|Percentage (%),energy consumption|grid electricity|renewable energy|electricity|energy management|energy intensity|clean energy|power purchase agreement,"Three values: (1) total energy consumed in GJ across all manufacturing operations (electricity, fuel, steam, heating/cooling); (2) percentage of total energy that is grid electricity; (3) percentage of total energy from renewable sources (wind, solar, hydro, certified RECs, PPAs). Scope: owned and operated manufacturing facilities."
korean,nepes,"Description of efforts to assess, monitor, and reduce exposure of workforce to human health hazards",Workforce Health & Safety,"Description of efforts to assess, monitor, and reduce exposure of workforce to human health hazards",TC-SC-320a.1,16,nepes_016,yes but not complete,N/A,N/A,False,Discussion and Analysis,n/a,occupational health|employee safety|chemical exposure|hazardous substances|OSHA|industrial hygiene|health monitoring|ergonomics|radiation,"Qualitative description of: (1) types of health hazards present (chemicals, radiation, ergonomic); (2) monitoring and assessment methods; (3) controls implemented (engineering controls, PPE, substitution); (4) health surveillance programs; (5) metrics tracked (injury rates, illness rates, days lost)."
korean,nepes,"Description of efforts to assess, monitor, and reduce exposure of workforce to human health hazards",Workforce Health & Safety,"Description of efforts to assess, monitor, and reduce exposure of workforce to human health hazards",TC-SC-320a.1,18,nepes_018,yes but not complete,N/A,N/A,False,Discussion and Analysis,n/a,occupational health|employee safety|chemical exposure|hazardous substances|OSHA|industrial hygiene|health monitoring|ergonomics|radiation,"Qualitative description of: (1) types of health hazards present (chemicals, radiation, ergonomic); (2) monitoring and assessment methods; (3) controls implemented (engineering controls, PPE, substitution); (4) health surveillance programs; (5) metrics tracked (injury rates, illness rates, days lost)."
korean,nepes,"(1) Total water withdrawn, (2) total water consumed; percentage of each in regions with High or Extremely High Baseline Water Stress",Water Management,"(1) Total water withdrawn, (2) total water consumed; percentage of each in regions with High or Extremely High Baseline Water Stress",TC-SC-140a.1,14,nepes_014,no,"1,182,373",ton,False,Quantitative,Thousand cubic metres (m³)|Percentage (%),water withdrawal|water consumption|water stress|water scarcity|WRI Aqueduct|water recycling|ultrapure water|wastewater,"Two paired values: (1) total water withdrawn (from all sources: municipal, groundwater, surface water) in thousand m³ + percentage from High/Extremely High Baseline Water Stress regions per WRI Aqueduct; (2) total water consumed (withdrawn minus discharged) + same percentage breakdown. Semiconductor fabs are water-intensive."
korean,nepes,"(1) Amount of hazardous waste from manufacturing, (2) percentage recycled",Waste Management,"(1) Amount of hazardous waste from manufacturing, (2) percentage recycled",TC-SC-150a.1,14,nepes_014,no,1604| 21.7|  223.8| 88.4,ton| ton| ton| %,True,Quantitative,Metric tons (t)|Percentage (%),hazardous waste|waste generation|recycling|waste disposal|chemical waste|solvents|acids|waste recovery,"Two values: (1) total weight of hazardous waste generated in metric tons; (2) percentage of that hazardous waste that is recycled or recovered. Semiconductor manufacturing generates significant hazardous chemical wastes (solvents, acids, slurries). Excludes non-hazardous waste."
korean,nepes,"Description of efforts to assess, monitor, and reduce exposure of workforce to human health hazards",Workforce Health & Safety,"Description of efforts to assess, monitor, and reduce exposure of workforce to human health hazards",TC-SC-320a.1,19,nepes_019,no,N/A,N/A,False,Discussion and Analysis,n/a,occupational health|employee safety|chemical exposure|hazardous substances|OSHA|industrial hygiene|health monitoring|ergonomics|radiation,"Qualitative description of: (1) types of health hazards present (chemicals, radiation, ergonomic); (2) monitoring and assessment methods; (3) controls implemented (engineering controls, PPE, substitution); (4) health surveillance programs; (5) metrics tracked (injury rates, illness rates, days lost)."
korean,kia,"Number of (1) zero emission vehicles (ZEV), (2) hybrid vehicles and (3) plug-in hybrid vehicles sold",Fuel Economy & Use-phase Emissions,"Number of (1) zero emission vehicles (ZEV), (2) hybrid vehicles and (3) plug-in hybrid vehicles sold",TR-AU-410a.2,111,kia_111,yes,"181,934| 305,585| 88,254",대| 대| 대,True,Quantitative,Number,ZEV|zero emission vehicles|EV|electric vehicles|hybrid|PHEV|plug-in hybrid|BEV|battery electric|low emission vehicles,"Three separate counts: (1) zero emission vehicles sold (BEV, FCEV); (2) hybrid electric vehicles (HEV); (3) plug-in hybrid electric vehicles (PHEV). Reflects the transition to electrification and progress toward low-emission fleet."
korean,kia,Discussion of strategy for managing fleet fuel economy and emissions risks and opportunities,Fuel Economy & Use-phase Emissions,Discussion of strategy for managing fleet fuel economy and emissions risks and opportunities,TR-AU-410a.3,24,kia_024,yes,N/A,N/A,True,Discussion and Analysis,n/a,fleet strategy|electrification|emissions regulations|CAFE compliance|CO2 targets|EV transition|product portfolio|regulatory risk|net zero vehicles,"Qualitative discussion of: strategy to manage fuel economy and emissions risks (regulatory exposure, carbon pricing), electrification roadmap (EV targets, investment plans), approach to different regional regulations (CAFE, EU CO2 targets, China NEV), and opportunities from the low-carbon transition."
korean,kia,Discussion of strategy for managing fleet fuel economy and emissions risks and opportunities,Fuel Economy & Use-phase Emissions,Discussion of strategy for managing fleet fuel economy and emissions risks and opportunities,TR-AU-410a.3,36,kia_036,yes,N/A,N/A,True,Discussion and Analysis,n/a,fleet strategy|electrification|emissions regulations|CAFE compliance|CO2 targets|EV transition|product portfolio|regulatory risk|net zero vehicles,"Qualitative discussion of: strategy to manage fuel economy and emissions risks (regulatory exposure, carbon pricing), electrification roadmap (EV targets, investment plans), approach to different regional regulations (CAFE, EU CO2 targets, China NEV), and opportunities from the low-carbon transition."
korean,kia,Discussion of strategy for managing fleet fuel economy and emissions risks and opportunities,Fuel Economy & Use-phase Emissions,Discussion of strategy for managing fleet fuel economy and emissions risks and opportunities,TR-AU-410a.3,37,kia_037,yes,N/A,N/A,True,Discussion and Analysis,n/a,fleet strategy|electrification|emissions regulations|CAFE compliance|CO2 targets|EV transition|product portfolio|regulatory risk|net zero vehicles,"Qualitative discussion of: strategy to manage fuel economy and emissions risks (regulatory exposure, carbon pricing), electrification roadmap (EV targets, investment plans), approach to different regional regulations (CAFE, EU CO2 targets, China NEV), and opportunities from the low-carbon transition."
korean,kia,Discussion of strategy for managing fleet fuel economy and emissions risks and opportunities,Fuel Economy & Use-phase Emissions,Discussion of strategy for managing fleet fuel economy and emissions risks and opportunities,TR-AU-410a.3,38,kia_038,yes,N/A,N/A,True,Discussion and Analysis,n/a,fleet strategy|electrification|emissions regulations|CAFE compliance|CO2 targets|EV transition|product portfolio|regulatory risk|net zero vehicles,"Qualitative discussion of: strategy to manage fuel economy and emissions risks (regulatory exposure, carbon pricing), electrification roadmap (EV targets, investment plans), approach to different regional regulations (CAFE, EU CO2 targets, China NEV), and opportunities from the low-carbon transition."
korean,kia,Discussion of strategy for managing fleet fuel economy and emissions risks and opportunities,Fuel Economy & Use-phase Emissions,Discussion of strategy for managing fleet fuel economy and emissions risks and opportunities,TR-AU-410a.3,39,kia_039,yes,N/A,N/A,True,Discussion and Analysis,n/a,fleet strategy|electrification|emissions regulations|CAFE compliance|CO2 targets|EV transition|product portfolio|regulatory risk|net zero vehicles,"Qualitative discussion of: strategy to manage fuel economy and emissions risks (regulatory exposure, carbon pricing), electrification roadmap (EV targets, investment plans), approach to different regional regulations (CAFE, EU CO2 targets, China NEV), and opportunities from the low-carbon transition."
korean,kia,Description of the management of risks associated with the use of critical materials,Materials Sourcing,Description of the management of risks associated with the use of critical materials,TR-AU-440a.1,70,kia_070,yes,N/A,N/A,True,Discussion and Analysis,n/a,critical materials|conflict minerals|cobalt|lithium|rare earth|3TG|supply chain risk|responsible sourcing|battery materials|material sourcing,"Qualitative description of: identification of critical materials (cobalt, lithium, rare earths, 3TG for electronics), supply chain due diligence, responsible sourcing standards (RMI, OECD), supplier audits, geographic concentration risk, and strategies to reduce dependence on critical materials."
korean,kia,"Percentage of vehicle models rated by NCAP with an overall 5-star safety rating, by region",Product Safety,"Percentage of vehicle models rated by NCAP with an overall 5-star safety rating, by region",TR-AU-250a.1,132,kia_132,no,100|100|100|57.89,%|%|%|%,True,Quantitative,Percentage (%),NCAP|5-star safety|vehicle safety rating|crash test|safety rating|Euro NCAP|US NCAP|safety performance,"Percentage of vehicle models (that have been rated) achieving an overall 5-star rating from New Car Assessment Programme (NCAP), disaggregated by region (US NCAP, Euro NCAP, ANCAP, etc.). Reflects the safety quality of the vehicle fleet."
korean,kia,"(1) Number of safety-related defect complaints, (2) percentage investigated",Product Safety,"(1) Number of safety-related defect complaints, (2) percentage investigated",TR-AU-250a.1,132,kia_132,no,"3,981|전수",건|n/a,False,Quantitative,Percentage (%),NCAP|5-star safety|vehicle safety rating|crash test|safety rating|Euro NCAP|US NCAP|safety performance,"Percentage of vehicle models (that have been rated) achieving an overall 5-star rating from New Car Assessment Programme (NCAP), disaggregated by region (US NCAP, Euro NCAP, ANCAP, etc.). Reflects the safety quality of the vehicle fleet."
korean,kia,Number of vehicles recalled,Product Safety,Number of vehicles recalled,TR-AU-250a.3,80,kia_080,no,751,만 대,True,Quantitative,Number,vehicle recall|safety recall|NHTSA recall|defect recall|recall campaign|safety defect|recall volume,Total number of vehicles recalled during the reporting period due to safety-related defects. Includes voluntary and mandatory recalls across all markets. Large recall volumes may indicate quality or safety management weaknesses.
korean,kia,Number of vehicles recalled,Product Safety,Number of vehicles recalled,TR-AU-250a.3,121,kia_121,no,751,만 대,True,Quantitative,Number,vehicle recall|safety recall|NHTSA recall|defect recall|recall campaign|safety defect|recall volume,Total number of vehicles recalled during the reporting period due to safety-related defects. Includes voluntary and mandatory recalls across all markets. Large recall volumes may indicate quality or safety management weaknesses.
korean,kia,Number of vehicles recalled,Product Safety,Number of vehicles recalled,TR-AU-250a.3,132,kia_132,no,751,만 대,True,Quantitative,Number,vehicle recall|safety recall|NHTSA recall|defect recall|recall campaign|safety defect|recall volume,Total number of vehicles recalled during the reporting period due to safety-related defects. Includes voluntary and mandatory recalls across all markets. Large recall volumes may indicate quality or safety management weaknesses.
korean,kia,Percentage of active workforce employed under collective agreements,Labour Practices,Percentage of active workforce employed under collective agreements,TR-AU-440b.1,132,kia_132,no,82.1,%,True,Quantitative,Metric tons (t)|Percentage (%),manufacturing waste|waste recycling|zero waste|waste to landfill|metal scrap|recycling rate|waste diversion,Two values: (1) total weight of waste generated in manufacturing operations in metric tons; (2) percentage of that waste recycled or recovered. Manufacturing automotive components generates significant scrap metal and other wastes.
korean,kia,(1) Number of work stoppages and (2) total days idle,Labour Practices,(1) Number of work stoppages and (2) total days idle,TR-AU-440b.1,132,kia_132,no,"1|1,445",건|일,True,Quantitative,Metric tons (t)|Percentage (%),manufacturing waste|waste recycling|zero waste|waste to landfill|metal scrap|recycling rate|waste diversion,Two values: (1) total weight of waste generated in manufacturing operations in metric tons; (2) percentage of that waste recycled or recovered. Manufacturing automotive components generates significant scrap metal and other wastes.
korean,kia,"Sales-weighted average passenger fleet fuel economy, by region",Fuel Economy & Use-phase Emissions,"Sales-weighted average passenger fleet fuel economy, by region",TR-AU-410a.1,132,kia_132,no,101.0| 47.9|  36.7,Grams of CO2 / Kilometer| MPG| MPG,True,Quantitative,Litres per 100 kilometres (L/100km)|Miles per gallon (mpg)|Kilometres per litre (km/L),fuel economy|fuel efficiency|CAFE|fleet average|CO2 per km|passenger cars|light vehicles|mpg|gCO2/km,"Sales-weighted average fuel economy of the passenger vehicle fleet, disaggregated by region (US, EU, China, Japan, etc.). May be reported in L/100km, gCO2/km, or mpg depending on region. Reflects compliance with fuel economy and emissions regulations."
korean,kia,"Number of (1) zero emission vehicles (ZEV), (2) hybrid vehicles and (3) plug-in hybrid vehicles sold",Fuel Economy & Use-phase Emissions,"Number of (1) zero emission vehicles (ZEV), (2) hybrid vehicles and (3) plug-in hybrid vehicles sold",TR-AU-410a.2,112,kia_112,no,"181,934| 305,585| 88,254",대| 대| 대,True,Quantitative,Number,ZEV|zero emission vehicles|EV|electric vehicles|hybrid|PHEV|plug-in hybrid|BEV|battery electric|low emission vehicles,"Three separate counts: (1) zero emission vehicles sold (BEV, FCEV); (2) hybrid electric vehicles (HEV); (3) plug-in hybrid electric vehicles (PHEV). Reflects the transition to electrification and progress toward low-emission fleet."
korean,kia,"Number of (1) zero emission vehicles (ZEV), (2) hybrid vehicles and (3) plug-in hybrid vehicles sold",Fuel Economy & Use-phase Emissions,"Number of (1) zero emission vehicles (ZEV), (2) hybrid vehicles and (3) plug-in hybrid vehicles sold",TR-AU-410a.2,132,kia_132,no,"181,934| 305,585| 88,254",대| 대| 대,True,Quantitative,Number,ZEV|zero emission vehicles|EV|electric vehicles|hybrid|PHEV|plug-in hybrid|BEV|battery electric|low emission vehicles,"Three separate counts: (1) zero emission vehicles sold (BEV, FCEV); (2) hybrid electric vehicles (HEV); (3) plug-in hybrid electric vehicles (PHEV). Reflects the transition to electrification and progress toward low-emission fleet."
korean,kia,Discussion of strategy for managing fleet fuel economy and emissions risks and opportunities,Fuel Economy & Use-phase Emissions,Discussion of strategy for managing fleet fuel economy and emissions risks and opportunities,TR-AU-410a.3,40,kia_040,no,N/A,N/A,True,Discussion and Analysis,n/a,fleet strategy|electrification|emissions regulations|CAFE compliance|CO2 targets|EV transition|product portfolio|regulatory risk|net zero vehicles,"Qualitative discussion of: strategy to manage fuel economy and emissions risks (regulatory exposure, carbon pricing), electrification roadmap (EV targets, investment plans), approach to different regional regulations (CAFE, EU CO2 targets, China NEV), and opportunities from the low-carbon transition."
korean,kia,Discussion of strategy for managing fleet fuel economy and emissions risks and opportunities,Fuel Economy & Use-phase Emissions,Discussion of strategy for managing fleet fuel economy and emissions risks and opportunities,TR-AU-410a.3,132,kia_132,no,N/A,N/A,True,Discussion and Analysis,n/a,fleet strategy|electrification|emissions regulations|CAFE compliance|CO2 targets|EV transition|product portfolio|regulatory risk|net zero vehicles,"Qualitative discussion of: strategy to manage fuel economy and emissions risks (regulatory exposure, carbon pricing), electrification roadmap (EV targets, investment plans), approach to different regional regulations (CAFE, EU CO2 targets, China NEV), and opportunities from the low-carbon transition."
korean,kia,Description of the management of risks associated with the use of critical materials,Materials Sourcing,Description of the management of risks associated with the use of critical materials,TR-AU-440a.1,132,kia_132,no,N/A,N/A,True,Discussion and Analysis,n/a,critical materials|conflict minerals|cobalt|lithium|rare earth|3TG|supply chain risk|responsible sourcing|battery materials|material sourcing,"Qualitative description of: identification of critical materials (cobalt, lithium, rare earths, 3TG for electronics), supply chain due diligence, responsible sourcing standards (RMI, OECD), supplier audits, geographic concentration risk, and strategies to reduce dependence on critical materials."
korean,kia,"(1) Total amount of waste from manufacturing, (2) percentage recycled",Materials Efficiency & Recycling,"(1) Total amount of waste from manufacturing, (2) percentage recycled",TR-AU-440b.1,53,kia_053,no,"231,938| 93.4",ton| %,True,Quantitative,Metric tons (t)|Percentage (%),manufacturing waste|waste recycling|zero waste|waste to landfill|metal scrap|recycling rate|waste diversion,Two values: (1) total weight of waste generated in manufacturing operations in metric tons; (2) percentage of that waste recycled or recovered. Manufacturing automotive components generates significant scrap metal and other wastes.
korean,kia,"(1) Total amount of waste from manufacturing, (2) percentage recycled",Materials Efficiency & Recycling,"(1) Total amount of waste from manufacturing, (2) percentage recycled",TR-AU-440b.1,132,kia_132,no,"231,938|  93.4",톤| %,True,Quantitative,Metric tons (t)|Percentage (%),manufacturing waste|waste recycling|zero waste|waste to landfill|metal scrap|recycling rate|waste diversion,Two values: (1) total weight of waste generated in manufacturing operations in metric tons; (2) percentage of that waste recycled or recovered. Manufacturing automotive components generates significant scrap metal and other wastes.
korean,kia,"(1) Weight of end-of-life material recovered, (2) percentage recycled",Materials Efficiency & Recycling,"(1) Weight of end-of-life material recovered, (2) percentage recycled",TR-AU-440b.2,53,kia_053,no,"199,871|  82.5",ton| %,False,Quantitative,Metric tons (t)|Percentage (%),end-of-life vehicles|ELV|material recovery|vehicle recycling|shredder residue|reuse|recycled materials|circular economy,Two values: (1) total weight of material recovered from end-of-life vehicles in metric tons; (2) percentage of recovered material that is recycled (vs. landfilled or incinerated). EU ELV Directive requires 85% reuse/recycle and 95% reuse/recovery.
korean,kia,"(1) Weight of end-of-life material recovered, (2) percentage recycled",Materials Efficiency & Recycling,"(1) Weight of end-of-life material recovered, (2) percentage recycled",TR-AU-440b.2,132,kia_132,no,n/a| 95,n/a| %,False,Quantitative,Metric tons (t)|Percentage (%),end-of-life vehicles|ELV|material recovery|vehicle recycling|shredder residue|reuse|recycled materials|circular economy,Two values: (1) total weight of material recovered from end-of-life vehicles in metric tons; (2) percentage of recovered material that is recycled (vs. landfilled or incinerated). EU ELV Directive requires 85% reuse/recycle and 95% reuse/recovery.
korean,kia,Average recyclability of vehicles sold,Materials Efficiency & Recycling,Average recyclability of vehicles sold,TR-AU-440b.3,132,kia_132,no,91,%,False,Quantitative,Percentage (%),vehicle recyclability|recyclable content|ELV directive|design for recyclability|material composition|end-of-life recyclability,"Sales-weighted average recyclability of vehicles (percentage of vehicle weight that is recyclable or reusable at end of life), calculated per standards such as ISO 22628 or EU ELV Directive methodology."
thai,cpall,CG-MR-130a.1,Energy Management in Retail & Distribution,Total energy consumed,CG-MR-130a.1,287,cpall_287,yes,"15,650,591.42",Gigajoules (GJ),True,Quantitative,Gigajoules (GJ)|Percentage (%),energy consumption|grid electricity|renewable energy|electricity|natural gas|energy intensity|energy management,"Three values: (1) total energy consumed in GJ (includes electricity, heating/cooling, fuel for owned operations); (2) percentage that is grid electricity; (3) percentage that is renewable (wind, solar, geothermal, biomass, certified RECs). Scope: all retail/distribution facilities owned or leased."
thai,cpall,Labour Practices_Average hourly wage,Labour Practices,Average hourly wage,CG-MR-310a.1,29,cpall_029,yes but not complete,"194,185.67",Presentation currency,False,Quantitative,Presentation currency|Percentage (%),hourly wage|minimum wage|in-store employees|retail workers|compensation|living wage|wage by region,Two values disaggregated by region: (1) average hourly wage of in-store (non-managerial) employees in presentation currency; (2) percentage of in-store employees earning at or near minimum wage. Includes part-time and full-time hourly workers. EXCLUDES managers and corporate staff.
thai,cpall,CG-MR-330a.1,Workforce Diversity & Inclusion,Percentage of gender for non-executive management,CG-MR-330a.1,293,cpall_293,yes but not complete,"1,746 4,221",Percentage (%),False,Quantitative,Percentage (%),gender diversity|racial diversity|ethnic diversity|representation|management diversity|inclusion|workforce demographics|women in management,Percentage representation broken down by gender and racial/ethnic group for two categories: (1) management-level employees; (2) all other (non-management) employees. Reported separately for each demographic group.
thai,cpall,CG-MR-330a.1,Workforce Diversity & Inclusion,Percentage of diversity group representation for executive management,CG-MR-330a.1,293,cpall_293,yes but not complete,N/A,Percentage (%),False,Quantitative,Percentage (%),gender diversity|racial diversity|ethnic diversity|representation|management diversity|inclusion|workforce demographics|women in management,Percentage representation broken down by gender and racial/ethnic group for two categories: (1) management-level employees; (2) all other (non-management) employees. Reported separately for each demographic group.
thai,cpall,CG-MR-330a.1,Workforce Diversity & Inclusion,Percentage of diversity group representation for non-executive management,CG-MR-330a.1,293,cpall_293,yes but not complete,N/A,Percentage (%),False,Quantitative,Percentage (%),gender diversity|racial diversity|ethnic diversity|representation|management diversity|inclusion|workforce demographics|women in management,Percentage representation broken down by gender and racial/ethnic group for two categories: (1) management-level employees; (2) all other (non-management) employees. Reported separately for each demographic group.
thai,cpall,CG-MR-130a.1,Energy Management in Retail & Distribution,Total energy consumed,CG-MR-130a.1,288,cpall_288,no,"15,650,591.42",Gigajoules (GJ),True,Quantitative,Gigajoules (GJ)|Percentage (%),energy consumption|grid electricity|renewable energy|electricity|natural gas|energy intensity|energy management,"Three values: (1) total energy consumed in GJ (includes electricity, heating/cooling, fuel for owned operations); (2) percentage that is grid electricity; (3) percentage that is renewable (wind, solar, geothermal, biomass, certified RECs). Scope: all retail/distribution facilities owned or leased."
thai,cpall,CG-MR-130a.1,Energy Management in Retail & Distribution,percentage grid electricity,CG-MR-130a.1,59,cpall_059,no,86.51,Percentage (%),True,Quantitative,Gigajoules (GJ)|Percentage (%),energy consumption|grid electricity|renewable energy|electricity|natural gas|energy intensity|energy management,"Three values: (1) total energy consumed in GJ (includes electricity, heating/cooling, fuel for owned operations); (2) percentage that is grid electricity; (3) percentage that is renewable (wind, solar, geothermal, biomass, certified RECs). Scope: all retail/distribution facilities owned or leased."
thai,cpall,CG-MR-130a.1,Energy Management in Retail & Distribution,percentage renewable,CG-MR-130a.1,59,cpall_059,no,6.58,Percentage (%),True,Quantitative,Gigajoules (GJ)|Percentage (%),energy consumption|grid electricity|renewable energy|electricity|natural gas|energy intensity|energy management,"Three values: (1) total energy consumed in GJ (includes electricity, heating/cooling, fuel for owned operations); (2) percentage that is grid electricity; (3) percentage that is renewable (wind, solar, geothermal, biomass, certified RECs). Scope: all retail/distribution facilities owned or leased."
thai,cpall,Labour Practices_Average hourly wage,Labour Practices,Average hourly wage,CG-MR-310a.1,30,cpall_030,no,"194,185.67",Presentation currency,False,Quantitative,Presentation currency|Percentage (%),hourly wage|minimum wage|in-store employees|retail workers|compensation|living wage|wage by region,Two values disaggregated by region: (1) average hourly wage of in-store (non-managerial) employees in presentation currency; (2) percentage of in-store employees earning at or near minimum wage. Includes part-time and full-time hourly workers. EXCLUDES managers and corporate staff.
thai,cpall,CG-MR-330a.1,Workforce Diversity & Inclusion,Percentage of gender for executive management,CG-MR-330a.1,192,cpall_192,no,60.33,Percentage (%),True,Quantitative,Percentage (%),gender diversity|racial diversity|ethnic diversity|representation|management diversity|inclusion|workforce demographics|women in management,Percentage representation broken down by gender and racial/ethnic group for two categories: (1) management-level employees; (2) all other (non-management) employees. Reported separately for each demographic group.
thai,cpall,CG-MR-330a.1,Workforce Diversity & Inclusion,Percentage of gender for non-executive management,CG-MR-330a.1,295,cpall_295,no,"1,746 4,221",Percentage (%),False,Quantitative,Percentage (%),gender diversity|racial diversity|ethnic diversity|representation|management diversity|inclusion|workforce demographics|women in management,Percentage representation broken down by gender and racial/ethnic group for two categories: (1) management-level employees; (2) all other (non-management) employees. Reported separately for each demographic group.
thai,cpall,CG-MR-330a.1,Workforce Diversity & Inclusion,Percentage of gender for all other employees,CG-MR-330a.1,192,cpall_192,no,63.69,Percentage (%),True,Quantitative,Percentage (%),gender diversity|racial diversity|ethnic diversity|representation|management diversity|inclusion|workforce demographics|women in management,Percentage representation broken down by gender and racial/ethnic group for two categories: (1) management-level employees; (2) all other (non-management) employees. Reported separately for each demographic group.
thai,cpall,CG-MR-330a.1,Workforce Diversity & Inclusion,Percentage of diversity group representation for executive management,CG-MR-330a.1,295,cpall_295,no,N/A,Percentage (%),False,Quantitative,Percentage (%),gender diversity|racial diversity|ethnic diversity|representation|management diversity|inclusion|workforce demographics|women in management,Percentage representation broken down by gender and racial/ethnic group for two categories: (1) management-level employees; (2) all other (non-management) employees. Reported separately for each demographic group.
thai,cpall,CG-MR-330a.1,Workforce Diversity & Inclusion,Percentage of diversity group representation for non-executive management,CG-MR-330a.1,295,cpall_295,no,N/A,Percentage (%),False,Quantitative,Percentage (%),gender diversity|racial diversity|ethnic diversity|representation|management diversity|inclusion|workforce demographics|women in management,Percentage representation broken down by gender and racial/ethnic group for two categories: (1) management-level employees; (2) all other (non-management) employees. Reported separately for each demographic group.
thai,cpall,CG-MR-330a.1,Workforce Diversity & Inclusion,Percentage of diversity group representation for all other employees,CG-MR-330a.1,295,cpall_295,no,N/A,Percentage (%),False,Quantitative,Percentage (%),gender diversity|racial diversity|ethnic diversity|representation|management diversity|inclusion|workforce demographics|women in management,Percentage representation broken down by gender and racial/ethnic group for two categories: (1) management-level employees; (2) all other (non-management) employees. Reported separately for each demographic group.
thai,cpall,CG-MR-410a.3,"Product Sourcing, Packaging & Marketing",Discussion of strategies to reduce the environmental impact of packaging,CG-MR-410a.3,73,cpall_073,no,บริษัทให้การสนับสนุนและพัฒนาด้านบรรจุภัณฑ์ นวัตกรรม และวัสดุทางเลือก (alternative packaging solutions) ตั้งแต่กระบวนการออกแบบ การผลิต และการจัดการห่วงโซ่อุปทานให้มีประสิทธิภาพสามารถดำเนินกิจกรรมทางธุรกิจสอดรับกับหลักการขยายความรับผิดชอบของผู้ผลิต (Extended producer Responsibitliy: EPR) โดยการประกาศนโยบายและกำหนดเป้าหมายร้อยละ 100 ของบรรจุภัณฑืที่อยู่ในการควบคุมของบริษัทต้องสามารถนำกลับมาใช้ซ้ำหรือนำมาใช้ใหม่ หรือสามารถสลายตัวได้ทางชีวภาพ การติดตั้งระบบการนำกลับ (Take-Back System) สำหรับบรรจุภัณฑ์ที่ใช้แล้ว เพื่อนำเข้าสู่กระวนการนำกลับมาใช้ใหม่ (Recycling) หรือการนำกลับมาใช้ซ้ำ (Resue) การสร้างความร่วมมือกับคู่ค้าเพื่อพัมนาระบบรีไซเคิลขยะบรรจุภัณฑ์ให้มีประสิทธภาพมากขึ้น รวมถึงการจัดตั้งคณะทำงานเพื่อการจัดการบรรจุภัณฑ์ที่ยั่งยืนและติดตามการเปลี่ยนแปลงของหลักการดังกล่าวที่อาจประกาศใช้เป็นข้อกฎหายในอนาคตซึ่งอาจส่งผลกระทบต่อการเพิ่มขึ้นของต้นทุนการดำเนินงานจากค่าธรรมเนียมการจัดการขยะให้กับองค์กรกลาง และเพื่อลดผลกระทบต่อบริษัทในด้านชื่อเสียง บริษัทจึงมุ่งมั่นดำเนินงานอย่างรับผิดชอบตลอดห่วงโซ่อุปทาน ที่อาจส่งผลกระทบต่อสิ่งแวดล้อม เช่น ปัญหาบรรจุภัณฑ์ทางเลือกที่รีไซเคิลได้แต่มีน้ำหนักมากส่งผลต่อการปล่อยก๊าซเรือนกระจกในกระบวนการขนส่งเพิ่มขึ้น ปัญหาบรรจุภัณฑ์ทางเลือกที่มีน้ำหนักเบา ลดการใช้ทรัพยากรและต้นทุน แต่มีความยุ่งยากในกระบวนการรีไซเคิล หรือปัญหาบรรจุภัณฑ์ที่เป็นมิตรต่อสิ่งแวดล้อมแต่ขาดประสิทธิภาพในการใช้งานจริง เป็นต้น,N/A,True,Discussion and Analysis,n/a,packaging|sustainable packaging|recycled content|recyclable|packaging reduction|plastic|packaging waste|extended producer responsibility,"Qualitative discussion of strategies to reduce environmental impact of product packaging, including: reducing packaging material, increasing recycled content, improving recyclability, eliminating harmful materials, take-back programmes, and compliance with extended producer responsibility regulations."
thai,cpall,CG-MR-000.A,Activity,Number of retail locations,CG-MR-000.A,9,cpall_009,no,"165 15,245 2,483",Number,True,Quantitative,Number,retail locations|stores|distribution centres|warehouses|outlets,N/A
thai,crc,CG-MR-230a.1,Data Security,Description of approach to identifying and addressing data security risks,CG-MR-230a.1,57,crc_057,yes,บริษัทฯ ได้ปรับใช้แนวทางการบริหารจัดการความเสี่ยง เพื่อปกป้องและจัดการสภาพแวดล้อมของข้อมูลให้ทันกับสถานการณ์ โดยการบริหารสมดุลระหว่างการควบคุมและการใช้งานระบบ บริษัทฯ ได้จัดลำดับความสำคัญของข้อมูลที่มีความละเอียดอ่อนตามระดับความเสี่ยงให้สามารถนำไปกำหนดระดับการป้องกันและมาตรการได้อย่างเหมาะสม มาตรการความมั่นคงทางไซเบอร์อื่น ๆ ที่ถูกนำมาใช้ยังรวมถึงการจัดการช่องโหว่ของเซิร์ฟเวอร์ การตรวจจับและตอบสนองต่อภัยคุกคามและการป้องกันไวรัสบนอุปกรณ์ของผู้ใช้ปลายทาง และการเข้ารหัสข้อมูล นอกจากนี้ มาตรการรักษาความมั่นคงปลอดภัยไซเบอร์ยังควรถูกรวมเข้าเป็นส่วนหนึ่งของการจัดการทรัพยากรทางเทคโนโลยีสารสนเทศตลอดวงจรการใช้งาน ตั้งแต่กระบวนการจัดซื้อจัดหาไปจนถึงการทำลาย ในส่วนความปลอดภัยทางกายภาพบริษัทฯ ได้ดำเนินการย้ายระบบสารสนเทศไปศูนย์คอมพิวเตอร์ที่มีมาตรฐานทั้งกระบวนการและระบบรักษาความมั่นคงปลอดภัยในระดับสากล เพื่อป้องกันความเสียหายทางกายภาพที่อาจเกิดขึ้นได้ ทั้งจากไฟไหม้ น้ำท่วม และเหตุฉุกเฉินอื่น ๆ รวมถึงการบุกรุกเข้าสู่ระบบโดยไม่ได้รับอนุญาต,N/A,True,Discussion and Analysis,n/a,data security|cybersecurity|PCI DSS|payment card|customer data|vulnerability|breach prevention|risk management|encryption|access controls,"Qualitative description of approach to identifying and addressing data security risks, including: governance structure for cybersecurity, policies and procedures, frameworks used (PCI DSS, ISO/IEC 27001, NIST), third-party risk management, employee training, and response plans for breaches."
thai,crc,CG-MR-230a.2,Data Security,Number of data breaches,CG-MR-230a.2,58,crc_058,yes,3,Number,True,Quantitative,Number|Percentage (%),data breach|PII|personally identifiable information|payment card data|cybersecurity incident|unauthorised access|customer records,"Two values: (1) total number of data breaches during the reporting period; (2) percentage of those breaches involving personally identifiable information (PII) including payment card data, names, addresses, account numbers. Must describe corrective actions taken."
thai,crc,CG-MR-230a.2,Data Security,percentage that are personal data breaches,CG-MR-230a.2,58,crc_058,yes but not complete,3,Percentage (%),False,Quantitative,Number|Percentage (%),data breach|PII|personally identifiable information|payment card data|cybersecurity incident|unauthorised access|customer records,"Two values: (1) total number of data breaches during the reporting period; (2) percentage of those breaches involving personally identifiable information (PII) including payment card data, names, addresses, account numbers. Must describe corrective actions taken."
thai,crc,CG-MR-230a.2,Data Security,number of customers affected,CG-MR-230a.2,58,crc_058,yes,0,Number,True,Quantitative,Number|Percentage (%),data breach|PII|personally identifiable information|payment card data|cybersecurity incident|unauthorised access|customer records,"Two values: (1) total number of data breaches during the reporting period; (2) percentage of those breaches involving personally identifiable information (PII) including payment card data, names, addresses, account numbers. Must describe corrective actions taken."
thai,crc,CG-MR-410a.3,"Product Sourcing, Packaging & Marketing",Discussion of strategies to reduce the environmental impact of packaging,CG-MR-410a.3,21,crc_021,yes,"บริษัทฯ ตระหนักถึงความสำคัญของการจัดการบรรจุภัณฑ์อย่างยั่งยืนเพื่อสนับสนุนการดำเนินธุรกิจที่เป็นมิตรต่อสิ่งแวดล้อม บริษัทฯ มุ่งมั่นที่จะลดปริมาณขยะจากบรรจุภัณฑ์ เพิ่มการใช้บรรจุภัณฑ์ที่สามารถนำกลับมาใช้ใหม่และรีไซเคิลได้ รวมถึงส่งเสริมทางเลือกที่เป็นนวัตกรรมเพื่อลดผลกระทบต่อสิ่งแวดล้อม บริษัทฯ ได้กำหนดเป้าหมายในการยกเลิกการใช้บรรจุภัณฑ์พลาสติกแบบใช้ครั้งเดียว และใช้บรรจุภัณฑ์ที่เป็นมิตรต่อสิ่งแวดล้อมระยะ 100 ภายในปี 2573 โดยได้ดำเนินมาตรการด้านการจัดการจัดการบรรจุภัณฑ์ ดังนี้

1.การยกเลิกการใช้บรรจุภัณฑ์พลาสติกแบบใช้ครั้งเดียว
โครงการ “Say No to Plastic Bags” มุ่งยกเลิกการใช้บรรจุภัณฑ์พลาสติกแบบใช้ครั้งเดียว โดยส่งเสริมให้ใช้วัสดุทดแทนที่เป็นมิตรกับสิ่งแวดล้อม และกำหนดนโยบายเพื่อจุดเลิกและยกเลิกการใช้ถุงพลาสติกและบรรจุภัณฑ์พลาสติกแบบใช้ครั้งเดียว

2.การเพิ่มการใช้บรรจุภัณฑ์ที่นำกลับมาใช้ซ้ำได้
โครงการ “Bring Your Own Bag” ส่งเสริมให้ลูกค้าและพนักงานใช้บรรจุภัณฑ์ที่สามารถนำกลับมาใช้ใหม่ได้ เช่น ถุงผ้า และบรรจุภัณฑ์แบบฝากลับมาใช้ซ้ำ เพื่อส่งเสริมพฤติกรรมการพกพาภาชนะไปเองล่วงหน้า

3.การเพิ่มการใช้บรรจุภัณฑ์ที่ผลิตจากวัสดุรีไซเคิลและสามารถรีไซเคิลได้
โครงการ “Bag for Life” สนับสนุนการใช้บรรจุภัณฑ์จากถุงผ้าที่ใช้ได้หลายครั้งและสามารถรีไซเคิลได้ รวมถึงบรรจุภัณฑ์ที่ผลิตจากวัสดุรีไซเคิล เพื่อลดผลกระทบด้านสิ่งแวดล้อมของบรรจุภัณฑ์

4.การร่วมบรรจุภัณฑ์เข้าสู่กระบวนการรีไซเคิลและอัพไซเคิล
ร่วมมือกับองค์กรภายนอกเพื่อพัฒนาโครงการรีไซเคิลและอัพไซเคิล ที่สามารถนำบรรจุภัณฑ์ที่ใช้แล้วมาผลิตเป็นสินค้า หรือวัสดุใหม่ ซึ่งช่วยเพิ่มประสิทธิภาพของกระบวนการรีไซเคิลและช่วยให้เกิดเศรษฐกิจหมุนเวียนที่ยั่งยืน

5.การวิจัยและพัฒนานวัตกรรมบรรจุภัณฑ์ยั่งยืน
จัดสรรทรัพยากรเพื่อสนับสนุนการวิจัยและพัฒนาบรรจุภัณฑ์ โดยมุ่งเน้นการใช้วัสดุที่ย่อยสลายได้ง่าย ปรับปรุงรูปแบบดีไซน์ของวัสดุรีไซเคิล และออกแบบบรรจุภัณฑ์ให้ใช้วัสดุน้อยลงแต่มีประสิทธิภาพในการใช้งาน",N/A,True,Discussion and Analysis,n/a,packaging|sustainable packaging|recycled content|recyclable|packaging reduction|plastic|packaging waste|extended producer responsibility,"Qualitative discussion of strategies to reduce environmental impact of product packaging, including: reducing packaging material, increasing recycled content, improving recyclability, eliminating harmful materials, take-back programmes, and compliance with extended producer responsibility regulations."
thai,crc,CG-MR-000.A,Activity,Number of retail locations,CG-MR-000.A,8,crc_008,yes,1888,Number,True,Quantitative,Number,retail locations|stores|distribution centres|warehouses|outlets,N/A
thai,crc,CG-MR-000.A,Activity,Number of distribution centres,CG-MR-000.A,8,crc_008,yes,33,Number,True,Quantitative,Number,retail locations|stores|distribution centres|warehouses|outlets,N/A
thai,crc,CG-MR-000.B,Activity,Total area of retail space,CG-MR-000.B,8,crc_008,yes,3305007,Square metres (m²),True,Quantitative,Square metres (m²),retail space|floor area|distribution centre area|square metres|store size,N/A
thai,crc,CG-MR-230a.1,Data Security,Description of approach to identifying and addressing data security risks,CG-MR-230a.1,58,crc_058,no,บริษัทฯ ได้ปรับใช้แนวทางการบริหารจัดการความเสี่ยง เพื่อปกป้องและจัดการสภาพแวดล้อมของข้อมูลให้ทันกับสถานการณ์ โดยการบริหารสมดุลระหว่างการควบคุมและการใช้งานระบบ บริษัทฯ ได้จัดลำดับความสำคัญของข้อมูลที่มีความละเอียดอ่อนตามระดับความเสี่ยงให้สามารถนำไปกำหนดระดับการป้องกันและมาตรการได้อย่างเหมาะสม มาตรการความมั่นคงทางไซเบอร์อื่น ๆ ที่ถูกนำมาใช้ยังรวมถึงการจัดการช่องโหว่ของเซิร์ฟเวอร์ การตรวจจับและตอบสนองต่อภัยคุกคามและการป้องกันไวรัสบนอุปกรณ์ของผู้ใช้ปลายทาง และการเข้ารหัสข้อมูล นอกจากนี้ มาตรการรักษาความมั่นคงปลอดภัยไซเบอร์ยังควรถูกรวมเข้าเป็นส่วนหนึ่งของการจัดการทรัพยากรทางเทคโนโลยีสารสนเทศตลอดวงจรการใช้งาน ตั้งแต่กระบวนการจัดซื้อจัดหาไปจนถึงการทำลาย ในส่วนความปลอดภัยทางกายภาพบริษัทฯ ได้ดำเนินการย้ายระบบสารสนเทศไปศูนย์คอมพิวเตอร์ที่มีมาตรฐานทั้งกระบวนการและระบบรักษาความมั่นคงปลอดภัยในระดับสากล เพื่อป้องกันความเสียหายทางกายภาพที่อาจเกิดขึ้นได้ ทั้งจากไฟไหม้ น้ำท่วม และเหตุฉุกเฉินอื่น ๆ รวมถึงการบุกรุกเข้าสู่ระบบโดยไม่ได้รับอนุญาต,N/A,True,Discussion and Analysis,n/a,data security|cybersecurity|PCI DSS|payment card|customer data|vulnerability|breach prevention|risk management|encryption|access controls,"Qualitative description of approach to identifying and addressing data security risks, including: governance structure for cybersecurity, policies and procedures, frameworks used (PCI DSS, ISO/IEC 27001, NIST), third-party risk management, employee training, and response plans for breaches."
thai,crc,CG-MR-230a.2,Data Security,Number of data breaches,CG-MR-230a.2,59,crc_059,no,3,Number,True,Quantitative,Number|Percentage (%),data breach|PII|personally identifiable information|payment card data|cybersecurity incident|unauthorised access|customer records,"Two values: (1) total number of data breaches during the reporting period; (2) percentage of those breaches involving personally identifiable information (PII) including payment card data, names, addresses, account numbers. Must describe corrective actions taken."
thai,crc,CG-MR-230a.2,Data Security,percentage that are personal data breaches,CG-MR-230a.2,59,crc_059,no,3,Percentage (%),False,Quantitative,Number|Percentage (%),data breach|PII|personally identifiable information|payment card data|cybersecurity incident|unauthorised access|customer records,"Two values: (1) total number of data breaches during the reporting period; (2) percentage of those breaches involving personally identifiable information (PII) including payment card data, names, addresses, account numbers. Must describe corrective actions taken."
thai,crc,CG-MR-230a.2,Data Security,number of customers affected,CG-MR-230a.2,59,crc_059,no,0,Number,True,Quantitative,Number|Percentage (%),data breach|PII|personally identifiable information|payment card data|cybersecurity incident|unauthorised access|customer records,"Two values: (1) total number of data breaches during the reporting period; (2) percentage of those breaches involving personally identifiable information (PII) including payment card data, names, addresses, account numbers. Must describe corrective actions taken."
thai,crc,CG-MR-310a.2,Labour Practices,Voluntary turnover rate for in-store and distribution centre employees,CG-MR-310a.2,48,crc_048,no,37,Percentage (%),True,Quantitative,Percentage (%),turnover rate|employee turnover|voluntary turnover|involuntary turnover|in-store employees|attrition|retention,Percentage turnover rates reported separately for: (1) voluntary turnover (employee-initiated departures); (2) involuntary turnover (employer-initiated separations). Calculated as number of departures divided by average headcount. Scope: in-store non-managerial employees.
thai,crc,CG-MR-310a.2,Labour Practices,involuntary turnover rate for in-store and distribution centre employees,CG-MR-310a.2,48,crc_048,no,39,Percentage (%),True,Quantitative,Percentage (%),turnover rate|employee turnover|voluntary turnover|involuntary turnover|in-store employees|attrition|retention,Percentage turnover rates reported separately for: (1) voluntary turnover (employee-initiated departures); (2) involuntary turnover (employer-initiated separations). Calculated as number of departures divided by average headcount. Scope: in-store non-managerial employees.
thai,crc,CG-MR-330a.1,Workforce Diversity & Inclusion,Percentage of gender for executive management,CG-MR-330a.1,31,crc_031,no,50,Percentage (%),True,Quantitative,Percentage (%),gender diversity|racial diversity|ethnic diversity|representation|management diversity|inclusion|workforce demographics|women in management,Percentage representation broken down by gender and racial/ethnic group for two categories: (1) management-level employees; (2) all other (non-management) employees. Reported separately for each demographic group.
thai,icc,CG-MR-130a.1,Energy Management in Retail & Distribution,Total energy consumed,CG-MR-130a.1,89,icc_089,yes but not complete,2844133,Gigajoules (GJ),False,Quantitative,Gigajoules (GJ)|Percentage (%),energy consumption|grid electricity|renewable energy|electricity|natural gas|energy intensity|energy management,"Three values: (1) total energy consumed in GJ (includes electricity, heating/cooling, fuel for owned operations); (2) percentage that is grid electricity; (3) percentage that is renewable (wind, solar, geothermal, biomass, certified RECs). Scope: all retail/distribution facilities owned or leased."
thai,icc,CG-MR-130a.1,Energy Management in Retail & Distribution,percentage grid electricity,CG-MR-130a.1,89,icc_089,yes but not complete,"บริษัท ฯ ใช้พลังงานไฟฟ้า ทั้งสิ้น 4,168,000",Percentage (%),False,Quantitative,Gigajoules (GJ)|Percentage (%),energy consumption|grid electricity|renewable energy|electricity|natural gas|energy intensity|energy management,"Three values: (1) total energy consumed in GJ (includes electricity, heating/cooling, fuel for owned operations); (2) percentage that is grid electricity; (3) percentage that is renewable (wind, solar, geothermal, biomass, certified RECs). Scope: all retail/distribution facilities owned or leased."
thai,icc,Labour Practices_Average hourly wage,Labour Practices,Average hourly wage,CG-MR-310a.1,65,icc_065,no,"จำนวนค่าตอบแทน                    1,014,933,146",Presentation currency,,Quantitative,Presentation currency|Percentage (%),hourly wage|minimum wage|in-store employees|retail workers|compensation|living wage|wage by region,Two values disaggregated by region: (1) average hourly wage of in-store (non-managerial) employees in presentation currency; (2) percentage of in-store employees earning at or near minimum wage. Includes part-time and full-time hourly workers. EXCLUDES managers and corporate staff.
thai,icc,CG-MR-310a.2,Labour Practices,Voluntary turnover rate for in-store and distribution centre employees,CG-MR-310a.2,53,icc_053,yes,15.68,Percentage (%),True,Quantitative,Percentage (%),turnover rate|employee turnover|voluntary turnover|involuntary turnover|in-store employees|attrition|retention,Percentage turnover rates reported separately for: (1) voluntary turnover (employee-initiated departures); (2) involuntary turnover (employer-initiated separations). Calculated as number of departures divided by average headcount. Scope: in-store non-managerial employees.
thai,icc,CG-MR-410a.3,"Product Sourcing, Packaging & Marketing",Discussion of strategies to reduce the environmental impact of packaging,CG-MR-410a.3,47,icc_047,yes,"บริษัทฯ มุ่งมั่นส่งเสริมการสร้างความผูกพันหลังการขายและรักษาความสัมพันธ์อันดีในระยะยาวกับคู่ค้า และลูกค้าด้วย

จัดกระบวนการแลกเปลี่ยนองค์ความรู้ การจัดประชุมคู่ค้าเพื่อกำหนดแผนการดำเนินธุรกิจร่วมกัน
มุ่งมั่นพัฒนานวัตกรรมที่เป็นมิตรต่อสิ่งแวดล้อม รวมถึงเลือกใช้วัสดุที่สามารถใช้ซ้ำหรือนำกลับมาใช้ใหม่ได้",N/A,True,Discussion and Analysis,n/a,packaging|sustainable packaging|recycled content|recyclable|packaging reduction|plastic|packaging waste|extended producer responsibility,"Qualitative discussion of strategies to reduce environmental impact of product packaging, including: reducing packaging material, increasing recycled content, improving recyclability, eliminating harmful materials, take-back programmes, and compliance with extended producer responsibility regulations."
thai,icc,CG-MR-130a.1,Energy Management in Retail & Distribution,Total energy consumed,CG-MR-130a.1,90,icc_090,no,2844133,Gigajoules (GJ),False,Quantitative,Gigajoules (GJ)|Percentage (%),energy consumption|grid electricity|renewable energy|electricity|natural gas|energy intensity|energy management,"Three values: (1) total energy consumed in GJ (includes electricity, heating/cooling, fuel for owned operations); (2) percentage that is grid electricity; (3) percentage that is renewable (wind, solar, geothermal, biomass, certified RECs). Scope: all retail/distribution facilities owned or leased."
thai,icc,CG-MR-130a.1,Energy Management in Retail & Distribution,percentage grid electricity,CG-MR-130a.1,90,icc_090,no,"บริษัท ฯ ใช้พลังงานไฟฟ้า ทั้งสิ้น 4,168,000",Percentage (%),False,Quantitative,Gigajoules (GJ)|Percentage (%),energy consumption|grid electricity|renewable energy|electricity|natural gas|energy intensity|energy management,"Three values: (1) total energy consumed in GJ (includes electricity, heating/cooling, fuel for owned operations); (2) percentage that is grid electricity; (3) percentage that is renewable (wind, solar, geothermal, biomass, certified RECs). Scope: all retail/distribution facilities owned or leased."
thai,icc,CG-MR-230a.2,Data Security,Number of data breaches,CG-MR-230a.2,22,icc_022,no,0,Number,True,Quantitative,Number|Percentage (%),data breach|PII|personally identifiable information|payment card data|cybersecurity incident|unauthorised access|customer records,"Two values: (1) total number of data breaches during the reporting period; (2) percentage of those breaches involving personally identifiable information (PII) including payment card data, names, addresses, account numbers. Must describe corrective actions taken."
thai,icc,CG-MR-310a.2,Labour Practices,Voluntary turnover rate for in-store and distribution centre employees,CG-MR-310a.2,54,icc_054,no,15.68,Percentage (%),True,Quantitative,Percentage (%),turnover rate|employee turnover|voluntary turnover|involuntary turnover|in-store employees|attrition|retention,Percentage turnover rates reported separately for: (1) voluntary turnover (employee-initiated departures); (2) involuntary turnover (employer-initiated separations). Calculated as number of departures divided by average headcount. Scope: in-store non-managerial employees.
thai,icc,CG-MR-330a.1,Workforce Diversity & Inclusion,Percentage of gender for executive management,CG-MR-330a.1,53,icc_053,no,N/A,Percentage (%),False,Quantitative,Percentage (%),gender diversity|racial diversity|ethnic diversity|representation|management diversity|inclusion|workforce demographics|women in management,Percentage representation broken down by gender and racial/ethnic group for two categories: (1) management-level employees; (2) all other (non-management) employees. Reported separately for each demographic group.
thai,icc,CG-MR-330a.1,Workforce Diversity & Inclusion,Percentage of gender for non-executive management,CG-MR-330a.1,53,icc_053,no,"ชาย 272
หญิง 2203",Percentage (%),False,Quantitative,Percentage (%),gender diversity|racial diversity|ethnic diversity|representation|management diversity|inclusion|workforce demographics|women in management,Percentage representation broken down by gender and racial/ethnic group for two categories: (1) management-level employees; (2) all other (non-management) employees. Reported separately for each demographic group.
thai,icc,CG-MR-330a.1,Workforce Diversity & Inclusion,Percentage of gender for all other employees,CG-MR-330a.1,53,icc_053,no,ชาย       12.47%                                                                หญิง      87.53%,Percentage (%),True,Quantitative,Percentage (%),gender diversity|racial diversity|ethnic diversity|representation|management diversity|inclusion|workforce demographics|women in management,Percentage representation broken down by gender and racial/ethnic group for two categories: (1) management-level employees; (2) all other (non-management) employees. Reported separately for each demographic group.
thai,scm,CG-MR-130a.1,Energy Management in Retail & Distribution,Total energy consumed,CG-MR-130a.1,71,scm_071,yes but not complete,836624,Gigajoules (GJ),False,Quantitative,Gigajoules (GJ)|Percentage (%),energy consumption|grid electricity|renewable energy|electricity|natural gas|energy intensity|energy management,"Three values: (1) total energy consumed in GJ (includes electricity, heating/cooling, fuel for owned operations); (2) percentage that is grid electricity; (3) percentage that is renewable (wind, solar, geothermal, biomass, certified RECs). Scope: all retail/distribution facilities owned or leased."
thai,scm,CG-MR-130a.1,Energy Management in Retail & Distribution,percentage renewable,CG-MR-130a.1,72,scm_072,no,-,Percentage (%),,Quantitative,Gigajoules (GJ)|Percentage (%),energy consumption|grid electricity|renewable energy|electricity|natural gas|energy intensity|energy management,"Three values: (1) total energy consumed in GJ (includes electricity, heating/cooling, fuel for owned operations); (2) percentage that is grid electricity; (3) percentage that is renewable (wind, solar, geothermal, biomass, certified RECs). Scope: all retail/distribution facilities owned or leased."
thai,scm,CG-MR-230a.1,Data Security,Description of approach to identifying and addressing data security risks,CG-MR-230a.1,67,scm_067,yes,"บริษัทฯ ให้ความสำคัญกับ การเสริมสร้างความรู้ด้านความปลอดภัยทางไซเบอร์ แก่พนักงาน โดยมีเทคโนโลยีสารสนเทศจะต้องมีนโยบาย พร้อมแนวทางตอบโต้ความเสี่ยงไซเบอร์ ซึ่งพนักงานต้องได้เรียนแไม่น้อยกว่าร้อยละ 65 นอกจากนี้ บริษัทฯ ยังจัดให้มีกระบวน ความยินยอมในการใช้ข้อมูลส่วนบุคคล (Consent) จากพนักงานก่อนมีการใช้ข้อมูลดังกล่าว
โปรแกรมหรือซอฟต์แวร์ของบริษัทฯ เช่น Web Application และ Mobile Application และผลิตภัณฑ์ ไม่ปรากฏหลักฐานข้อมูลส่วนบุคคลได้เลย บริษัทฯ จัดจัดทำกระบวนการรักษาความปลอดภัยข้อมูล คัดกรองพนักงานยกเลิก แก้ไข หรือแจ้งปัญหาเกี่ยวกับข้อมูล โดยมีนโยบายการควบคุมสิทธิ์ให้การควบคุมการใช้งานในโปรแกรมต่างๆ นอกจากนี้ บริษัทฯ ยังได้แต่งตั้งเจ้าหน้าที่คุ้มครองข้อมูลส่วนบุคคล (CPO) เพื่อพิจารณาเรื่องร้องเรียนหรือตรวจสอบข้อมูล",N/A,True,Discussion and Analysis,n/a,data security|cybersecurity|PCI DSS|payment card|customer data|vulnerability|breach prevention|risk management|encryption|access controls,"Qualitative description of approach to identifying and addressing data security risks, including: governance structure for cybersecurity, policies and procedures, frameworks used (PCI DSS, ISO/IEC 27001, NIST), third-party risk management, employee training, and response plans for breaches."
thai,scm,CG-MR-230a.2,Data Security,Number of data breaches,CG-MR-230a.2,68,scm_068,yes,0,Number,True,Quantitative,Number|Percentage (%),data breach|PII|personally identifiable information|payment card data|cybersecurity incident|unauthorised access|customer records,"Two values: (1) total number of data breaches during the reporting period; (2) percentage of those breaches involving personally identifiable information (PII) including payment card data, names, addresses, account numbers. Must describe corrective actions taken."
thai,scm,CG-MR-000.A,Activity,Number of retail locations,CG-MR-000.A,20,scm_020,yes,22,Number,True,Quantitative,Number,retail locations|stores|distribution centres|warehouses|outlets,N/A
thai,scm,CG-MR-130a.1,Energy Management in Retail & Distribution,Total energy consumed,CG-MR-130a.1,72,scm_072,no,836624,Gigajoules (GJ),False,Quantitative,Gigajoules (GJ)|Percentage (%),energy consumption|grid electricity|renewable energy|electricity|natural gas|energy intensity|energy management,"Three values: (1) total energy consumed in GJ (includes electricity, heating/cooling, fuel for owned operations); (2) percentage that is grid electricity; (3) percentage that is renewable (wind, solar, geothermal, biomass, certified RECs). Scope: all retail/distribution facilities owned or leased."
thai,scm,CG-MR-230a.1,Data Security,Description of approach to identifying and addressing data security risks,CG-MR-230a.1,68,scm_068,no,"บริษัทฯ ให้ความสำคัญกับ การเสริมสร้างความรู้ด้านความปลอดภัยทางไซเบอร์ แก่พนักงาน โดยมีเทคโนโลยีสารสนเทศจะต้องมีนโยบาย พร้อมแนวทางตอบโต้ความเสี่ยงไซเบอร์ ซึ่งพนักงานต้องได้เรียนแไม่น้อยกว่าร้อยละ 65 นอกจากนี้ บริษัทฯ ยังจัดให้มีกระบวน ความยินยอมในการใช้ข้อมูลส่วนบุคคล (Consent) จากพนักงานก่อนมีการใช้ข้อมูลดังกล่าว
โปรแกรมหรือซอฟต์แวร์ของบริษัทฯ เช่น Web Application และ Mobile Application และผลิตภัณฑ์ ไม่ปรากฏหลักฐานข้อมูลส่วนบุคคลได้เลย บริษัทฯ จัดจัดทำกระบวนการรักษาความปลอดภัยข้อมูล คัดกรองพนักงานยกเลิก แก้ไข หรือแจ้งปัญหาเกี่ยวกับข้อมูล โดยมีนโยบายการควบคุมสิทธิ์ให้การควบคุมการใช้งานในโปรแกรมต่างๆ นอกจากนี้ บริษัทฯ ยังได้แต่งตั้งเจ้าหน้าที่คุ้มครองข้อมูลส่วนบุคคล (CPO) เพื่อพิจารณาเรื่องร้องเรียนหรือตรวจสอบข้อมูล",N/A,True,Discussion and Analysis,n/a,data security|cybersecurity|PCI DSS|payment card|customer data|vulnerability|breach prevention|risk management|encryption|access controls,"Qualitative description of approach to identifying and addressing data security risks, including: governance structure for cybersecurity, policies and procedures, frameworks used (PCI DSS, ISO/IEC 27001, NIST), third-party risk management, employee training, and response plans for breaches."
thai,scm,CG-MR-230a.2,Data Security,Number of data breaches,CG-MR-230a.2,69,scm_069,no,0,Number,True,Quantitative,Number|Percentage (%),data breach|PII|personally identifiable information|payment card data|cybersecurity incident|unauthorised access|customer records,"Two values: (1) total number of data breaches during the reporting period; (2) percentage of those breaches involving personally identifiable information (PII) including payment card data, names, addresses, account numbers. Must describe corrective actions taken."
thai,scm,CG-MR-330a.1,Workforce Diversity & Inclusion,Percentage of gender for all other employees,CG-MR-330a.1,87,scm_087,no,ชาย 40% หญิง 60%,Percentage (%),True,Quantitative,Percentage (%),gender diversity|racial diversity|ethnic diversity|representation|management diversity|inclusion|workforce demographics|women in management,Percentage representation broken down by gender and racial/ethnic group for two categories: (1) management-level employees; (2) all other (non-management) employees. Reported separately for each demographic group.
thai,scm,CG-MR-330a.1,Workforce Diversity & Inclusion,Percentage of diversity group representation for all other employees,CG-MR-330a.1,87,scm_087,no,"ภาคกลางและปริมณฑล 43
ภาคเหนือ 18
ภาคตะวันออกเฉียงเหนือ 16
ภาคกลาง 10
ภาคใต้ 8
ภาคตะวันออก 3",Percentage (%),True,Quantitative,Percentage (%),gender diversity|racial diversity|ethnic diversity|representation|management diversity|inclusion|workforce demographics|women in management,Percentage representation broken down by gender and racial/ethnic group for two categories: (1) management-level employees; (2) all other (non-management) employees. Reported separately for each demographic group.
thai,scm,CG-MR-000.A,Activity,Number of retail locations,CG-MR-000.A,21,scm_021,no,22,Number,True,Quantitative,Number,retail locations|stores|distribution centres|warehouses|outlets,N/A
thai,tisco,FN-CB-240a.4,Financial Inclusion & Capacity Building,"Number of participants in financial literacy initiatives for unbanked, underbanked, or underserved customers",FN-CB-240a.4,79,tisco_079,yes,773314,Number,True,Quantitative,Number,financial literacy|unbanked|underbanked|underserved|financial education|workshops|seminars|counselling,"Total number of unique individuals documented as participating in at least one financial literacy initiative during reporting period. Includes both direct and third-party initiatives contracted by the entity. Covers retail AND commercial customers (SMEs, minority-owned businesses)."
thai,tisco,FN-CB-410a.2,"Incorporation of Environmental, Social, and Governance Factors in Credit Analysis","Description of approach to incorporation of environmental, social and governance (ESG) factors in credit analysis",FN-CB-410a.2,41,tisco_041,yes,"กลุ่มทิสโก้ผนวกปัจจัยด้าน ESG เป็นส่วนหนึ่งในเกณฑ์การพิจารณาคัดเลือกคู่ค้ารายใหม่ นอกจากนี้ ในระหว่างการใช้บริการและเมื่อถึงรอบการทบทวนการใช้บริการ กลุ่มทิสโก้กำหนดระบบการติดตามทบทวนความเสี่ยงและคุณภาพการให้บริการ รวมถึงการดำเนินงานเกี่ยวกับ ESG ซึ่งจะมีผลต่อการพิจารณาต่ออายุหรือยกเลิกการใช้บริการ โดยกลุ่มทิสโก้กำหนดรายละเอียดการดำเนินงานตามระดับนัยสำคัญ (Service Criticality) ซึ่งครอบคลุมมิติด้านผลกระทบหากไม่สามารถดำเนินงานต่อเนื่องหรือเกิดข้อผิดพลาดและมิติด้านมูลค่างานซึ่งกรณีผู้ให้บริการภายนอกที่มีนัยสำคัญ (Critical Tier-1) มีการจ้างช่วงบางส่วนของงานไปยังผู้รับจ้างข่วง (Critical Non Tier-1) กำหนดให้ผู้ให้บริการภายนอกต้องแจ้งข้อมูลต่อกลุ่มทิสโก้ และหน่วยธุรกิจที่ใช้บริการต้องมั่นใจว่าการบริหารความเสี่ยงโดยผู้ให้บริการภายนอกนั้นครอบคลุมผู้รับจ้างช่วงด้วย

การจัดการพันธมิตรทางธุรกิจกำหนดให้สรุปรายงานนำเสนอต่อคณะอนุกรรมการที่เกี่ยวข้องเป็นประจำในช่วงครึ่งปีแรกของทุกปี โดยรายงานปี 2567 กลุ่มทิสโก้มีผู้ให้บริการงานปฏิบัติการ 271 คู่สัญญา ผู้ให้บริการงานสารสนเทศ 162 คู่สัญญา ในจำนวนนี้เป็นพันธมิตรทางธุรกิจที่มีนัยสำคัญ (Critical Tier-1) 47 คู่สัญญา โดยมีผู้รับจ้างช่วงที่มีนัยสำคัญ (Critical non Tier-1) 1 คู่สัญญา ผู้ให้บริการทั้งหมดผ่านการประเมินด้าน ESG และการคุ้มครองข้อมูลส่วนบุคคลทั้งหมด (ร้อยละ 100) และไม่พบความเสี่ยงด้านสังคมและสิ่งแวดล้อม รวมถึงไม่มีคู่ค้าที่ถูกระบุว่าก่อให้เกิดผลกระทบต่อสังคมและสิ่งแวดล้อมอย่างมีนัยสำคัญด้านคุณภาพการให้บริการโดยรวมอยู่ในเกณฑ์ดี ยกเว้นผู้ให้บริการ 5 คู่สัญญาที่ไม่สามารถดำเนินการได้ตามความคาดหวัง จึงถูกยกเลิกสัญญาบริการ ส่วนด้านความเสี่ยงไม่พบความเสี่ยงที่มีนัยสำคัญ ทั้งนี้ กลุ่มทิสโก้ปรับปรุงแนวทางดำเนินงานเพื่อลดความเสี่ยงในบางกลุ่มผู้ให้บริการ ครอบคลุม 4 คู่สัญญา",N/A,True,Discussion and Analysis,n/a,ESG|credit analysis|environmental factors|social factors|governance|creditworthiness|climate risk|Equator Principles|ESRM|carbon-related assets,"Qualitative description of how ESG factors are incorporated in credit analysis for commercial/industrial lending and project finance. Must cover: policies, responsible parties, ESG research approach, oversight, scenario analysis, credit loss estimation, significant ESG concentrations."
thai,tisco,FN-CB-410b.1,Financed Emissions,"Absolute gross financed emissions, disaggregated by Scope 1",FN-CB-410b.1,128,tisco_128,yes,296.2,Metric tons (t) CO₂-e,True,Quantitative,Metric tons (t) CO2-e,financed emissions|Scope 1|Scope 2|Scope 3|portfolio emissions|PCAF|loan portfolio|carbon footprint|climate alignment|net zero banking,"Absolute financed GHG emissions from lending and investment portfolio in metric tons CO2-equivalent, disaggregated by Scope 1, Scope 2, and Scope 3, and by industry sector. Calculated using PCAF (Partnership for Carbon Accounting Financials) methodology."
thai,tisco,FN-CB-410b.1,Financed Emissions,"Absolute gross financed emissions, disaggregated by Scope 2",FN-CB-410b.1,128,tisco_128,yes,2977.3,Metric tons (t) CO₂-e,True,Quantitative,Metric tons (t) CO2-e,financed emissions|Scope 1|Scope 2|Scope 3|portfolio emissions|PCAF|loan portfolio|carbon footprint|climate alignment|net zero banking,"Absolute financed GHG emissions from lending and investment portfolio in metric tons CO2-equivalent, disaggregated by Scope 1, Scope 2, and Scope 3, and by industry sector. Calculated using PCAF (Partnership for Carbon Accounting Financials) methodology."
thai,tisco,FN-CB-410b.4,Financed Emissions,Description of the methodology used to calculate financed emissions,FN-CB-410b.4,126,tisco_126,yes,การคำนวณปริมาณการปล่อยก๊าซเรือนกระจกจากการสนับสนุนทางการเงิน (Financed Emissions) แต่ละประเภทสินทรัพย์ ต้องใช้ข้อมูลพื้นฐานทั้งขอบเขตความมีส่วนร่วม (Attribution) ของบริษัท และคำนวณปริมาณก๊าซเรือนกระจกทั้งหมดของผู้กู้หรือผู้ได้รับเงินทุน ซึ่งข้อมูลปริมาณก๊าซเรือนกระจกของผู้กู้หรือผู้ได้รับเงินทุนที่ใช้ในการคำนวณอาจมีคุณภาพแตกต่างกัน เนื่องจากสมมติฐานและวิธีที่ใช้คำนวณแตกต่างกัน ทั้งนี้ บริษัทอาจไม่สามารถเข้าถึงข้อมูลที่มีคะแนนคุณภาพสูงได้เสมอไป ดังนั้น ทาง PCAF จึงได้มีการกำหนดระดับคะแนนของคุณภาพข้อมูล (Data Quality Score) เพื่อใช้ระบุคุณภาพของข้อมูลที่นำมาคำนวณ Financed Emissions โดยคุณภาพของข้อมูลขึ้นอยู่กับสมมติฐาน ความน่าเชื่อถือ และความเฉพาะเจาะจงของข้อมูล ตลอดจนตัวแปรอื่นที่อาจส่งผล ซึ่งคุณภาพของข้อมูลมีคะแนนตั้งแต่ระดับ 1 จนถึงระดับ 5 โดยระดับ 5 แสดงถึงข้อมูลที่นำมาใช้มีความไม่แน่นอนสูง,N/A,True,Discussion and Analysis,n/a,financed emissions methodology|PCAF|attribution factor|data sources|emission factors|portfolio carbon accounting|estimation approach,"Qualitative description of: methodology for calculating financed emissions (PCAF or equivalent), attribution factors used by asset class, data sources for counterparty emissions and financial data, estimation approaches for data gaps, and deviations from PCAF methodology."
thai,tisco,FN-CB-000.B,Activity,Number of loans by personal,FN-CB-000.B,71,tisco_071,yes,235861,"Number, Presentation currency",True,Quantitative,Number|Presentation currency,loans|personal loans|small business loans|corporate loans,N/A
thai,tisco,FN-CB-230a.1,Data Security,Number of data breaches,FN-CB-230a.1,59,tisco_059,no,จากการประเมินและตรวจสอบในปี 2567 ไม่พบการเกิดการรั่วไหลของข้อมูลส่วนบุคคล และไม่มีเรื่องร้องเรียนจากลูกค้าหรือหน่วยงานภายนอก ในประเด็นที่เกี่ยวกับความปลอดภัยข้อมูลของลูกค้า การสูญหาย การแก้ไขและปลอมแปลงข้อมูล การเข้าถึงข้อมูลโดยผู้ที่ไม่มีสิทธิเกี่ยวข้อง รวมถึงการละเมิดความเป็นส่วนตัวของลูกค้าอย่างเป็นสาระสำคัญ,"Number, Percentage(%)",False,Quantitative,Number|Percentage (%),data breach|personal data breach|account holders affected|cybersecurity|information systems|unauthorised access|encryption,Three values: (1) total number of data breaches; (2) percentage that are personal data breaches (involving personal data destruction/loss/alteration/disclosure); (3) number of unique account holders affected by personal breaches. Must also describe corrective actions taken.
thai,tisco,FN-CB-230a.1,Data Security,percentage that are personal data,FN-CB-230a.1,59,tisco_059,no,จากการประเมินและตรวจสอบในปี 2567 ไม่พบการเกิดการรั่วไหลของข้อมูลส่วนบุคคล และไม่มีเรื่องร้องเรียนจากลูกค้าหรือหน่วยงานภายนอก ในประเด็นที่เกี่ยวกับความปลอดภัยข้อมูลของลูกค้า การสูญหาย การแก้ไขและปลอมแปลงข้อมูล การเข้าถึงข้อมูลโดยผู้ที่ไม่มีสิทธิเกี่ยวข้อง รวมถึงการละเมิดความเป็นส่วนตัวของลูกค้าอย่างเป็นสาระสำคัญ,"Number, Percentage(%)",False,Quantitative,Number|Percentage (%),data breach|personal data breach|account holders affected|cybersecurity|information systems|unauthorised access|encryption,Three values: (1) total number of data breaches; (2) percentage that are personal data breaches (involving personal data destruction/loss/alteration/disclosure); (3) number of unique account holders affected by personal breaches. Must also describe corrective actions taken.
thai,tisco,FN-CB-230a.1,Data Security,number of account holders affected,FN-CB-230a.1,59,tisco_059,no,จากการประเมินและตรวจสอบในปี 2567 ไม่พบการเกิดการรั่วไหลของข้อมูลส่วนบุคคล และไม่มีเรื่องร้องเรียนจากลูกค้าหรือหน่วยงานภายนอก ในประเด็นที่เกี่ยวกับความปลอดภัยข้อมูลของลูกค้า การสูญหาย การแก้ไขและปลอมแปลงข้อมูล การเข้าถึงข้อมูลโดยผู้ที่ไม่มีสิทธิเกี่ยวข้อง รวมถึงการละเมิดความเป็นส่วนตัวของลูกค้าอย่างเป็นสาระสำคัญ,"Number, Percentage(%)",False,Quantitative,Number|Percentage (%),data breach|personal data breach|account holders affected|cybersecurity|information systems|unauthorised access|encryption,Three values: (1) total number of data breaches; (2) percentage that are personal data breaches (involving personal data destruction/loss/alteration/disclosure); (3) number of unique account holders affected by personal breaches. Must also describe corrective actions taken.
thai,tisco,FN-CB-240a.1,Financial Inclusion & Capacity Building,Amount of loans outstanding that qualify for programmes designed to promote small business and community development,FN-CB-240a.1,73,tisco_073,no,1381,"Number, Presentation currency",True,Quantitative,Number|Presentation currency,community development loan|small business loan|financial inclusion|low-income|moderate-income|CDFI|microfinance|community development finance,Two values: (1) total NUMBER of qualifying loans outstanding; (2) total AMOUNT outstanding in presentation currency. Scope includes community development loans (low/moderate-income) and small business loans (including farms). EXCLUDES personal expenditures and residential property loans.
thai,tisco,FN-CB-240a.4,Financial Inclusion & Capacity Building,"Number of participants in financial literacy initiatives for unbanked, underbanked, or underserved customers",FN-CB-240a.4,80,tisco_080,no,773314,Number,True,Quantitative,Number,financial literacy|unbanked|underbanked|underserved|financial education|workshops|seminars|counselling,"Total number of unique individuals documented as participating in at least one financial literacy initiative during reporting period. Includes both direct and third-party initiatives contracted by the entity. Covers retail AND commercial customers (SMEs, minority-owned businesses)."
thai,tisco,FN-CB-410a.2,"Incorporation of Environmental, Social, and Governance Factors in Credit Analysis","Description of approach to incorporation of environmental, social and governance (ESG) factors in credit analysis",FN-CB-410a.2,42,tisco_042,no,"กลุ่มทิสโก้ผนวกปัจจัยด้าน ESG เป็นส่วนหนึ่งในเกณฑ์การพิจารณาคัดเลือกคู่ค้ารายใหม่ นอกจากนี้ ในระหว่างการใช้บริการและเมื่อถึงรอบการทบทวนการใช้บริการ กลุ่มทิสโก้กำหนดระบบการติดตามทบทวนความเสี่ยงและคุณภาพการให้บริการ รวมถึงการดำเนินงานเกี่ยวกับ ESG ซึ่งจะมีผลต่อการพิจารณาต่ออายุหรือยกเลิกการใช้บริการ โดยกลุ่มทิสโก้กำหนดรายละเอียดการดำเนินงานตามระดับนัยสำคัญ (Service Criticality) ซึ่งครอบคลุมมิติด้านผลกระทบหากไม่สามารถดำเนินงานต่อเนื่องหรือเกิดข้อผิดพลาดและมิติด้านมูลค่างานซึ่งกรณีผู้ให้บริการภายนอกที่มีนัยสำคัญ (Critical Tier-1) มีการจ้างช่วงบางส่วนของงานไปยังผู้รับจ้างข่วง (Critical Non Tier-1) กำหนดให้ผู้ให้บริการภายนอกต้องแจ้งข้อมูลต่อกลุ่มทิสโก้ และหน่วยธุรกิจที่ใช้บริการต้องมั่นใจว่าการบริหารความเสี่ยงโดยผู้ให้บริการภายนอกนั้นครอบคลุมผู้รับจ้างช่วงด้วย

การจัดการพันธมิตรทางธุรกิจกำหนดให้สรุปรายงานนำเสนอต่อคณะอนุกรรมการที่เกี่ยวข้องเป็นประจำในช่วงครึ่งปีแรกของทุกปี โดยรายงานปี 2567 กลุ่มทิสโก้มีผู้ให้บริการงานปฏิบัติการ 271 คู่สัญญา ผู้ให้บริการงานสารสนเทศ 162 คู่สัญญา ในจำนวนนี้เป็นพันธมิตรทางธุรกิจที่มีนัยสำคัญ (Critical Tier-1) 47 คู่สัญญา โดยมีผู้รับจ้างช่วงที่มีนัยสำคัญ (Critical non Tier-1) 1 คู่สัญญา ผู้ให้บริการทั้งหมดผ่านการประเมินด้าน ESG และการคุ้มครองข้อมูลส่วนบุคคลทั้งหมด (ร้อยละ 100) และไม่พบความเสี่ยงด้านสังคมและสิ่งแวดล้อม รวมถึงไม่มีคู่ค้าที่ถูกระบุว่าก่อให้เกิดผลกระทบต่อสังคมและสิ่งแวดล้อมอย่างมีนัยสำคัญด้านคุณภาพการให้บริการโดยรวมอยู่ในเกณฑ์ดี ยกเว้นผู้ให้บริการ 5 คู่สัญญาที่ไม่สามารถดำเนินการได้ตามความคาดหวัง จึงถูกยกเลิกสัญญาบริการ ส่วนด้านความเสี่ยงไม่พบความเสี่ยงที่มีนัยสำคัญ ทั้งนี้ กลุ่มทิสโก้ปรับปรุงแนวทางดำเนินงานเพื่อลดความเสี่ยงในบางกลุ่มผู้ให้บริการ ครอบคลุม 4 คู่สัญญา",N/A,True,Discussion and Analysis,n/a,ESG|credit analysis|environmental factors|social factors|governance|creditworthiness|climate risk|Equator Principles|ESRM|carbon-related assets,"Qualitative description of how ESG factors are incorporated in credit analysis for commercial/industrial lending and project finance. Must cover: policies, responsible parties, ESG research approach, oversight, scenario analysis, credit loss estimation, significant ESG concentrations."
thai,tisco,FN-CB-000.B,Activity,Number of loans by personal,FN-CB-000.B,73,tisco_073,no,235861,"Number, Presentation currency",True,Quantitative,Number|Presentation currency,loans|personal loans|small business loans|corporate loans,N/A
thai,tisco,FN-CB-000.B,Activity,Number of loans by small business,FN-CB-000.B,73,tisco_073,no,696,"Number, Presentation currency",True,Quantitative,Number|Presentation currency,loans|personal loans|small business loans|corporate loans,N/A
thai,tisco,FN-CB-000.B,Activity,Value of loans by small business,FN-CB-000.B,73,tisco_073,no,1381,"Number, Presentation currency",True,Quantitative,Number|Presentation currency,loans|personal loans|small business loans|corporate loans,N/A
thai,cimbt,FN-CB-230a.2,Data Security,Description of approach to identifying and addressing data security risks,FN-CB-230a.2,59,cimbt_059,yes,"การปฏิบัติตามข้อกําหนดด้านกฎระเบียบครอบคลุมถึงกระบวนการตอบสนองและรายงานเหตุการณ์ (Incident  Response and Reporting Protocols) โดยธนาคารกําหนดระยะเวลา 24 ชัวโมงในการรายงานภัยคุกคามทางไซเบอร์ เพื่อให้สามารถสื่อสารไปยังสํานักงานคณะกรรมการการรักษาความมันคงปลอดภัยไซเบอร์แห่งชาติ (NCSC) 
และหน่วยงานกํากับที่เกี่ยวข้องได้อย่างทันท่วงที นอกจากนี้ ธนาคารยังมีกระบวนการตรวจจับและวิเคราะห์ภัยคุกคามอย่างละเอียด เพื่ออํานวยความสะดวกในการเก็บรวบรวมหลักฐานและดําเนินการสอบสวน พร้อมดําเนินมาตรการลดความเสี่ยงที่จําเป็น",N/A,True,Discussion and Analysis,n/a,data security risk|cybersecurity|vulnerability|ransomware|ISO/IEC 27000|NIST|mobile banking|cyber threats|attack vectors,"Qualitative description of approach to: identifying vulnerabilities, managing data security risks, observed cyber threat trends, breach disclosure policies, alignment with frameworks (ISO/IEC 2700, NIST, NYCRR 500, OCC), emerging threats (mobile banking, ransomware, loan stacking)."
thai,cimbt,FN-CB-410b.1,Financed Emissions,"Absolute gross financed emissions, disaggregated by Scope 1",FN-CB-410b.1,44,cimbt_044,yes,581.12,Metric tons (t) CO₂-e,True,Quantitative,Metric tons (t) CO2-e,financed emissions|Scope 1|Scope 2|Scope 3|portfolio emissions|PCAF|loan portfolio|carbon footprint|climate alignment|net zero banking,"Absolute financed GHG emissions from lending and investment portfolio in metric tons CO2-equivalent, disaggregated by Scope 1, Scope 2, and Scope 3, and by industry sector. Calculated using PCAF (Partnership for Carbon Accounting Financials) methodology."
thai,cimbt,FN-CB-410b.1,Financed Emissions,"Absolute gross financed emissions, disaggregated by Scope 2",FN-CB-410b.1,44,cimbt_044,yes,3323.08,Metric tons (t) CO₂-e,True,Quantitative,Metric tons (t) CO2-e,financed emissions|Scope 1|Scope 2|Scope 3|portfolio emissions|PCAF|loan portfolio|carbon footprint|climate alignment|net zero banking,"Absolute financed GHG emissions from lending and investment portfolio in metric tons CO2-equivalent, disaggregated by Scope 1, Scope 2, and Scope 3, and by industry sector. Calculated using PCAF (Partnership for Carbon Accounting Financials) methodology."
thai,cimbt,FN-CB-410b.4,Financed Emissions,Description of the methodology used to calculate financed emissions,FN-CB-410b.4,57,cimbt_057,yes,มาตรฐานนี้กําหนดให้สถาบันการเงินต้องรายงานปริมาณการปล่อยก๊าซเรือนกระจกจากการให้สินเชื่อและการลงทุน (Absolute Financed Emissions) พร้อมทังสนับสนุนให้มีการรายงานตัวชี้วัดเพิมเติม เช่น ความเข้มข้นของการ ปล่อยก๊าซเรือนกระจก (Emissions Intensity) สําหรับภาคอุตสาหกรรมที่มีห่วงโซ่อุปทานซับซ้อน เช่น อุตสาหกรรม น้ำามันและก๊าซ มาตรฐานดังกล่าวระบุว่า สถาบันการเงินควรคํานวณปริมาณปล่อยก๊าซเหล่านี้ในขอบเขตที่ 3 ด้วย (Scope 3 Emissions) หากสามารถเข้าถึงข้อมูลที่เกี่ยวข้องได,-,True,Discussion and Analysis,n/a,financed emissions methodology|PCAF|attribution factor|data sources|emission factors|portfolio carbon accounting|estimation approach,"Qualitative description of: methodology for calculating financed emissions (PCAF or equivalent), attribution factors used by asset class, data sources for counterparty emissions and financial data, estimation approaches for data gaps, and deviations from PCAF methodology."
thai,cimbt,FN-CB-230a.1,Data Security,Number of data breaches,FN-CB-230a.1,61,cimbt_061,no,4,"Number, Percentage(%)",True,Quantitative,Number|Percentage (%),data breach|personal data breach|account holders affected|cybersecurity|information systems|unauthorised access|encryption,Three values: (1) total number of data breaches; (2) percentage that are personal data breaches (involving personal data destruction/loss/alteration/disclosure); (3) number of unique account holders affected by personal breaches. Must also describe corrective actions taken.
thai,cimbt,FN-CB-410b.1,Financed Emissions,"Absolute gross financed emissions, disaggregated by Scope 1",FN-CB-410b.1,45,cimbt_045,no,581.12,Metric tons (t) CO₂-e,True,Quantitative,Metric tons (t) CO2-e,financed emissions|Scope 1|Scope 2|Scope 3|portfolio emissions|PCAF|loan portfolio|carbon footprint|climate alignment|net zero banking,"Absolute financed GHG emissions from lending and investment portfolio in metric tons CO2-equivalent, disaggregated by Scope 1, Scope 2, and Scope 3, and by industry sector. Calculated using PCAF (Partnership for Carbon Accounting Financials) methodology."
thai,cimbt,FN-CB-410b.1,Financed Emissions,"Absolute gross financed emissions, disaggregated by Scope 2",FN-CB-410b.1,45,cimbt_045,no,3323.08,Metric tons (t) CO₂-e,True,Quantitative,Metric tons (t) CO2-e,financed emissions|Scope 1|Scope 2|Scope 3|portfolio emissions|PCAF|loan portfolio|carbon footprint|climate alignment|net zero banking,"Absolute financed GHG emissions from lending and investment portfolio in metric tons CO2-equivalent, disaggregated by Scope 1, Scope 2, and Scope 3, and by industry sector. Calculated using PCAF (Partnership for Carbon Accounting Financials) methodology."
thai,scb,FN-CB-240a.1,Financial Inclusion & Capacity Building,Number of loans outstanding that qualify for programmes designed to promote small business and community development,FN-CB-240a.1,71,scb_071,yes,191,"Number, Presentation currency",True,Quantitative,Number|Presentation currency,community development loan|small business loan|financial inclusion|low-income|moderate-income|CDFI|microfinance|community development finance,Two values: (1) total NUMBER of qualifying loans outstanding; (2) total AMOUNT outstanding in presentation currency. Scope includes community development loans (low/moderate-income) and small business loans (including farms). EXCLUDES personal expenditures and residential property loans.
thai,scb,FN-CB-240a.1,Financial Inclusion & Capacity Building,Amount of loans outstanding that qualify for programmes designed to promote small business and community development,FN-CB-240a.1,71,scb_071,yes,930,"Number, Presentation currency",True,Quantitative,Number|Presentation currency,community development loan|small business loan|financial inclusion|low-income|moderate-income|CDFI|microfinance|community development finance,Two values: (1) total NUMBER of qualifying loans outstanding; (2) total AMOUNT outstanding in presentation currency. Scope includes community development loans (low/moderate-income) and small business loans (including farms). EXCLUDES personal expenditures and residential property loans.
thai,scb,FN-CB-240a.4,Financial Inclusion & Capacity Building,"Number of participants in financial literacy initiatives for unbanked, underbanked, or underserved customers",FN-CB-240a.4,50,scb_050,yes,"พนักงานสนใจเข้าร่วมเวิร์กชอป รวมทั้งสิ้น 4,995 คน
เยาวชนเข้าร่วมโครงการ รวม 22,283 คน
ครูและบุคคลทั่วไปเข้าร่วมโครงการ รวม 1,307 คน",Number,True,Quantitative,Number,financial literacy|unbanked|underbanked|underserved|financial education|workshops|seminars|counselling,"Total number of unique individuals documented as participating in at least one financial literacy initiative during reporting period. Includes both direct and third-party initiatives contracted by the entity. Covers retail AND commercial customers (SMEs, minority-owned businesses)."
thai,scb,FN-CB-510a.2,Business Ethics,Description of whistleblower policies and procedures,FN-CB-510a.2,94,scb_094,yes,"เอสซีบีเอกซ์ จัดให้มีช่องทางรับแจ้งข้อมูลหรือเบาะแสเกี่ยวกับการไม่ปฏิบัติตามข้อบังคับ กฎระเบียบ และจรรยาบรรณของกลุ่มเอสซีบีเอกซ์ รวมถึงกรณีการทุจริตและคอร์รัปชัน ภายใต้มาตรการคุ้มครองผู้ร้องเรียนหรือให้ข้อมูลด้วยเจตนาสุจริต (Whistleblower) ควบคู่ไปกับการสื่อสารส่งเสริมการปฏิบัติอย่างต่อเนื่อง และการอบรมผ่านหลักสูตรภาคบังคับที่กำหนดให้ผู้บริหารและพนักงานทุกคนต้องเข้ารับการฝึกอบรมเป็นประจำทุกปี

ในปี 2567 กลุ่มเอสซีบีเอกซ์ มุ่งบริหารจัดการความเสี่ยงเชิงรุก เพื่อป้องกันมิให้เกิดการละเมิดหรือฝ่าฝืนแนวปฏิบัติ โดยหน่วยงานบริหารทรัพยากรบุคคลของกลุ่มเอสซีบีเอกซ์ ได้ร่วมกันกำหนดให้การไม่ปฏิบัติตามจรรยาบรรณธุรกิจและข้อปฏิบัติที่เกี่ยวข้องเป็นหนึ่งใน Key Risk Indicator (KRI) ระดับองค์กรที่มีการติดตามและรายงานเหตุการณ์กรณีการละเมิดการปฏิบัติเป็นประจำทุกเดือนผ่านการประชุม SCBX Group HR Forum ซึ่งมี SCBX hief Talent Officer นั่งเป็นประธาน โดยการประชุมในวาระนี้ จะให้ตัวแทนบริษัทที่มีผลการดำเนินงานอยู่ในเกณฑ์ดีแบ่งปันแนวปฏิบัติ เพื่อส่งเสริมการบริหารจัดการที่มีประสิทธิภาพทั่วทั้งกลุ่มเอสซีบีเอกซ์ ขณะเดียวกันบริษัทที่มีเหตุการณ์การละเมิดหรือฝ่าฝืนแนวปฏิบัติ ได้นำเสนอแนวทางและมาตรการการป้องกันการเกิดเหตุการณ์ซ้ำ เพื่อร่วมกันให้ความคิดเห็นและแบ่งปันมุมมองที่เป็นประโยชน์สำหรับการปรับปรุงและพัฒนามาตรการที่มีประสิทธิภาพและประสิทธิผลมากยิ่งขึ้นต่อไป",-,True,Discussion and Analysis,n/a,whistleblower|compliance programme|hotline|reporting violations|whistleblower incentives|internal controls|ethics,"Qualitative description of whistleblower programme including: internal compliance programmes, hotline details (independent third party?), publication of hotline number, incentives for reporting, methods for submitting tips, applicable jurisdictional regulations, violations and corrective actions."
thai,scb,FN-CB-240a.4,Financial Inclusion & Capacity Building,"Number of participants in financial literacy initiatives for unbanked, underbanked, or underserved customers",FN-CB-240a.4,51,scb_051,no,"พนักงานสนใจเข้าร่วมเวิร์กชอป รวมทั้งสิ้น 4,995 คน
เยาวชนเข้าร่วมโครงการ รวม 22,283 คน
ครูและบุคคลทั่วไปเข้าร่วมโครงการ รวม 1,307 คน",Number,True,Quantitative,Number,financial literacy|unbanked|underbanked|underserved|financial education|workshops|seminars|counselling,"Total number of unique individuals documented as participating in at least one financial literacy initiative during reporting period. Includes both direct and third-party initiatives contracted by the entity. Covers retail AND commercial customers (SMEs, minority-owned businesses)."
thai,scb,FN-CB-410a.2,"Incorporation of Environmental, Social, and Governance Factors in Credit Analysis","Description of approach to incorporation of environmental, social and governance (ESG) factors in credit analysis",FN-CB-410a.2,78,scb_078,no,"เป้าหมาย 2573/2593
-ลดการปล่อยก๊าซเรือนกระจกจากการดำเนินงาน (ขอบเขตที่ 1 และ 2) ลงร้อยละ 90 ภายในปี 2030 (พ.ศ. 2573)
-ปล่อยก๊าซเรือนกระจกสุทธิเป็นศูนย์จากการให้สินเชื่อและการลงทุน (Net Zero Financed Emission) ภายในปี 2050 (พ.ศ. 2593)

ผลการดำเนินงานปี 2567 เทียบกับเป้าหมายปี 2568
-ลดการปล่อยก๊าซเรือนกระจกจากการดำเนินงาน (Operational Net Zero) ได้ร้อยละ 15 โดยเปรียบเทียบกับปีงบประมาณ 2566
-จัดทำกลยุทธ์ลดคาร์บอน และเปลี่ยนผ่านสู่ธุรกิจสีเขียวรายอุตสาหกรรม สำหรับ 5 อุตสาหกรรมที่มีค่าการปล่อยก๊าซเรือนกระจกสูงกว่าค่าเฉลี่ย เช่น การผลิตไฟฟ้า เชื้อเพลิงชีวภาพ และอุตสาหกรรมกระดาษ สู่เศรษฐกิจหมุนเวียน",N/A,True,Discussion and Analysis,n/a,ESG|credit analysis|environmental factors|social factors|governance|creditworthiness|climate risk|Equator Principles|ESRM|carbon-related assets,"Qualitative description of how ESG factors are incorporated in credit analysis for commercial/industrial lending and project finance. Must cover: policies, responsible parties, ESG research approach, oversight, scenario analysis, credit loss estimation, significant ESG concentrations."
thai,kbank,FN-CB-410b.1,Financed Emissions,"Absolute gross financed emissions, disaggregated by Scope 1",FN-CB-410b.1,69,kbank_069,yes,17409282,Metric tons (t) CO₂-e,True,Quantitative,Metric tons (t) CO2-e,financed emissions|Scope 1|Scope 2|Scope 3|portfolio emissions|PCAF|loan portfolio|carbon footprint|climate alignment|net zero banking,"Absolute financed GHG emissions from lending and investment portfolio in metric tons CO2-equivalent, disaggregated by Scope 1, Scope 2, and Scope 3, and by industry sector. Calculated using PCAF (Partnership for Carbon Accounting Financials) methodology."
thai,kbank,FN-CB-410b.1,Financed Emissions,"Absolute gross financed emissions, disaggregated by Scope 2",FN-CB-410b.1,69,kbank_069,yes,17409282,Metric tons (t) CO₂-e,True,Quantitative,Metric tons (t) CO2-e,financed emissions|Scope 1|Scope 2|Scope 3|portfolio emissions|PCAF|loan portfolio|carbon footprint|climate alignment|net zero banking,"Absolute financed GHG emissions from lending and investment portfolio in metric tons CO2-equivalent, disaggregated by Scope 1, Scope 2, and Scope 3, and by industry sector. Calculated using PCAF (Partnership for Carbon Accounting Financials) methodology."
thai,kbank,FN-CB-410b.1,Financed Emissions,"Absolute gross financed emissions, disaggregated by Scope 3",FN-CB-410b.1,69,kbank_069,yes,31064317,Metric tons (t) CO₂-e,True,Quantitative,Metric tons (t) CO2-e,financed emissions|Scope 1|Scope 2|Scope 3|portfolio emissions|PCAF|loan portfolio|carbon footprint|climate alignment|net zero banking,"Absolute financed GHG emissions from lending and investment portfolio in metric tons CO2-equivalent, disaggregated by Scope 1, Scope 2, and Scope 3, and by industry sector. Calculated using PCAF (Partnership for Carbon Accounting Financials) methodology."
thai,kbank,FN-CB-410b.2,Financed Emissions,Gross exposure for each industry by asset class,FN-CB-410b.2,69,kbank_069,yes,"กลุ่มสาธารณูปโภคด้านพลังงานไฟฟ้าและน้ำ : 2,734,631 + 321,644
กลุ่มน้ำมันและก๊าซ : 2,392,977 + 3,379,157
กลุ่มคอนกรีต : 855,568 + 163,557
กลุ่มโลจิสติกส์ : 759,699 + 1,775,840
กลุ่มธุรกิจขนส่ง : 566,278 + 684,638
กลุ่มเหล็กและเหล็กกล้า : 447,244 + 338,835
กลุ่มน้ำมันดิบ : 158,908 + 437,101
กลุ่มอุตสาหกรรมอื่นๆ : 7,403,288 + 22,247,374",Presentation currency,True,Quantitative,Presentation currency,gross exposure|industry exposure|asset class|loan portfolio|sector allocation|GICS|industry concentration|credit exposure,"Financial exposure (in presentation currency) of the loan and investment portfolio broken down by industry (GICS or NACE classification) and by asset class (corporate loans, listed equity, bonds, project finance, etc.)."
thai,kbank,FN-CB-000.B,Activity,Value of loans by personal,FN-CB-000.B,75,kbank_075,yes,32808.67,"Number, Presentation currency",True,Quantitative,Number|Presentation currency,loans|personal loans|small business loans|corporate loans,N/A
thai,kbank,FN-CB-000.B,Activity,Value of loans by small business,FN-CB-000.B,75,kbank_075,yes,4585.6,"Number, Presentation currency",True,Quantitative,Number|Presentation currency,loans|personal loans|small business loans|corporate loans,N/A
thai,kbank,FN-CB-000.B,Activity,Value of loans by corporate,FN-CB-000.B,75,kbank_075,yes,53876.75,"Number, Presentation currency",True,Quantitative,Number|Presentation currency,loans|personal loans|small business loans|corporate loans,N/A
thai,kbank,FN-CB-230a.1,Data Security,Number of data breaches,FN-CB-230a.1,104,kbank_104,no,0,"Number, Percentage(%)",True,Quantitative,Number|Percentage (%),data breach|personal data breach|account holders affected|cybersecurity|information systems|unauthorised access|encryption,Three values: (1) total number of data breaches; (2) percentage that are personal data breaches (involving personal data destruction/loss/alteration/disclosure); (3) number of unique account holders affected by personal breaches. Must also describe corrective actions taken.
thai,kbank,FN-CB-230a.1,Data Security,number of account holders affected,FN-CB-230a.1,104,kbank_104,no,0,"Number, Percentage(%)",True,Quantitative,Number|Percentage (%),data breach|personal data breach|account holders affected|cybersecurity|information systems|unauthorised access|encryption,Three values: (1) total number of data breaches; (2) percentage that are personal data breaches (involving personal data destruction/loss/alteration/disclosure); (3) number of unique account holders affected by personal breaches. Must also describe corrective actions taken.
thai,kbank,FN-CB-240a.1,Financial Inclusion & Capacity Building,Amount of loans outstanding that qualify for programmes designed to promote small business and community development,FN-CB-240a.1,93,kbank_093,no,30000,"Number, Presentation currency",True,Quantitative,Number|Presentation currency,community development loan|small business loan|financial inclusion|low-income|moderate-income|CDFI|microfinance|community development finance,Two values: (1) total NUMBER of qualifying loans outstanding; (2) total AMOUNT outstanding in presentation currency. Scope includes community development loans (low/moderate-income) and small business loans (including farms). EXCLUDES personal expenditures and residential property loans.
thai,kbank,FN-CB-240a.2,Financial Inclusion & Capacity Building,Amout of of past due and nonaccrual loans or loans subject to forbearance that qualify for programmes designed to promote small business and community development,FN-CB-240a.2,93,kbank_093,no,16.37,"Number, Presentation currency",True,Quantitative,Number|Presentation currency,past due loan|nonaccrual loan|forbearance|community development|small business|low-income|moderate-income,Two values: (1) total NUMBER of past due/nonaccrual loans OR loans subject to forbearance that qualify for small business/community development programmes; (2) total AMOUNT outstanding. Includes originated and purchased loans.
thai,kbank,FN-CB-410a.2,"Incorporation of Environmental, Social, and Governance Factors in Credit Analysis","Description of approach to incorporation of environmental, social and governance (ESG) factors in credit analysis",FN-CB-410a.2,67,kbank_067,no,ตามที่ธนาคารประกาศ Net Zero Commitment ตามเป้าหมายของประเทศไทย เพื่อให้ธนาคารสามารถบรรลุเป้าหมายดังกล่าวได้ ธนาคารได้ผนวกปัจจัยเสี่ยงด้านการเปลี่ยนแปลงสภาพภูมิอากาศในนโยบายเครดิต ESG Exclusion List เช่น การพิจารณายกเว้นการสนับสนุนธุรกิจที่ปล่อยก๊าซเรือนกระจกอย่างมีนัยสำคัญและมีเทคโนโลยีคาร์บอนต่ำที่มีมากทดแทนแล้ว อีกทั้งธนาคารได้กำหนดแนวโน้มนโยบายสำหรับอุตสาหกรรมเฉพาะ (Sector-Specific Guidelines) โดยเฉพาะอุตสาหกรรมที่มีการปล่อยก๊าซเรือนกระจกเป็นจำนวนมาก (High Carbon Intensive Sectors) รวมถึงอุตสาหกรรมที่ยังใช้ถ่านหินจำเป็นเชื้อเพลิงหลักในการผลิต เพื่อให้แนวทางในการพิจารณาสนับสนุนสินเชื่อในกลุ่มธุรกิจดังกล่าว โดยจะมีการพิจารณาในประเด็นด้าน ESG เพิ่มเติมเป็นพิเศษ เช่น พิจารณานโยบายและเป้าหมายการลดก๊าซเรือนกระจกของลูกค้า การรายงานปริมาณก๊าซเรือนกระจกของลูกค้าในนโยบายและแผนงานการจัดการด้านสิ่งแวดล้อม ธนาคารได้ทยอยจัดทำแผนการลดก๊าซเรือนกระจก รายอุตสาหกรรม (Sectoral Glidepath/Sector Strategy) และกำหนด Sustainable Finance Framework เพื่อเป็นกรอบในการทำงาน พร้อมกำหนดเป้าหมายการสนับสนุนสินเชื่อเพื่อความยั่งยืน,N/A,True,Discussion and Analysis,n/a,ESG|credit analysis|environmental factors|social factors|governance|creditworthiness|climate risk|Equator Principles|ESRM|carbon-related assets,"Qualitative description of how ESG factors are incorporated in credit analysis for commercial/industrial lending and project finance. Must cover: policies, responsible parties, ESG research approach, oversight, scenario analysis, credit loss estimation, significant ESG concentrations."
thai,kbank,FN-CB-510a.2,Business Ethics,Description of whistleblower policies and procedures,FN-CB-510a.2,149,kbank_149,no,ธนาคารกำหนดนโยบายการรับแจ้งข้อมูลหรือเบาะแส (Whistle-Blowing Policy) โดยมีช่องทางการรับแจ้งข้อมูลหรือเบาะแส กระบวนการจัดการเกี่ยวกับข้อมูลหรือเบาะแส มาตรการคุ้มครองสิทธิของผู้ให้ข้อมูล การรักษาข้อมูลของผู้แจ้งไว้เป็นความลับให้จำกัดเฉพาะผู้ที่รับผิดชอบ และในทางดำเนินการตรวจสอบเท่านั้นที่จะเข้าถึงข้อมูลได้ และคณะกรรมการตรวจสอบจะเป็นผู้พิจารณาสั่งการและรายงานต่อคณะกรรมการธนาคาร ในกรณีที่ผู้แจ้งส่วนได้เสียได้รับความเสียหายจากการถูกลงโทษผิดกฎหมาย ธนาคารได้กำหนดมาตรการที่เป็นธรรมแก่ผู้ส่วนได้เสียด้วย,N/A,True,Discussion and Analysis,n/a,whistleblower|compliance programme|hotline|reporting violations|whistleblower incentives|internal controls|ethics,"Qualitative description of whistleblower programme including: internal compliance programmes, hotline details (independent third party?), publication of hotline number, incentives for reporting, methods for submitting tips, applicable jurisdictional regulations, violations and corrective actions."
thai,kbank,FN-CB-550a.2,Systemic Risk Management,"Description of approach to integrate results of mandatory and voluntary stress tests into capital adequacy planning, longterm corporate strategy, and other business activities",FN-CB-550a.2,153,kbank_153,no,"ธนาคารให้ความสำคัญกับการบริหารความเสี่ยงอย่างมีประสิทธิภาพ เพื่อให้สามารถดำเนินธุรกิจได้อย่างมั่นคงและยั่งยืน โดยมีการกำหนดนโยบายและกรอบการบริหารความเสี่ยงที่ชัดเจน ครอบคลุมความเสี่ยงทุกประเภทที่อาจเกิดขึ้นจากการดำเนินธุรกิจของธนาคาร และมีการบริหารความเสี่ยงอย่างเป็นระบบ โดยบูรณาการเข้ากับการวางแผนธุรกิจ การกำหนดกลยุทธ์ และการดำเนินงานของธนาคาร

ธนาคารมีการกำกับดูแลการบริหารความเสี่ยงอย่างรัดกุม โดยคณะกรรมการบริหารความเสี่ยงทำหน้าที่กำกับดูแลการบริหารความเสี่ยงของธนาคารให้เป็นไปตามนโยบายและกรอบการบริหารความเสี่ยงที่กำหนดไว้ รวมทั้งมีการติดตามและประเมินผลการบริหารความเสี่ยงอย่างต่อเนื่อง เพื่อให้สามารถบริหารความเสี่ยงได้อย่างมีประสิทธิภาพ และสามารถรองรับการเปลี่ยนแปลงของสภาวะแวดล้อมทางธุรกิจได้อย่างเหมาะสม

ธนาคารให้ความสำคัญกับการสร้างวัฒนธรรมการบริหารความเสี่ยงภายในองค์กร โดยส่งเสริมให้พนักงานทุกระดับมีความรู้ความเข้าใจเกี่ยวกับการบริหารความเสี่ยง และมีส่วนร่วมในการบริหารความเสี่ยงของธนาคาร เพื่อให้สามารถระบุ ประเมิน และจัดการความเสี่ยงได้อย่างเหมาะสม

ธนาคารให้ความสำคัญกับการบริหารความเสี่ยงด้านสิ่งแวดล้อม สังคม และธรรมาภิบาล (Environmental, Social and Governance: ESG) โดยมีการประเมินความเสี่ยงด้าน ESG ที่อาจส่งผลกระทบต่อการดำเนินธุรกิจของธนาคาร และนำผลการประเมินมาใช้ในการกำหนดกลยุทธ์และการดำเนินงานของธนาคาร เพื่อให้สามารถบริหารความเสี่ยงด้าน ESG ได้อย่างมีประสิทธิภาพ",N/A,True,Discussion and Analysis,n/a,stress test|capital adequacy|capital planning|ESG strategy|systemic risk|long-term strategy|regulatory stress test,Qualitative discussion of how mandatory and voluntary stress test results are integrated into capital planning and long-term corporate strategy. Must also discuss how stress test results inform ESG strategy.
thai,kbank,FN-CB-000.B,Activity,Value of loans by personal,FN-CB-000.B,76,kbank_076,no,32808.67,"Number, Presentation currency",True,Quantitative,Number|Presentation currency,loans|personal loans|small business loans|corporate loans,N/A
thai,kbank,FN-CB-000.B,Activity,Value of loans by small business,FN-CB-000.B,76,kbank_076,no,4585.6,"Number, Presentation currency",True,Quantitative,Number|Presentation currency,loans|personal loans|small business loans|corporate loans,N/A
thai,kbank,FN-CB-000.B,Activity,Value of loans by corporate,FN-CB-000.B,76,kbank_076,no,53876.75,"Number, Presentation currency",True,Quantitative,Number|Presentation currency,loans|personal loans|small business loans|corporate loans,N/A
thai,bafs,EM-RM-140a.1,Water Management,Total water withdrawn,EM-RM-140a.1,83,bafs_083,yes,28195,"Thousand cubic metres (m³), Percentage (%)",True,Quantitative,Thousand cubic metres (m³)|Percentage (%),fresh water|water withdrawal|water consumption|water stress|WRI Aqueduct|baseline water stress|water-scarce regions|refinery water use,Four values: (1) total fresh water withdrawn in thousand m³; (2) percentage of withdrawal in High/Extremely High Baseline Water Stress regions (per WRI Aqueduct); (3) total fresh water consumed in thousand m³; (4) percentage consumed in High/Extremely High Baseline Water Stress regions. Fresh water = <1000 mg/L dissolved solids.
thai,bafs,EM-RM-150a.1,Hazardous Materials Management,Amount of hazardous waste generated,EM-RM-150a.1,70,bafs_070,yes,7699,"Metric tonnes (t), Percentage (%)",True,Quantitative,Metric tonnes (t)|Percentage (%),hazardous waste|waste generation|waste recycling|spent catalyst|hazardous materials|waste disposal|RCRA|hazardous waste management,"Two values: (1) total amount of hazardous waste generated in metric tonnes (includes spent catalysts, contaminated soils, hazardous solvents, and other regulated waste streams); (2) percentage of that hazardous waste that is recycled or recovered. Scope: all owned/operated facilities."
thai,bafs,EM-RM-110a.1,Greenhouse Gas Emissions,"Gross global Scope 1 emissions, percentage covered under emissionslimiting regulations",EM-RM-110a.1,63,bafs_063,no,1753,"Metric tonnes (t) CO₂-e, Percentage (%)",True,Quantitative,Metric tonnes (t) CO2-e|Percentage (%),Scope 1|greenhouse gas|GHG|CO2-e|emissions-limiting regulations|combustion|refinery emissions|cap-and-trade|carbon tax,"Two values: (1) total gross global Scope 1 GHG emissions in metric tonnes CO2-e from all owned/operated refining and marketing assets (combustion, process emissions, fugitives); (2) percentage covered under emissions-limiting regulations (cap-and-trade, carbon tax, regulatory limits). Note: unlike EM-EP, does NOT require methane percentage breakdown."
thai,bafs,EM-RM-110a.2,Greenhouse Gas Emissions,"Discussion of long- and short-term strategy or plan to manage Scope 1 emissions, emissions reduction targets, and an analysis of performance against those targets",EM-RM-110a.2,63,bafs_063,no,"บริษัทได้มีการปรับปรุงแผนแม่บทและ เป้าหมายการลดก๊าซเรือนกระจกใหม่ในปี 2567 โดยตั้งเป้าหมายการลดการปล่อยก๊าซ เรือนกระจกในขอบเขตที่ 1, 2 และ 3 ให้ลดลง ร้อยละ 3.46 ต่อปีเทียบจากปีฐานปี 2567 อีกทั้งมุ่งเน้นที่จะลดการปล่อยก๊าซเรือนกระจก ลงร้อยละ 20 ภายในปี 2573",-,True,Discussion and Analysis,n/a,emissions reduction strategy|GHG targets|climate strategy|carbon reduction|refinery efficiency|emissions performance|net zero|energy efficiency,Qualitative discussion covering: (1) long-term and short-term strategy/plan to manage Scope 1 emissions from refining operations; (2) specific emissions reduction targets (absolute or intensity-based); (3) performance analysis against those targets including progress to date.
thai,bafs,EM-RM-120a.1,Air Quality,Air emissions of volatile organic compounds (VOCs),EM-RM-120a.1,211,bafs_211,no,0.007,Metric tonnes(t),False,Quantitative,Metric tonnes (t),NOx|SOx|VOCs|volatile organic compounds|particulate matter|PM10|hydrogen sulphide|H2S|air pollution|criteria pollutants|refinery emissions,Five values in metric tonnes: (1) NOx (EXCLUDES N2O); (2) SOx; (3) total VOCs; (4) PM10; (5) hydrogen sulphide (H2S). H2S is unique to refining vs E&P. Covers all owned/operated refining and marketing facilities.
thai,bafs,EM-RM-150a.1,Hazardous Materials Management,Amount of hazardous waste generated,EM-RM-150a.1,71,bafs_071,no,7699,"Metric tonnes (t), Percentage (%)",True,Quantitative,Metric tonnes (t)|Percentage (%),hazardous waste|waste generation|waste recycling|spent catalyst|hazardous materials|waste disposal|RCRA|hazardous waste management,"Two values: (1) total amount of hazardous waste generated in metric tonnes (includes spent catalysts, contaminated soils, hazardous solvents, and other regulated waste streams); (2) percentage of that hazardous waste that is recycled or recovered. Scope: all owned/operated facilities."
thai,bafs,EM-RM-150a.1,Hazardous Materials Management,Percentage recycled,EM-RM-150a.1,61,bafs_061,no,100,"Metric tonnes (t), Percentage (%)",True,Quantitative,Metric tonnes (t)|Percentage (%),hazardous waste|waste generation|waste recycling|spent catalyst|hazardous materials|waste disposal|RCRA|hazardous waste management,"Two values: (1) total amount of hazardous waste generated in metric tonnes (includes spent catalysts, contaminated soils, hazardous solvents, and other regulated waste streams); (2) percentage of that hazardous waste that is recycled or recovered. Scope: all owned/operated facilities."
thai,cv,M-CO-110a.2,Greenhouse Gas Emissions,"Discussion of long- and short-term strategy or plan to manage Scope 1 emissions, emissions reduction targets, and an analysis of performance against those targets",EM-CO-110a.2,19,cv_019,yes,"บริษัทฯ ตระหนักถึงความสำคัญของการดำเนินงานด้วยความรับผิดชอบต่อสิ่งแวดล้อม ใส่ใจ ต่อภาวะโลกร้อนและการมีส่วนร่วมในการตอบสนองต่อการเปลี่ยนแปลงสภาพภูมิอากาศ จึง ได้มีการวัดปริมาณการปล่อยก๊าซเรือนกระจกของผลิตภัณฑ์และองค์กร เพื่อนำไปสู่การ จัดการและลดการปล่อยก๊าซเรือนกระจกขององค์กร ในปี 2565 บริษัทได้เริ่มทำการประเมินคาร์บอนฟุตพริ้นท์องค์กร (Carbon Footprint Organization: CFO) และคาร์บอนฟุตพริ้นท์ของผลิตภัณฑ์ (Carbon Footprint Product: CFP) โดยบริษัทฯ ได้รับการรับรอง CFP หน่วยผลิตไฟฟ้าจำนวน 3 โครงการ ประกอบด้วย โรงไฟฟ้าโคลเวอร์ เพาเวอร์ (CVP), โรงไฟฟ้าโคลเวอร์ พิษณุโลก (CPL), และ โรงไฟฟ้าโคล เวอร์ พิจิตร (CPX) ในปี 2566 บริษัทฯ ได้ดำเนินการคำนวณปริมาณการปล่อยก๊าซเรือนกระจกขององค์กร ต่อเนื่องเป็นปีที่ 2 (Carbon Footprint Organization) โดยได้รับการสอบทวนจากผู้สอบ ทวนภายนอก โดยบริษัท แอลอาร์คิวเอ (ประเทศไทย) จำกัด มีปริมาณเท่ากับ 60,220 ตัน คาร์บอนไดออกไซด์ (Scope 1 และ 2) ด้วยขอบเขตของการคำนวณของโรงไฟฟ้ารวม 4 โรง ประกอบด้วยโรงไฟฟ้าชีวมวล 2 โรง และโรงไฟฟ้าขยะ 1 โรง และอีก 1 โรงงานแปรรูปของ บริษัท โคลเวอร์ รีไซเคิ้ล จำกัด (CVR) ปริมาณคาร์บอนฟุตพริ้นท์องค์กร (Scope 1 และ 2) ของปี 2566 เพิ่มขึ้น 12.9% โดย เพิ่มขึ้นจากโรงไฟฟ้า CPX ที่มีการผลิตไฟฟ้าเพิ่มขึ้น (ใช้เชื้อเพลิง RDF เพิ่มขึ้น) และจาก โรงไฟฟ้าพลังความร้อนร่วม SPP ซึ่งเชื้อเพลิงก๊าซธรรมชาติ มีการเดินเครื่องผลิตมากกว่า ของปี 2565 และโรงแปรรูปขยะ CVR เปิดดำเนินการในช่วงกลางปี 2566 เพิ่มเข้ามา ส่วนคาร์บอนฟุตพริ้นท์องค์กรของส่วนสำนักงาน ลดลง 66%, โรงไฟฟ้า CVP ลดลง 4%, CPL ลดลง 2% จากปี 2565",N/A,True,Discussion and Analysis,n/a,Scope 1|emissions reduction target|GHG strategy|long-term plan|short-term plan|reduction target|base year|performance analysis|EU ETS|cap-and-trade|carbon emissions strategy,"Qualitative discussion of strategy/plan to manage Scope 1 GHG emissions. Must include: reduction targets (scope, absolute vs intensity, % reduction, timeline, mechanism), performance vs targets, and activities/investments required."
thai,cv,EM-CO-150a.2,Waste Management,Total weight of non-mineral waste generated,EM-CO-150a.2,15,cv_015,yes,30443,Metric tonnes (t),True,Quantitative,Metric tonnes (t),non-mineral waste|waste generated|scrap metal|reject coal|used oil|tyres|batteries|solid waste|metric tonnes,"Total weight in metric tonnes of NON-MINERAL waste (scrap metal, reject coal, used oil, tyres, batteries, other solid wastes). EXCLUDES overburden, waste rock, tailings, and gaseous wastes."
thai,cv,EM-CO-150a.5,Waste Management,Total weight of hazardous waste generated,EM-CO-150a.5,17,cv_017,yes but not complete,6.5,Metric tonnes (t),False,Quantitative,Metric tonnes (t),hazardous waste|hazardous waste generated|Basel Convention|UNEP|metric tonnes|toxic waste,"Total weight in metric tonnes of hazardous waste generated, defined per applicable jurisdictional legal/regulatory framework or UNEP Basel Convention. Entity must also disclose the framework used."
thai,cv,EM-CO-150a.8,Waste Management,Description of waste management policies and procedures for active and inactive operations,EM-CO-150a.8,11,cv_011,yes,"มีมาตราการจัดการขยะในบริษัทฯ โดยการจัดจุดคัดแยกขยะและให้ความรู้ในการ
คัดแยกขยะ เพื่อนำไปกำจัดอย่างถูกต้อง โดยพนักงานได้มีส่วนร่วมในการคัดแยก
ขยะอย่างถูกต้องและมีการเก็บข้อมูลน้ำหนักขยะประเภทต่างๆ รายเดือนผ่าน
แอพพลิเคชั่นตลอดทั้งปี",-,True,Discussion and Analysis,n/a,waste management policy|waste procedure|active operations|inactive operations|waste avoidance|recycling|reuse|remediation|decommissioning|waste disposal|project lifecycle,"Qualitative description of waste management policies and procedures covering both active and inactive operations, including mineral and non-mineral waste. Must address lifecycle approach, recycling, disposal, and compliance."
thai,cv,EM-CO-160a.1,Biodiversity Impacts,Description of environmental management policies and practices for active sites,EM-CO-160a.1,11,cv_011,yes,"บริษัทตระหนักถึงความสำคัญของการจัดการทรัพยากรธรรมชาติและสิ่งแวดล้อม และ
บทบาทของธุรกิจที่มีต่อสิ่งแวดล้อมโดยรอบ จึงมุ่งเน้นด้านการพัฒนาด้านพลังงานหมุนเวียน
ซึ่งมีส่วนช่วยลดการปลดปล่อยก๊าซเรือนกระจกของโลก บริษัทดำเนินธุรกิจโดยมีการป้องกัน
และลดผลกระทบทางลบต่อสิ่งแวดล้อมการดำเนินการด้านสิ่งแวดล้อมได้ควบคุมการ
ปฏิบัติงานให้สอดคล้องตามที่กฎหมายกำหนดอย่างเคร่งครัด การพัฒนาระบบต่างๆ เพื่อให้
ครอบคลุมมาตรฐานด้านการจัดการด้านสิ่งแวดล้อมของบริษัทฯ รวมถึงมีส่วนร่วมกับชุมชน
ในการดูแลระบบนิเวศน์รอบโรงไฟฟ้า การอนุรักษ์ป่าชุมชน โดยมีแนวปฏิบัติดังต่อไปนี้

1. กำหนดนโยบายด้านความยั่งยืน ประกอบด้วย มิติสิ่งแวดล้อม มิติสังคม และมิติ
เศรษฐกิจเพื่อให้หน่วยงานที่เกี่ยวข้องยึดถือปฏิบัติในการดำเนินงานในสิ่งที่
เกี่ยวข้องได้อย่างถูกต้อง ครบถ้วนและสอดคล้องกับข้อกำหนดกฎหมาย
2. กำหนดให้มีเจ้าหน้าที่ความปลอดภัยและสิ่งแวดล้อมประจำทุกโรงไฟฟ้า โดยได้
แต่งตั้งและระบุไว้ในรายงานประมวลหลักการปฏิบัติ (Code of practice : CoP)
3. ดำเนินงานด้านความปลอดภัย อาชีวอนามัยและสิ่งแวดล้อม โดยใช้มาตรฐาน
กฎหมายเป็นแนวทางในการปฏิบัติ
4. โรงไฟฟ้าทุกโรงมีการบำบัดอากาศออกปล่องด้วยเทคโนโลยีดักจับฝุ่นที่มี
ประสิทธิภาพสูง อาทิ โรงไฟฟ้าชีวมวลใช้เครื่องดักจับฝุ่นแบบไฟฟ้าสถิตย์ (ESP)
โรงไฟฟ้าขยะใช้เทคโนโลยีแบบถุงกรอง (Bag filter) ซึ่งฝุ่นละออง ก๊าซซัลเฟอร์ได
ออกไซด์ ก๊าซไนโตรเจนไดออกไซด์ และก๊าซอื่นๆ ที่เกิดขึ้นจะถูกกำจัดก่อนปล่อย
ออกสู่บรรยากาศ เพื่อไม่ให้เกิดมลพิษทางอากาศ
5. ออกแบบให้น้ำทิ้งที่เกิดจากกระบวนการผลิตของโรงไฟฟ้า CVP และ CPL จะถูก
ปรับสภาพทางกายภาพด้วยบ่อผึ่งและน้ำจะถูกเวียนกลับมาใช้ในกระบวนการผลิต
ใหม่โดยไม่มีการปล่อยออกสู่ภายนอกกระบวนการผลิตหรือที่เรียกว่าระบบ Zero
Discharge สำหรับโรงไฟฟ้า CPX ซึ่งอยู่ในบริเวณการนิคม น้ำเสียจะถูกส่งไปยัง
บ่อบำบัดส่วนกลางของการนิคมเพื่อบำบัดต่อไป
6. เปิดเผยผลการดำเนินการตรวจวัดคุณภาพสิ่งแวดล้อมแก่ชุมชนให้ได้รับทราบ และ
รับฟังข้อเสนอแนะเพิ่มเติมเพื่อดูแลคุณภาพสิ่งแวดล้อมรอบโรงไฟฟ้า
7. มีมาตราการจัดการขยะในบริษัทฯ โดยการจัดจุดคัดแยกขยะและให้ความรู้ในการ
คัดแยกขยะ เพื่อนำไปกำจัดอย่างถูกต้อง โดยพนักงานได้มีส่วนร่วมในการคัดแยก
ขยะอย่างถูกต้องและมีการเก็บข้อมูลน้ำหนักขยะประเภทต่างๆ รายเดือนผ่าน
แอพพลิเคชั่นตลอดทั้งปี
8. ให้ความสำคัญ และมีส่วนร่วมกับชุมชน ประเทศ และสังคมโลก ในการอนุรักษ์
ความหลากหลายทางชีวภาพ (Biodiversity) ของธรรมชาติ โดยเฉพาะสิ่งแวดล้อม
รอบโรงไฟฟ้า และสิ่งแวดล้อมโลก อาทิ การอนุรักษ์ป่าชุมชน การอนุรักษ์พันธุ์พืช
สมุนไพรหายาก เป็นต้น
9. ดำเนินธุรกิจโดยคำนึงถึงความสอดคล้องกับเป้าหมายการพัฒนาอย่างยั่งยืน
(Sustainable Development Goals: SDGs Goal)",-,True,Discussion and Analysis,n/a,environmental management|biodiversity|active sites|reclamation|IFC Performance Standards|critical habitat|endangered species|ecological impact|conservation|environmental policy,"Qualitative description of environmental management plans at active sites, covering lifecycle stages, topics (biodiversity, waste, emissions, water), references (codes/regulations), and alignment with IFC Performance Standards 1, 3, 4, 6."
thai,cv,EM-CO-210a.2,Rights of Indigenous Peoples,Discussion of engagement processes and due diligence practices with respect to the management of indigenous rights,EM-CO-210a.2,33,cv_033,yes,พนักงาน ถือเป็นทรัพยากรที่สำคัญต่อบริษัทฯ และการดำเนินธุรกิจ การส่งเสริมทักษะ คุณภาพฝีมือแรงงาน การพัฒนาศักยภาพบุคลากร จะทำให้ทั้งพนักงานและบริษัท ก้าวสู่ ความสำเร็จอย่างต่อเนื่องและยั่งยืนร่วมกัน บริษัทฯ จึงส่งเสริมให้มีการปฏิบัติต่อบุคลากรหรือแรงงานอย่างเป็นธรรม มุ่งเน้นความ ปลอดภัย และอาชีวอนามัยในการทำงานของพนักงานโดยถือเป็นพื้นฐานความรับผิดชอบ ของบริษัทฯ ในการปฏิบัติต่อพนักงานด้วยความเป็นธรรมและมีจริยธรรม ในปีที่ผ่านมาบริษัทได้ใช้บริการเจ้าหน้าที่รักษาความปลอดภัยจากบริษัทรักษาความ ปลอดภัย โดยตอบรับให้บริษัทผู้ให้บริการจัดหาเจ้าหน้าที่รักษาความปลอดภัยซึ่งเป็นผู้พิการ (แขน 1 ข้าง) จำนวน 1 นายให้มาปฎิบัติงาน ณ สำนักงานใหญ่ เป็นการให้เกียรติและปฎิบัติ ต่อผู้พิการอย่างเท่าเทียม สนับสนุนให้ผู้พิการมีงานทำตามเหมาะสม,N/A,True,Discussion and Analysis,n/a,indigenous rights|due diligence|free prior informed consent|FPIC|ILO Convention 169|grievance mechanism|community agreement|engagement process|indigenous peoples,"Qualitative description of due diligence practices for indigenous rights management including FPIC processes, grievance mechanisms, community agreements, and governance mechanisms across all project stages."
thai,cv,EM-CO-320a.2,Workforce Health & Safety,Discussion of management of accident and safety risks and long-term health and safety risks,EM-CO-320a.2,31,cv_031,yes,CV ส่งเสริมและดูแลสวัสดิการพนักงาน 1. บริษัทมีการจัดตั้งกองทุนสำรองเลี้ยงชีพ (PVD) สำหรับพนักงาน เพื่อส่งเสริมช่อง ทางการออมและสร้างหลักประกันให้แก่พนักงาน ซึ่งคิดเป็นร้อยละ 67.47 ของ การเข้าร่วมของพนักงานทั้งหมด (สมาชิกมีจำนวน 112/พนักงานทั้งหมด 166) 2. ในปี 2566 บริษัทมีมาตรการและการดูแลพนักงานในช่วงการแพร่ระบาดของเชื้อ ไวรัสโคโรน่า 2019 อย่างต่อเนื่อง 3. บริษัทจัดให้มีการตรวจสุขภาพประจำปีสำหรับพนักงาน โดยให้ความใส่ใจเรื่อง สุขภาพที่ดีของพนักงานเป็นสำคัญ 4. จัดให้มีประกันสุขภาพกลุ่มสำหรับพนักงานทุกคน,N/A,True,Discussion and Analysis,n/a,safety management|accident risk|emergency preparedness|long-term health|chronic lung disease|PPE|personal protective equipment|safety culture|occupational health|safety training,"Qualitative discussion of: (1) accident/safety risk management systems (training, technology, enforcement, emergency preparedness); (2) long-term health risk management (e.g., chronic lung disease via PPE, monitoring). May include third-party verification."
thai,cv,EM-CO-210b.1,Community Relations,Discussion of process to manage risks and opportunities associated with community rights and interests,EM-CO-210b.1,24,cv_024,no,"ปณิธานหลักของ CV ของการอยู่ร่วมกันกับสิ่งแวดล้อมและชุมชนอย่างยั่งยืนและสมดุล
บริษัทฯ มีนโยบายดำเนินธุรกิจด้านความรับผิดชอบต่อสังคม (Corporate Social
Responsibility: CSR) ภายใต้พื้นฐานของการสร้างความยั่งยืนทางธุรกิจเพื่อก่อให้เกิด
ประโยชน์ต่อผู้มีส่วนได้ส่วนเสียทุกฝ่ายที่เกี่ยวข้อง และนำหลักการกำกับดูแลกิจการที่ดีมา
เป็นแนวทางในการพัฒนาความยั่งยืนขององค์กร โดยมุ่งมั่นที่จะเป็นองค์กรธุรกิจที่ช่วย
ยกระดับการพัฒนาชุมชน เศรษฐกิจรอบชุมชน และพัฒนาความยั่งยืนด้านสังคมและ
สิ่งแวดล้อมในระยะยาว ทั้งนี้ บริษัทฯ มีแนวทางและการดำเนินงานตามนโยบาย ดังนี้",N/A,True,Discussion and Analysis,n/a,community rights|community engagement|social impact|non-technical delay|IFC Performance Standards|social impact assessment|SIA|community relations|stakeholder engagement|shared value,"Qualitative description of processes to manage community rights and interests (economic, environmental, social, cultural). Must reference lifecycle stages, IFC Performance Standards 4, 5, 8, and application to contractors/subcontractors."
thai,cv,EM-CO-310a.1,Labour Relations,Percentage of active workforce employed under collective agreements,EM-CO-310a.1,30,cv_030,no,พนักงานชาย 115 คน พนักงานหญิง 51 คน รวม 166 คน,Percentage (%),False,Quantitative,Percentage (%),collective agreement|workforce|active workforce|union|collective bargaining|employees|percentage,"Percentage of active workforce (maximum unique employees at any time in reporting period) employed under collective agreements. EXCLUDES contract workers (not on payroll). Includes full-time, part-time, temporary employees."
thai,pttep,EM-EP-110a.3,Greenhouse Gas Emissions,"Discussion of long- and short-term strategy or plan to manage Scope 1 emissions, emissions reduction targets, and an analysis of performance against those targets",EM-EP-110a.3,256,pttep_256,yes,ปตท.สผ. ได้ตระหนักถึงผลกระทบจากการเปลี่ยนแปลงสภาพภูมิอากาศซึ่งส่งผลกระทบต่อชีวิตความเป็นอยู่ของมนุษย์ สิ่งแวดล้อม รวมถึงระบบเศรษฐกิจจากภัยพิบัติที่ทวีความรุนแรงขึ้นในช่วงหลายปีที่ผ่านมา โดย ปตท.สผ. มีความมุ่งมั่นขับเคลื่อนการลดผลกระทบดังกล่าว และตอบสนองต่อความท้าทายในการปรับตัวสู่การเปลี่ยนผ่านด้านพลังงานของประชาคมโลก จึงได้กำหนดเป้าหมายการปล่อยก๊าซเรือนกระจกสุทธิเป็นศูนย์ภายในปี 2593 (Net Zero Greenhouse Gas Emissions by 2050) ซึ่งครอบคลุมการปล่อยก๊าซเรือนกระจกทั้งในรูปแบบทางตรง (Scope 1) และทางอ้อม (Scope 2) สำหรับธุรกิจสำรวจและผลิตปิโตรเตรเลียมที่บริษัทฯ เป็นผู้ดำเนินการ (Operational Control) นอกจากนี้เพื่อให้มั่นใจว่าองค์กรจะสามารถลดการปล่อยก๊าซเรือนกระจกต่อหน่วยการผลิตอย่างต่อเนื่อง บริษัทฯ จึงกำหนดเป้าหมายระหว่างทางในรูปแบบลดความเข้ม (Intensity) ของการปล่อยก๊าซเรือนกระจกไม่น้อยกว่าร้อยละ 30 ภายในปี 2573 และร้อยละ 50 ภายในปี 2583 จากปีฐาน 2563 ผ่านการลดการปล่อยก๊าซเรือนกระจกในกระบวนการผลิตในโครงการต่าง ๆ ของบริษัทฯ รวมไปถึงการคัดเลือกโครงการที่มีความเข้มการปล่อยก๊าซเรือนกระจกต่ำเข้ามาใน Portfolio และการชุดเชยการปล่อยก๊าซเรือนกระจกผ่านการดำเนินโครงการลด ดูดชับ และกักเก็บก๊าซเรือนกระจกแบบสมัครใจภายนอกขอบเขตการดำเนินธุรกิจของบริษัทฯ,N/A,True,Discussion and Analysis,n/a,emissions reduction strategy|GHG targets|climate strategy|net zero|carbon reduction plan|flare reduction|methane reduction|emissions performance,Qualitative discussion covering: (1) long-term and short-term strategy/plan to manage Scope 1 emissions; (2) specific emissions reduction targets (absolute or intensity); (3) analysis of performance against those targets. Must include timeframe for targets and progress to date.
thai,pttep,EM-EP-320a.1,Workforce Health & Safety,Total recordable incident rate (TRIR) for direct employees,EM-EP-320a.1,267,pttep_267,yes,0.8,"Rate, Hours (h)",True,Quantitative,Rate,TRIR|total recordable incident rate|fatality rate|recordable incidents|workplace injuries|contractor safety|occupational safety|OSHA,"Four rate values: TRIR and fatality rate each for (a) direct full-time employees and (b) contract employees. TRIR = (number of recordable incidents × 200,000) / total hours worked. Fatality rate = (number of fatalities × 200,000) / total hours worked. Scope: all operations."
thai,pttep,EM-EP-320a.2,Workforce Health & Safety,Discussion of management systems used to integrate a culture of safety throughout the exploration and production lifecycle,EM-EP-320a.2,265,pttep_265,yes,ปตท.สผ. มุ่งเน้นการบริหารจัดการห่วงโซ่อุปทานอย่างมีประสิทธิภาพ เพื่อป้องกันและลดความเสี่ยงในด้านสิ่งแวดล้อม สังคม และการกำกับดูแลกิจการที่ดี พร้อมสร้างคุณค่าร่วม และพัฒนาศักยภาพของคู่ค้าให้เติบโต และรองรับ การเปลี่ยนแปลงด้านพลังงานไปด้วยกัน โดยได้กำหนดให้ คู่ค้าทุกรายคงสภาพยอมรับการปฏิบัติตามแนวทางการปฏิบัติ อย่างยั่งยืนของคู่ค้า (PTTEP Vendor Sustainable Code of Conduct) และยังได้ขยายผลการสร้างความรู้ความเข้าใจ เกี่ยวกับการกำกับดูแลกิจการที่ดีและจริยธรรมทางธุรกิจ (CG&BE) ไปยังคู่ค้าของบริษัทฯ อย่างต่อเนื่องผ่านการอบรม ในรูปแบบออนไลน์ ร่วมถึงการขยายความแข็งแกร่งใน วัฒนธรรมองค์กรด้านความปลอดภัยร่วมกันระหว่างบริษัทฯ กับคู่ค้าและผู้รับเหมา ปตท.สผ. จึงจัดประชุมด้าน ความปลอดภัย มั่นคง อาชีวอนามัย และสิ่งแวดล้อม (SSHE Forum) ประจำปี ซึ่งดำเนินการมามากกว่า 20 ปี เพื่อพัฒนา ประสิทธิภาพด้านความปลอดภัย มั่นคง อาชีวอนามัย และ สิ่งแวดล้อม พร้อมมุ่งสู่การเป็นองค์กรที่ปราศจากอุบัติเหตุ และสนับสนุนเป้าหมายการปล่อยก๊าซเรือนกระจกสุทธิเป็นศูนย์ หรือ EP Net Zero 2050 ของบริษัทฯ อีกด้วย,N/A,True,Discussion and Analysis,n/a,safety management system|safety culture|process safety|HSE management|safety leadership|exploration lifecycle|production lifecycle|behaviour-based safety,"Qualitative description of safety management systems including: safety leadership and culture programmes, risk assessment processes, incident investigation procedures, safety training, contractor management, and integration of safety across exploration, drilling, and production phases."
thai,pttep,EM-EP-420a.3,Reserves Valuation & Capital Expenditures,"Amount invested in renewable energy, revenue generated by renewable energy sales",EM-EP-420a.3,253,pttep_253,yes,725,Presentation currency,True,Quantitative,Presentation currency,renewable energy investment|renewable energy revenue|clean energy|solar|wind|energy transition|capital allocation|diversification,"Two values in presentation currency: (1) total capital invested in renewable energy projects during reporting period; (2) total revenue generated from renewable energy sales. Includes solar, wind, geothermal, and other renewable energy investments and operations."
thai,pttep,EM-EP-110a.3,Greenhouse Gas Emissions,"Discussion of long- and short-term strategy or plan to manage Scope 1 emissions, emissions reduction targets, and an analysis of performance against those targets",EM-EP-110a.3,257,pttep_257,no,ปตท.สผ. ได้ตระหนักถึงผลกระทบจากการเปลี่ยนแปลงสภาพภูมิอากาศซึ่งส่งผลกระทบต่อชีวิตความเป็นอยู่ของมนุษย์ สิ่งแวดล้อม รวมถึงระบบเศรษฐกิจจากภัยพิบัติที่ทวีความรุนแรงขึ้นในช่วงหลายปีที่ผ่านมา โดย ปตท.สผ. มีความมุ่งมั่นขับเคลื่อนการลดผลกระทบดังกล่าว และตอบสนองต่อความท้าทายในการปรับตัวสู่การเปลี่ยนผ่านด้านพลังงานของประชาคมโลก จึงได้กำหนดเป้าหมายการปล่อยก๊าซเรือนกระจกสุทธิเป็นศูนย์ภายในปี 2593 (Net Zero Greenhouse Gas Emissions by 2050) ซึ่งครอบคลุมการปล่อยก๊าซเรือนกระจกทั้งในรูปแบบทางตรง (Scope 1) และทางอ้อม (Scope 2) สำหรับธุรกิจสำรวจและผลิตปิโตรเตรเลียมที่บริษัทฯ เป็นผู้ดำเนินการ (Operational Control) นอกจากนี้เพื่อให้มั่นใจว่าองค์กรจะสามารถลดการปล่อยก๊าซเรือนกระจกต่อหน่วยการผลิตอย่างต่อเนื่อง บริษัทฯ จึงกำหนดเป้าหมายระหว่างทางในรูปแบบลดความเข้ม (Intensity) ของการปล่อยก๊าซเรือนกระจกไม่น้อยกว่าร้อยละ 30 ภายในปี 2573 และร้อยละ 50 ภายในปี 2583 จากปีฐาน 2563 ผ่านการลดการปล่อยก๊าซเรือนกระจกในกระบวนการผลิตในโครงการต่าง ๆ ของบริษัทฯ รวมไปถึงการคัดเลือกโครงการที่มีความเข้มการปล่อยก๊าซเรือนกระจกต่ำเข้ามาใน Portfolio และการชุดเชยการปล่อยก๊าซเรือนกระจกผ่านการดำเนินโครงการลด ดูดชับ และกักเก็บก๊าซเรือนกระจกแบบสมัครใจภายนอกขอบเขตการดำเนินธุรกิจของบริษัทฯ,N/A,True,Discussion and Analysis,n/a,emissions reduction strategy|GHG targets|climate strategy|net zero|carbon reduction plan|flare reduction|methane reduction|emissions performance,Qualitative discussion covering: (1) long-term and short-term strategy/plan to manage Scope 1 emissions; (2) specific emissions reduction targets (absolute or intensity); (3) analysis of performance against those targets. Must include timeframe for targets and progress to date.
