sample_id,lang,report_stem,topic,metric_code,gold_pages,has_gold,candidate_recall_at10,candidate_recall_vlm_pool,vlm_pool_size,fused_top1,fused_top5,fused_hit_at_1,fused_hit_at_5,fused_hit_at_10,fused_near_at_1,fused_reciprocal_rank,vlm_top1,vlm_top5,vlm_hit_at_1,vlm_hit_at_5,vlm_hit_at_10,vlm_near_at_1,vlm_reciprocal_rank,no_relevant_page,category
248802454c38b4bfbf84,chinese,alchip,水管理,TC-SC-140a.1,32,True,True,True,20,31,31|32|29|30|33,0.0,1.0,1.0,1.0,0.5,31,31|32|33|29|30,0.0,1.0,1.0,1.0,0.5,False,neither_top1
9df1172da2c4f1e468ad,chinese,alchip,製造之能源管理,,31,True,True,True,20,29,29|31|33|32|30,0.0,1.0,1.0,0.0,0.5,31,31|32|33|29|30,1.0,1.0,1.0,1.0,1.0,False,vlm_improved_top1
9f2360a68977289ab8c4,chinese,alchip,水管理,TC-SC-140a.1,32,True,True,True,20,31,31|32|29|30|33,0.0,1.0,1.0,1.0,0.5,32,32|31|29|30|33,1.0,1.0,1.0,1.0,1.0,False,vlm_improved_top1
a45840eb9674d07b1a25,chinese,alchip,水管理,TC-SC-140a.1,32,True,True,True,20,29,29|30|31|33|32,0.0,1.0,1.0,0.0,0.2,32,32|33|31|30|34,1.0,1.0,1.0,1.0,1.0,False,vlm_improved_top1
b03198cdfb091737bc16,chinese,alchip,勞工健康與安全,TC-SC-320a.1,,False,,,20,29,29|30|31|40|44,,,,,,44,44|40|43|38|39,,,,,,False,empty_gold
dd5972387b0ecc6e037e,chinese,alchip,製造之能源管理,,31,True,True,True,20,31,31|29|33|32|30,1.0,1.0,1.0,1.0,1.0,31,31|29|33|32|30,1.0,1.0,1.0,1.0,1.0,True,both_top1
06f05bf13faa832d045d,chinese,esun,普惠金融與能力建構,,77,True,False,False,20,132,132|143|131|133|129,0.0,0.0,0.0,0.0,0.03571428571428571,194,194|193|132|131|129,0.0,0.0,0.0,0.0,0.0,True,candidate_recall_miss
076fa0e067c29f4f0b0c,chinese,esun,一般資訊,,14,True,True,True,20,198,198|75|195|14|193,0.0,1.0,1.0,0.0,0.25,75,75|194|198|193|74,0.0,0.0,0.0,0.0,0.08333333333333333,False,neither_top1
2daad2ab367055c23cba,chinese,esun,一般資訊,,14,True,True,True,20,198,198|75|195|14|194,0.0,1.0,1.0,0.0,0.25,75,75|195|14|194|193,0.0,1.0,1.0,0.0,0.3333333333333333,True,neither_top1
30dc9da4907e833d89a0,chinese,esun,一般資訊,,14,True,True,True,20,75,75|80|14|193|68,0.0,1.0,1.0,0.0,0.3333333333333333,75,75|195|14|80|193,0.0,1.0,1.0,0.0,0.3333333333333333,False,neither_top1
3f160c246ec49f7097e3,chinese,esun,普惠金融與能力建構,FN-CB-240a.1,75,True,True,True,20,75,75|194|74|71|64,1.0,1.0,1.0,1.0,1.0,75,75|71|194|74|64,1.0,1.0,1.0,1.0,1.0,False,both_top1
452c7b564ceff476f65b,chinese,esun,一般資訊,,14,True,True,True,20,198,198|195|115|194|138,0.0,0.0,1.0,0.0,0.1111111111111111,195,195|194|198|115|138,0.0,0.0,1.0,0.0,0.1111111111111111,True,neither_top1
4e1a13414b336d525da8,chinese,esun,普惠金融與能力建構,FN-CB-240a.1,75,True,True,True,20,75,75|74|194|71|195,1.0,1.0,1.0,1.0,1.0,75,75|74|194|71|195,1.0,1.0,1.0,1.0,1.0,False,both_top1
4f8bdbf96a1d8231c22d,chinese,esun,一般資訊,,14,True,True,True,20,80,80|193|14|75|68,0.0,1.0,1.0,0.0,0.3333333333333333,80,80|193|14|75|68,0.0,1.0,1.0,0.0,0.3333333333333333,True,neither_top1
5e3fb5b305b96f0140b8,chinese,esun,商業倫理,,97,True,False,False,20,195,195|104|135|136|138,0.0,0.0,0.0,0.0,0.0,195,195|104|135|136|138,0.0,0.0,0.0,0.0,0.0,True,candidate_recall_miss
791aeca0d93957e6e5ef,chinese,esun,商業倫理,,97,True,False,False,20,138,138|130|137|129|119,0.0,0.0,0.0,0.0,0.0,138,138|130|137|129|119,0.0,0.0,0.0,0.0,0.0,True,candidate_recall_miss
80776b5d0ac910030499,chinese,esun,一般資訊,,14,True,True,True,20,198,198|195|135|115|194,0.0,0.0,1.0,0.0,0.16666666666666666,195,195|198|194|135|115,0.0,0.0,1.0,0.0,0.16666666666666666,False,neither_top1
a8c999a993563a9e6022,chinese,esun,一般資訊,,14,True,False,False,20,80,80|75|193|195|68,0.0,0.0,0.0,0.0,0.038461538461538464,75,75|80|193|195|68,0.0,0.0,0.0,0.0,0.0,False,candidate_recall_miss
b210cf230d476bc53a6c,chinese,esun,將環境、社會及治理因素納入信用分析,FN-CB-410a.2,58,True,True,True,20,58,58|194|7|8|37,1.0,1.0,1.0,1.0,1.0,58,58|39|38|59|64,1.0,1.0,1.0,1.0,1.0,False,both_top1
bba2d70d4f0dc09f69f3,chinese,esun,一般資訊,,14,True,False,False,20,198,198|195|193|194|135,0.0,0.0,0.0,0.0,0.0,198,198|195|193|194|135,0.0,0.0,0.0,0.0,0.0,True,candidate_recall_miss
beae732cfc3b01ff38f6,chinese,esun,一般資訊,,14,True,True,True,20,80,80|75|193|14|68,0.0,1.0,1.0,0.0,0.25,75,75|80|14|191|193,0.0,1.0,1.0,0.0,0.3333333333333333,False,neither_top1
caf169832bf6d03ccd32,chinese,esun,普惠金融與能力建構,,77,True,False,False,20,109,109|115|132|114|134,0.0,0.0,0.0,0.0,0.0,109,109|115|132|114|134,0.0,0.0,0.0,0.0,0.0,True,candidate_recall_miss
db022f6b9cef8fdc832a,chinese,esun,一般資訊,,14,True,True,True,20,80,80|193|14|75|195,0.0,1.0,1.0,0.0,0.3333333333333333,75,75|195|68|194|193,0.0,0.0,1.0,0.0,0.16666666666666666,False,neither_top1
841d178137ad30b5ec5b,chinese,fpcc,溫室氣體排放,,57,True,True,True,20,123,123|137|118|129|130,0.0,0.0,1.0,0.0,0.125,57,57|123|129|137|118,1.0,1.0,1.0,1.0,1.0,False,vlm_improved_top1
897b5595ce02401ff438,chinese,fpcc,法律及監管環境管理,EM-RM-530a.1,38|39|40|42,True,False,False,20,125,125|10|117|12|46,0.0,0.0,0.0,0.0,0.038461538461538464,125,125|11|117|10|12,0.0,0.0,0.0,0.0,0.0,False,candidate_recall_miss
914c3d4375402a23082a,chinese,fpcc,溫室氣體排放,,56,True,False,False,20,123,123|137|118|129|136,0.0,0.0,0.0,0.0,0.0,129,129|137|123|136|118,0.0,0.0,0.0,0.0,0.0,False,candidate_recall_miss
d2640a7357ceeb8e1429,chinese,fpcc,有害材料管理,EM-RM-150a.1,67,True,False,False,20,124,124|123|31|125|46,0.0,0.0,0.0,0.0,0.06666666666666667,124,124|136|123|31|125,0.0,0.0,0.0,0.0,0.0,False,candidate_recall_miss
d5de42da7576d460f285,chinese,fpcc,勞工健康與安全,EM-RM-320a.2,79|81,True,False,False,20,125,125|117|85|31|83,0.0,0.0,0.0,0.0,0.0,83,83|85|87|86|84,0.0,0.0,0.0,0.0,0.0,False,candidate_recall_miss
fcca5dfb8842d339ef29,chinese,fpcc,溫室氣體排放,EM-RM-110a.2,56|57|58,True,False,True,20,123,123|44|55|46|117,0.0,0.0,0.0,0.0,0.0,54,54|47|45|56|53,0.0,1.0,1.0,0.0,0.25,False,candidate_recall_miss
1835a8a50b2e52899d66,chinese,gtg,Energy Affordability,IF-GU-240a.1,,False,,,20,52,52|54|41|51|33,,,,,,52,52|54|41|51|33,,,,,,True,empty_gold
1c6027226e1fad89e1c1,chinese,gtg,Integrity of Gas Delivery Infrastructure,IF-GU-540a.1,,False,,,20,33,33|54|27|52|29,,,,,,52,52|33|30|54|27,,,,,,False,empty_gold
217b5467197b44a5050d,chinese,gtg,Activity Metrics,IF-GU-000.C,,False,,,20,52,52|30|33|12|44,,,,,,52,52|30|33|12|44,,,,,,True,empty_gold
2bdf296539618f3dccaf,chinese,gtg,Activity Metrics,IF-GU-000.A,,False,,,20,52,52|41|39|44|45,,,,,,33,33|52|41|39|44,,,,,,False,empty_gold
412c5d2deb01e84befa2,chinese,gtg,Integrity of Gas Delivery Infrastructure,IF-GU-540a.4,29|30|32,True,True,True,20,52,52|54|33|27|31,0.0,0.0,1.0,0.0,0.125,52,52|54|33|27|31,0.0,0.0,1.0,0.0,0.125,True,neither_top1
49fb7153e06aedceb2fe,chinese,gtg,Energy Affordability,IF-GU-240a.3,,False,,,20,52,52|40|33|54|41,,,,,,52,52|40|33|54|41,,,,,,True,empty_gold
51517c0b380c8853c513,chinese,gtg,Activity Metrics,IF-GU-000.B,,False,,,20,52,52|33|38|12|30,,,,,,52,52|33|38|12|30,,,,,,False,empty_gold
51f1b3e59a3ccba9b62a,chinese,gtg,Activity Metrics,IF-GU-000.B,,False,,,20,52,52|33|39|30|12,,,,,,52,52|33|39|30|12,,,,,,True,empty_gold
589088d850c91597c388,chinese,gtg,Integrity of Gas Delivery Infrastructure,IF-GU-540a.1,,False,,,20,33,33|54|27|52|29,,,,,,52,52|33|27|30|29,,,,,,False,empty_gold
6a8c4ff0a242687137fb,chinese,gtg,Activity Metrics,IF-GU-000.A,,False,,,20,52,52|41|39|44|45,,,,,,52,52|41|39|44|45,,,,,,False,empty_gold
71b1be64304c5b107915,chinese,gtg,End-Use Efficiency,IF-GU-420a.2,,False,,,20,52,52|41|54|33|39,,,,,,52,52|41|54|33|39,,,,,,True,empty_gold
7fceb86040e6aa782e4c,chinese,gtg,Energy Affordability,IF-GU-240a.1,,False,,,20,52,52|54|41|33|40,,,,,,52,52|54|41|33|40,,,,,,True,empty_gold
830241f03b1b5a2cd1fe,chinese,gtg,Integrity of Gas Delivery Infrastructure,IF-GU-540a.2,,False,,,20,33,33|54|52|30|31,,,,,,52,52|33|30|28|29,,,,,,False,empty_gold
86aa461b0657239b9afe,chinese,gtg,Integrity of Gas Delivery Infrastructure,IF-GU-540a.2,,False,,,20,33,33|52|54|30|31,,,,,,33,33|52|54|30|31,,,,,,True,empty_gold
8a629981505312004cb2,chinese,gtg,Activity Metrics,IF-GU-000.B,,False,,,20,52,52|33|12|39|30,,,,,,52,52|33|12|39|30,,,,,,False,empty_gold
8b442a632f061d6dec09,chinese,gtg,Energy Affordability,IF-GU-240a.3,,False,,,20,52,52|38|54|41|50,,,,,,52,52|38|54|41|50,,,,,,True,empty_gold
8f369bf60d5f40ff42f2,chinese,gtg,Activity Metrics,IF-GU-000.A,,False,,,20,52,52|41|39|44|45,,,,,,33,33|52|41|39|44,,,,,,False,empty_gold
a743f5d239b7b13e4248,chinese,gtg,Energy Affordability,IF-GU-240a.4,,False,,,20,52,52|33|54|42|35,,,,,,52,52|33|54|42|35,,,,,,True,empty_gold
bcc995e590728abad9b2,chinese,gtg,Integrity of Gas Delivery Infrastructure,IF-GU-540a.1,,False,,,20,54,54|33|52|27|29,,,,,,52,52|35|29|42|27,,,,,,False,empty_gold
c6062ddafab0db8a96ff,chinese,gtg,Energy Affordability,IF-GU-240a.1,,False,,,20,52,52|54|41|51|40,,,,,,52,52|54|41|51|40,,,,,,True,empty_gold
efa0ead125159b80ddd8,chinese,gtg,Activity Metrics,IF-GU-000.B,,False,,,20,52,52|33|12|39|30,,,,,,52,52|33|12|39|30,,,,,,False,empty_gold
f0043dd3f1ef117bc445,chinese,gtg,Integrity of Gas Delivery Infrastructure,IF-GU-540a.2,,False,,,20,33,33|52|54|30|31,,,,,,52,52|29|28|33|54,,,,,,False,empty_gold
4702c5404d863e1c9e81,chinese,inx,材料取得,TC-SC-440a.1,70,True,True,True,20,174,174|70|67|130|152,0.0,1.0,1.0,0.0,0.5,70,70|69|67|127|174,1.0,1.0,1.0,1.0,1.0,False,vlm_improved_top1
683c9ddef4d92b35892f,chinese,inx,供應鏈管理,,69,True,False,False,20,170,170|172|171|174|121,0.0,0.0,0.0,0.0,0.05,174,174|171|172|170|173,0.0,0.0,0.0,0.0,0.0,False,candidate_recall_miss
6dd8c057d87af2fb9492,chinese,inx,供應鏈管理,,69,True,False,False,20,170,170|121|130|171|167,0.0,0.0,0.0,0.0,0.05555555555555555,170,170|121|130|171|167,0.0,0.0,0.0,0.0,0.0,True,candidate_recall_miss
719cd29975ae456e1d68,chinese,inx,供應鏈管理,,69,True,False,False,20,170,170|121|130|171|167,0.0,0.0,0.0,0.0,0.05555555555555555,170,170|171|167|169|168,0.0,0.0,0.0,0.0,0.0,True,candidate_recall_miss
84039f11f928fe883eac,chinese,inx,供應鏈管理,,69,True,False,False,20,170,170|172|130|171|167,0.0,0.0,0.0,0.0,0.05263157894736842,174,174|170|172|130|171,0.0,0.0,0.0,0.0,0.0,True,candidate_recall_miss
c1fa043be97f6421fb87,chinese,inx,供應鏈管理,,69,True,False,True,20,67,67|170|172|174|121,0.0,0.0,0.0,0.0,0.05,174,174|67|121|170|172,0.0,0.0,1.0,0.0,0.1111111111111111,False,candidate_recall_miss
da7820ce83cf834a6a80,chinese,inx,員工多元及包容性,TC-SC-330a.1,84,True,False,False,20,69,69|91|106|174|97,0.0,0.0,0.0,0.0,0.0,69,69|91|106|174|97,0.0,0.0,0.0,0.0,0.0,True,candidate_recall_miss
ded84d16a6c52b620891,chinese,inx,員工多元及包容性,TC-SC-330a.1,84,True,False,False,20,69,69|91|106|174|67,0.0,0.0,0.0,0.0,0.0,69,69|91|106|174|67,0.0,0.0,0.0,0.0,0.0,True,candidate_recall_miss
2f0d501707150c50147d,chinese,kye,員工多元及包容性,TC-SC-330a.1,,False,,,20,73,73|77|80|76|72,,,,,,77,77|80|76|72|6,,,,,,True,empty_gold
433fe03fd13edfdbc835,chinese,kye,員工多元及包容性,TC-SC-330a.1,22,True,False,False,20,73,73|77|80|76|72,0.0,0.0,0.0,0.0,0.0,75,75|77|80|76|73,0.0,0.0,0.0,0.0,0.0,True,candidate_recall_miss
fd7ea4f0c26bac7af415,chinese,kye,材料取得,TC-SC-440a.1,,False,,,20,68,68|67|57|92|70,,,,,,54,54|92|57|68|67,,,,,,False,empty_gold
86c4136268c386bb09dd,chinese,largan,員工多元及包容性,TC-SC-330a.1,75,True,True,True,20,104,104|76|75|105|72,0.0,1.0,1.0,0.0,0.3333333333333333,75,75|76|105|72|74,1.0,1.0,1.0,1.0,1.0,False,vlm_improved_top1
879f4ccca3b0168546ea,chinese,largan,員工多元及包容性,TC-SC-330a.1,75,True,True,True,20,104,104|75|105|76|72,0.0,1.0,1.0,0.0,0.5,75,75|76|105|104|74,1.0,1.0,1.0,1.0,1.0,True,vlm_improved_top1
d1b6a6f27c23b9f59553,chinese,largan,員工多元及包容性,TC-SC-330a.1,75,True,True,True,20,104,104|105|75|76|72,0.0,1.0,1.0,0.0,0.3333333333333333,75,75|76|73|104|105,1.0,1.0,1.0,1.0,1.0,True,vlm_improved_top1
f756a038fe92c49c5dae,chinese,largan,產品安全,TC-SC-410a.1,40,True,False,False,20,58,58|17|105|57|53,0.0,0.0,0.0,0.0,0.0,58,58|17|105|57|53,0.0,0.0,0.0,0.0,0.0,False,candidate_recall_miss
1b25879862e5e4fc7141,chinese,mfhc,資料安全,,40,True,False,False,20,69,69|56|70|66|57,0.0,0.0,0.0,0.0,0.0,69,69|56|70|66|57,0.0,0.0,0.0,0.0,0.0,True,candidate_recall_miss
2582bba597c91b02e937,chinese,mfhc,一般資訊,FN-CB-000.B,34,True,True,True,20,34,34|86|7|82|35,1.0,1.0,1.0,1.0,1.0,86,86|34|7|82|35,0.0,1.0,1.0,0.0,0.5,False,vlm_degraded_top1
30746a55421ccf91d297,chinese,mfhc,資料安全,,40,True,False,False,20,69,69|73|56|66|95,0.0,0.0,0.0,0.0,0.041666666666666664,69,69|73|56|66|95,0.0,0.0,0.0,0.0,0.0,True,candidate_recall_miss
38c836092dc2e68f4343,chinese,mfhc,一般資訊,FN-CB-000.A,34,True,True,True,20,7,7|86|34|35|82,0.0,1.0,1.0,0.0,0.3333333333333333,92,92|6|87|84|88,0.0,0.0,0.0,0.0,0.06666666666666667,True,neither_top1
48a748982794bdd26320,chinese,mfhc,一般資訊,FN-CB-000.B,34,True,True,True,20,92,92|35|86|34|42,0.0,1.0,1.0,0.0,0.25,34,34|92|35|86|42,1.0,1.0,1.0,1.0,1.0,True,vlm_improved_top1
6be02c68fb62c73ae06d,chinese,mfhc,將環境、社會及治理因素納入信用分析,FN-CB-410a.2,30,True,True,True,20,92,92|82|83|28|30,0.0,1.0,1.0,0.0,0.2,92,92|82|83|28|30,0.0,1.0,1.0,0.0,0.2,False,neither_top1
6dc521fe128522f48bb1,chinese,mfhc,普惠金融與能力建構,FN-CB-240a.1,34,True,False,True,20,92,92|33|60|82|86,0.0,0.0,0.0,0.0,0.05,34,34|31|32|33|60,1.0,1.0,1.0,1.0,1.0,False,candidate_recall_miss
77ccc6ec4e06c4c042d0,chinese,mfhc,普惠金融與能力建構,FN-CB-240a.2,34,True,True,True,20,33,33|92|82|86|13,0.0,0.0,1.0,1.0,0.16666666666666666,33,33|92|82|86|13,0.0,0.0,1.0,1.0,0.16666666666666666,True,neither_top1
98c28c8aba20cc5e1ea1,chinese,mfhc,一般資訊,FN-CB-000.B,34,True,True,True,20,34,34|86|82|35|83,1.0,1.0,1.0,1.0,1.0,34,34|86|82|35|83,1.0,1.0,1.0,1.0,1.0,False,both_top1
9e0aa44b8c1f76943ad9,chinese,mfhc,一般資訊,FN-CB-000.A,34,True,True,True,20,42,42|86|34|92|16,0.0,1.0,1.0,0.0,0.3333333333333333,92,92|61|42|86|34,0.0,1.0,1.0,0.0,0.2,True,neither_top1
a1574825364597df8164,chinese,mfhc,一般資訊,FN-CB-000.A,34,True,True,True,20,42,42|86|34|92|7,0.0,1.0,1.0,0.0,0.3333333333333333,92,92|42|86|41|34,0.0,1.0,1.0,0.0,0.2,True,neither_top1
a4f3b103d4773e8b5c89,chinese,mfhc,普惠金融與能力建構,FN-CB-240a.1,34,True,True,True,20,33,33|92|82|86|83,0.0,0.0,1.0,1.0,0.16666666666666666,13,13|33|34|81|31,0.0,1.0,1.0,0.0,0.3333333333333333,False,neither_top1
b72fae7297b174804da7,chinese,mfhc,資料安全,,39|40,True,False,False,20,69,69|70|56|55|79,0.0,0.0,0.0,0.0,0.05,69,69|70|56|55|79,0.0,0.0,0.0,0.0,0.0,True,candidate_recall_miss
b8efde469e427e63d8ca,chinese,mfhc,資料安全,,40,True,False,False,20,56,56|66|67|72|69,0.0,0.0,0.0,0.0,0.045454545454545456,56,56|66|67|72|69,0.0,0.0,0.0,0.0,0.0,True,candidate_recall_miss
b962c92b6e01fffff12d,chinese,mfhc,普惠金融與能力建構,FN-CB-240a.2,34,True,False,True,20,92,92|33|82|6|60,0.0,0.0,0.0,0.0,0.047619047619047616,92,92|33|82|6|60,0.0,0.0,0.0,0.0,0.07142857142857142,True,candidate_recall_miss
d754499b0a9a5c833a63,chinese,mfhc,一般資訊,FN-CB-000.B,34,True,True,True,20,86,86|34|42|92|31,0.0,1.0,1.0,0.0,0.5,34,34|86|42|92|31,1.0,1.0,1.0,1.0,1.0,True,vlm_improved_top1
dc80f940f841089616d6,chinese,mfhc,一般資訊,FN-CB-000.B,34,True,True,True,20,34,34|86|42|92|31,1.0,1.0,1.0,1.0,1.0,86,86|34|42|92|31,0.0,1.0,1.0,0.0,0.5,False,vlm_degraded_top1
eccac6748edc6800f408,chinese,mfhc,一般資訊,FN-CB-000.B,34,True,True,True,20,34,34|86|82|35|83,1.0,1.0,1.0,1.0,1.0,34,34|86|82|35|83,1.0,1.0,1.0,1.0,1.0,False,both_top1
f39e92d7d085f27d9994,chinese,mfhc,一般資訊,FN-CB-000.A,34,True,True,True,20,86,86|34|35|82|83,0.0,1.0,1.0,0.0,0.5,92,92|86|34|35|82,0.0,1.0,1.0,0.0,0.3333333333333333,True,neither_top1
429c9cab6bf9262dcb3d,chinese,npc,勞工健康與安全,TC-SC-320a.1,76,True,False,False,20,84,84|97|65|98|91,0.0,0.0,0.0,0.0,0.07142857142857142,97,97|65|62|90|84,0.0,0.0,0.0,0.0,0.0,False,candidate_recall_miss
45e18853cdbe16143a34,chinese,npc,水管理,TC-SC-140a.1,55,True,True,True,20,55,55|101|97|63|54,1.0,1.0,1.0,1.0,1.0,55,55|62|101|97|63,1.0,1.0,1.0,1.0,1.0,False,both_top1
51fc7dd50483d59855e9,chinese,npc,水管理,TC-SC-140a.1,55,True,True,True,20,55,55|101|97|63|87,1.0,1.0,1.0,1.0,1.0,55,55|62|97|100|101,1.0,1.0,1.0,1.0,1.0,False,both_top1
99eeb6d4ed3eef482231,chinese,npc,勞工健康與安全,TC-SC-320a.2,,False,,,20,79,79|98|84|101|78,,,,,,79,79|46|84|85|101,,,,,,False,empty_gold
a9187e160989e5d14c8c,chinese,npc,勞工健康與安全,TC-SC-320a.2,,False,,,20,79,79|98|84|101|78,,,,,,79,79|16|98|84|101,,,,,,False,empty_gold
03dbd00e2be7a8ebc95c,chinese,pegavision,Activity Metrics,HC-MS-000.A,,False,,,20,57,57|31|25|30|16,,,,,,32,32|25|31|30|29,,,,,,True,empty_gold
0e0e8cf374ce4af1620f,chinese,pegavision,Product Design & Lifecycle Management,HC-MS-410a.1,49,True,True,True,20,57,57|46|47|22|28,0.0,0.0,1.0,0.0,0.14285714285714285,57,57|21|56|20|23,0.0,0.0,0.0,0.0,0.06666666666666667,False,neither_top1
4fbf0bb2a56505fe4d78,chinese,pegavision,Supply Chain Management,HC-MS-430a.2,49,True,True,True,20,57,57|46|22|31|21,0.0,0.0,1.0,0.0,0.14285714285714285,57,57|23|48|49|47,0.0,1.0,1.0,0.0,0.25,False,neither_top1
97397fa6bf9876ed9fb9,chinese,pegavision,Ethical Marketing,HC-MS-270a.1,,False,,,20,57,57|23|22|47|46,,,,,,57,57|24|23|22|47,,,,,,True,empty_gold
a607a61dd01d6c649c43,chinese,pegavision,Product Safety,HC-MS-240a.3,,False,,,20,57,57|23|26|43|40,,,,,,57,57|43|26|21|42,,,,,,False,empty_gold
b62d78163142a1943798,chinese,pegavision,Affordability & Pricing,HC-MS-250a.1,,False,,,20,57,57|34|35|40|41,,,,,,57,57|34|35|40|41,,,,,,False,empty_gold
c48ca47e9110bed4cf6b,chinese,pegavision,Product Safety,HC-MS-240a.3,,False,,,20,23,23|57|40|43|26,,,,,,57,57|23|26|47|22,,,,,,True,empty_gold
e18083431ee3ede8f49f,chinese,pegavision,Business Ethics,HC-MS-510a.1,,False,,,20,57,57|43|35|56|55,,,,,,43,43|35|56|55|39,,,,,,True,empty_gold
e1bff43231bea0c80507,chinese,pegavision,Product Safety,HC-MS-240a.2,,False,,,20,57,57|23|22|47|26,,,,,,57,57|23|22|47|26,,,,,,True,empty_gold
ee2c984c1cd669ebdff5,chinese,pegavision,Supply Chain Management,HC-MS-430a.3,49,True,True,True,20,57,57|31|46|49|47,0.0,1.0,1.0,0.0,0.25,50,50|48|49|47|57,0.0,1.0,1.0,1.0,0.3333333333333333,False,neither_top1
f64ca5ae603d7ac5ee1c,chinese,pegavision,Product Safety,HC-MS-240a.2,,False,,,20,57,57|23|22|47|26,,,,,,57,57|23|22|47|26,,,,,,True,empty_gold
0874e8503c17740090d4,chinese,psi,材料取得,TC-SC-440a.1,44,True,True,True,20,79,79|44|5|78|57,0.0,1.0,1.0,0.0,0.5,44,44|42|45|46|17,1.0,1.0,1.0,1.0,1.0,False,vlm_improved_top1
977fb80b768ae44c1eeb,chinese,psi,廢棄物管理,,55,True,True,True,20,54,54|46|84|2|55,0.0,1.0,1.0,1.0,0.2,54,54|55|18|56|48,0.0,1.0,1.0,1.0,0.5,False,neither_top1
9f8f1546a35429aff0cb,chinese,psi,勞工健康與安全,TC-SC-320a.1,,False,,,20,78,78|79|5|57|44,,,,,,78,78|74|71|75|76,,,,,,False,empty_gold
a59b89d660b2bdfc3009,chinese,psi,水管理,TC-SC-140a.1,52,True,True,True,20,78,78|80|52|79|18,0.0,1.0,1.0,0.0,0.3333333333333333,52,52|53|56|80|78,1.0,1.0,1.0,1.0,1.0,False,vlm_improved_top1
c5837a23191559acce9e,chinese,psi,廢棄物管理,,55,True,True,True,20,55,55|53|80|51|46,1.0,1.0,1.0,1.0,1.0,54,54|55|53|80|51,0.0,1.0,1.0,1.0,0.5,False,vlm_degraded_top1
c80ec6b446a1b53dc268,chinese,psi,水管理,TC-SC-140a.1,52,True,True,True,20,78,78|80|52|79|18,0.0,1.0,1.0,0.0,0.3333333333333333,52,52|53|80|56|78,1.0,1.0,1.0,1.0,1.0,False,vlm_improved_top1
3c095cba3aaf07325dc1,chinese,spt,"Employee Recruitment, Development & Retention",,68,True,False,False,1,1,1,0.0,0.0,0.0,0.0,0.0,1,1,0.0,0.0,0.0,0.0,0.0,False,candidate_recall_miss
4955d4323e532e85d09b,chinese,spt,"Employee Recruitment, Development & Retention",HC-BP-330a.2,65,True,False,False,1,1,1,0.0,0.0,0.0,0.0,0.0,1,1,0.0,0.0,0.0,0.0,0.0,False,candidate_recall_miss
985bef32aef227d8689c,chinese,spt,"Employee Recruitment, Development & Retention",,68,True,False,False,1,1,1,0.0,0.0,0.0,0.0,0.0,1,1,0.0,0.0,0.0,0.0,0.0,True,candidate_recall_miss
4c7021e8b1f4b5094d21,chinese,standard,Access to Medicines,HC-BP-210a.2,,False,,,20,56,56|57|59|50|55,,,,,,56,56|57|59|50|55,,,,,,False,empty_gold
c6f321213d1f314943f3,chinese,standard,"Employee Recruitment, Development & Retention",HC-BP-330a.2,,False,,,20,64,64|65|59|58|62,,,,,,59,59|64|65|62|61,,,,,,False,empty_gold
06820c3d82227985ff7f,chinese,tcfh,普惠金融與能力建構,FN-CB-240a.2,,False,,,20,183,183|175|182|107|189,,,,,,183,183|175|182|107|189,,,,,,True,empty_gold
0e8a3b6f1216f2139e9c,chinese,tcfh,商業倫理,FN-CB-510a.2,57,True,False,False,20,175,175|190|189|187|188,0.0,0.0,0.0,0.0,0.0,190,190|189|187|188|175,0.0,0.0,0.0,0.0,0.0,False,candidate_recall_miss
2d2d45622e5aacae08c9,chinese,tcfh,將環境、社會及治理因素納入信用分析,FN-CB-410a.2,86|88|91,True,True,True,20,175,175|87|89|86|94,0.0,1.0,1.0,0.0,0.25,175,175|88|89|87|86,0.0,1.0,1.0,0.0,0.5,False,neither_top1
6e46bc48d7eb1a2796b7,chinese,tcfh,系統性風險管理,FN-CB-550a.2,60|61,True,False,False,20,87,87|89|175|28|38,0.0,0.0,0.0,0.0,0.0,89,89|87|175|27|28,0.0,0.0,0.0,0.0,0.0,False,candidate_recall_miss
8871355ed3fe7c9955a3,chinese,tcfh,普惠金融與能力建構,FN-CB-240a.2,,False,,,20,183,183|175|107|106|108,,,,,,183,183|175|184|182|185,,,,,,True,empty_gold
bd04fcdcc4ed2631bbe5,chinese,tcfh,普惠金融與能力建構,FN-CB-240a.1,,False,,,20,183,183|175|128|182|107,,,,,,175,175|183|107|108|99,,,,,,False,empty_gold
ded71f1ae5ed182ae5b5,chinese,tcfh,普惠金融與能力建構,FN-CB-240a.1,,False,,,20,183,183|107|105|175|106,,,,,,183,183|175|184|107|105,,,,,,False,empty_gold
0c99967238f3168db8bb,chinese,tsmc,製造之能源管理,TC-SC-130a.1,102,True,False,False,20,19,19|222|96|218|233,0.0,0.0,0.0,0.0,0.058823529411764705,228,228|223|220|19|222,0.0,0.0,0.0,0.0,0.0,False,candidate_recall_miss
4c421a68ea2b94f3758c,chinese,tsmc,水管理,TC-SC-140a.1,,False,,,20,109,109|112|19|110|115,,,,,,112,112|109|108|110|115,,,,,,False,empty_gold
4f394ee4c59d4233ef9a,chinese,tsmc,溫室氣體排放,TC-SC-110a.1,97,True,True,True,20,97,97|19|107|228|133,1.0,1.0,1.0,1.0,1.0,228,228|223|18|97|99,0.0,1.0,1.0,0.0,0.25,False,vlm_degraded_top1
5b863040d9e5a876a227,chinese,tsmc,溫室氣體排放,TC-SC-110a.2,96|97,True,True,True,20,19,19|107|94|96|97,0.0,1.0,1.0,0.0,0.25,19,19|94|97|96|95,0.0,1.0,1.0,0.0,0.3333333333333333,False,neither_top1
787e9c109587cff313d0,chinese,tsmc,勞工健康與安全,TC-SC-320a.1,163|164|165|175|176,True,False,True,20,19,19|57|177|65|232,0.0,0.0,0.0,0.0,0.09090909090909091,19,19|173|178|175|96,0.0,1.0,1.0,0.0,0.25,False,candidate_recall_miss
bccd1d581d779616c860,chinese,tsmc,製造之能源管理,TC-SC-130a.1,102,True,False,False,20,19,19|222|96|233|223,0.0,0.0,0.0,0.0,0.07692307692307693,228,228|222|218|223|19,0.0,0.0,0.0,0.0,0.0,False,candidate_recall_miss
d524b5cfe619d36cdea4,chinese,tsmc,產品生命週期管理,,43,True,True,True,20,43,43|150|1|121|168,1.0,1.0,1.0,1.0,1.0,43,43|150|1|121|168,1.0,1.0,1.0,1.0,1.0,True,both_top1
e97706277c47b3b95f97,chinese,tsmc,材料取得,,82,True,False,False,20,1,1|167|169|214|166,0.0,0.0,0.0,0.0,0.0,166,166|214|1|167|169,0.0,0.0,0.0,0.0,0.0,True,candidate_recall_miss
17089ef65765861d679c,english,06-21_gb-_lvmh_rse2022,Management of Chemicals in Products,CG-AA-250a.2,,False,,,20,106,106|82|130|155|41,,,,,,106,106|132|81|130|155,,,,,,False,empty_gold
565fa568563991955cd9,english,06-21_gb-_lvmh_rse2022,Labour Conditions in the Supply Chain,CG-AA-430b.1,128|129|130|132,True,True,True,20,130,130|128|132|129|106,1.0,1.0,1.0,1.0,1.0,130,130|128|132|129|106,1.0,1.0,1.0,1.0,1.0,True,both_top1
67d0d362a56e9cfac501,english,06-21_gb-_lvmh_rse2022,Labour Conditions in the Supply Chain,CG-AA-430b.1,130|132,True,True,True,20,130,130|129|128|132|105,1.0,1.0,1.0,1.0,1.0,132,132|130|129|128|105,1.0,1.0,1.0,1.0,1.0,False,both_top1
ae9637b268357978cf24,english,06-21_gb-_lvmh_rse2022,Management of Chemicals in Products,CG-AA-250a.1,86,True,False,False,20,106,106|130|155|129|34,0.0,0.0,0.0,0.0,0.0,106,106|105|129|128|130,0.0,0.0,0.0,0.0,0.0,False,candidate_recall_miss
b6956d1b9a7a29b6f7bf,english,06-21_gb-_lvmh_rse2022,Raw Materials Sourcing,CG-AA-440a.4,,False,,,20,79,79|150|147|27|99,,,,,,150,150|79|99|27|154,,,,,,False,empty_gold
c2b99af2a4ca3d2681e8,english,06-21_gb-_lvmh_rse2022,Raw Materials Sourcing,CG-AA-440a.3,77|91|94|95|102|105|110|111,True,True,True,20,105,105|79|27|130|82,1.0,1.0,1.0,1.0,1.0,150,150|89|105|82|99,0.0,1.0,1.0,0.0,0.3333333333333333,False,vlm_degraded_top1
d83514208184317346b8,english,06-21_gb-_lvmh_rse2022,Labour Conditions in the Supply Chain,CG-AA-430b.3,32|55|77|83|97|98|99|102|103|128,True,True,True,20,106,106|130|128|51|41,0.0,1.0,1.0,0.0,0.3333333333333333,129,129|128|130|51|132,0.0,1.0,1.0,1.0,0.5,False,neither_top1
f98f4adc1cf9df5df847,english,06-21_gb-_lvmh_rse2022,Labour Conditions in the Supply Chain,CG-AA-430b.2,32|132,True,True,True,20,130,130|132|128|129|153,0.0,1.0,1.0,0.0,0.5,132,132|130|128|129|153,1.0,1.0,1.0,1.0,1.0,True,vlm_improved_top1
06a55b5f61d8a026b784,english,2022-baytex-esg-report-final,Reserves Valuation & Capital Expenditures,EM-EP-420a.3,54,True,True,True,20,54,54|52|59|55|58,1.0,1.0,1.0,1.0,1.0,54,54|52|59|55|58,1.0,1.0,1.0,1.0,1.0,False,both_top1
08299bc8465cfecfc415,english,2022-baytex-esg-report-final,Biodiversity Impacts,EM-EP-160a.3,53,True,True,True,20,53,53|54|15|14|70,1.0,1.0,1.0,1.0,1.0,53,53|55|56|52|51,1.0,1.0,1.0,1.0,1.0,False,both_top1
1935926bc83b1885753e,english,2022-baytex-esg-report-final,Community Relations,EM-EP-210b.2,54,True,True,True,20,52,52|54|53|20|46,0.0,1.0,1.0,0.0,0.5,54,54|52|53|20|46,1.0,1.0,1.0,1.0,1.0,False,vlm_improved_top1
42a2aed39f9da632fc46,english,2022-baytex-esg-report-final,Critical Incident Risk Management,EM-EP-540a.2,55,True,True,True,20,55,55|70|77|29|16,1.0,1.0,1.0,1.0,1.0,55,55|70|77|29|16,1.0,1.0,1.0,1.0,1.0,True,both_top1
55984499e9da70c24c35,english,2022-baytex-esg-report-final,Water Management,EM-EP-140a.1,53,True,True,True,20,53,53|24|17|47|48,1.0,1.0,1.0,1.0,1.0,53,53|24|47|17|48,1.0,1.0,1.0,1.0,1.0,False,both_top1
5815a843c1f1055e244c,english,2022-baytex-esg-report-final,Workforce Health & Safety,EM-EP-320a.1,54,True,True,True,20,31,31|49|52|54|56,0.0,1.0,1.0,0.0,0.25,49,49|54|31|50|29,0.0,1.0,1.0,0.0,0.5,False,neither_top1
5daa96f92790a44b8c42,english,2022-baytex-esg-report-final,Critical Incident Risk Management,EM-EP-540a.1,55,True,True,True,20,55,55|54|52|70|53,1.0,1.0,1.0,1.0,1.0,55,55|54|52|70|53,1.0,1.0,1.0,1.0,1.0,False,both_top1
641f74f544a781bda875,english,2022-baytex-esg-report-final,Air Quality,EM-EP-120a.1,53,True,True,True,20,53,53|47|63|87|81,1.0,1.0,1.0,1.0,1.0,53,53|47|25|63|87,1.0,1.0,1.0,1.0,1.0,False,both_top1
66155ac5f3fa0e2aa6ac,english,2022-baytex-esg-report-final,Community Relations,EM-EP-210b.1,34,True,True,True,20,54,54|45|36|34|23,0.0,1.0,1.0,0.0,0.25,34,34|36|35|38|43,1.0,1.0,1.0,1.0,1.0,False,vlm_improved_top1
6e54c68a867d4c37126a,english,2022-baytex-esg-report-final,Workforce Health & Safety,EM-EP-320a.2,28|29,True,True,True,20,54,54|28|30|70|29,0.0,1.0,1.0,0.0,0.5,28,28|30|31|29|7,1.0,1.0,1.0,1.0,1.0,False,vlm_improved_top1
708e34a709a77348e6c3,english,2022-baytex-esg-report-final,Biodiversity Impacts,EM-EP-160a.1,15|16,True,True,True,20,53,53|15|16|14|23,0.0,1.0,1.0,0.0,0.5,15,15|14|16|53|18,1.0,1.0,1.0,1.0,1.0,False,vlm_improved_top1
70eb1e2bbe59db9854f4,english,2022-baytex-esg-report-final,Greenhouse Gas Emissions,EM-EP-110a.2,,False,,,20,52,52|82|63|47|87,,,,,,47,47|52|82|53|63,,,,,,False,empty_gold
7b98fc18387def75cd4d,english,2022-baytex-esg-report-final,Water Management,EM-EP-140a.2,53,True,True,True,20,53,53|24|48|47|17,1.0,1.0,1.0,1.0,1.0,53,53|24|17|52|22,1.0,1.0,1.0,1.0,1.0,False,both_top1
7fcb333e98ac6d79913e,english,2022-baytex-esg-report-final,"Security, Human Rights & Rights of Indigenous Peoples",EM-EP-210a.2,54,True,True,True,20,54,54|35|27|55|14,1.0,1.0,1.0,1.0,1.0,54,54|35|55|2|7,1.0,1.0,1.0,1.0,1.0,False,both_top1
8aa3c5977066e4aaa637,english,2022-baytex-esg-report-final,Water Management,EM-EP-140a.3,53,True,True,True,20,53,53|23|22|52|24,1.0,1.0,1.0,1.0,1.0,53,53|24|22|23|52,1.0,1.0,1.0,1.0,1.0,False,both_top1
9408d181d578d46e69a3,english,2022-baytex-esg-report-final,Reserves Valuation & Capital Expenditures,EM-EP-420a.2,54,True,True,True,20,54,54|87|63|47|82,1.0,1.0,1.0,1.0,1.0,54,54|87|63|47|82,1.0,1.0,1.0,1.0,1.0,False,both_top1
99af310f89a28bb5c0d5,english,2022-baytex-esg-report-final,Business Ethics & Transparency,EM-EP-510a.1,55,True,True,True,20,55,55|54|41|43|56,1.0,1.0,1.0,1.0,1.0,55,55|54|41|43|56,1.0,1.0,1.0,1.0,1.0,True,both_top1
9da8adb15305794b9f2c,english,2022-baytex-esg-report-final,Water Management,EM-EP-140a.3,53,True,True,True,20,53,53|24|22|23|4,1.0,1.0,1.0,1.0,1.0,53,53|24|22|23|4,1.0,1.0,1.0,1.0,1.0,False,both_top1
a53a71a6c6f0a60047e7,english,2022-baytex-esg-report-final,"Security, Human Rights & Rights of Indigenous Peoples",EM-EP-210a.3,35,True,True,True,20,54,54|55|35|43|41,0.0,1.0,1.0,0.0,0.3333333333333333,35,35|34|37|54|55,1.0,1.0,1.0,1.0,1.0,True,vlm_improved_top1
af12b35cef1eda790f58,english,2022-baytex-esg-report-final,"Security, Human Rights & Rights of Indigenous Peoples",EM-EP-210a.1,54,True,True,True,20,54,54|35|55|27|43,1.0,1.0,1.0,1.0,1.0,54,54|35|55|27|43,1.0,1.0,1.0,1.0,1.0,False,both_top1
d4c4c55f21ea2f820acb,english,2022-baytex-esg-report-final,Biodiversity Impacts,EM-EP-160a.2,53,True,True,True,20,48,48|52|53|47|17,0.0,1.0,1.0,0.0,0.3333333333333333,48,48|47|53|54|49,0.0,1.0,1.0,0.0,0.3333333333333333,False,neither_top1
d6ebd452c30c3b668b81,english,2022-baytex-esg-report-final,Greenhouse Gas Emissions,EM-EP-110a.1,,False,,,20,52,52|82|87|63|12,,,,,,46,46|52|82|9|47,,,,,,False,empty_gold
de480f1bf76a59f99ad3,english,2022-baytex-esg-report-final,Management of the Legal & Regulatory Environment,EM-EP-530a.1,55,True,True,True,20,55,55|45|43|69|40,1.0,1.0,1.0,1.0,1.0,55,55|45|43|69|40,1.0,1.0,1.0,1.0,1.0,True,both_top1
dfc0dbda54b19dd94397,english,2022-baytex-esg-report-final,Reserves Valuation & Capital Expenditures,EM-EP-420a.4,54,True,True,True,20,54,54|71|79|76|80,1.0,1.0,1.0,1.0,1.0,71,71|76|79|80|72,0.0,0.0,1.0,0.0,0.125,False,vlm_degraded_top1
fa8ff7e6d5e57e0c75a8,english,2022-baytex-esg-report-final,Reserves Valuation & Capital Expenditures,EM-EP-420a.1,54,True,True,True,20,54,54|79|52|80|71,1.0,1.0,1.0,1.0,1.0,54,54|80|79|52|71,1.0,1.0,1.0,1.0,1.0,False,both_top1
fb4422a8e5b6419c6340,english,2022-baytex-esg-report-final,Greenhouse Gas Emissions,EM-EP-110a.3,10|11|13,True,True,True,20,52,52|71|9|4|82,0.0,0.0,1.0,0.0,0.16666666666666666,71,71|9|4|10|68,0.0,1.0,1.0,0.0,0.25,False,neither_top1
ff42abdb123a06424cfa,english,2022-baytex-esg-report-final,Environmental Impacts in the Supply Chain,EM-EP-160a.1,16,True,True,True,20,53,53|15|16|45|14,0.0,1.0,1.0,0.0,0.3333333333333333,53,53|14|15|16|22,0.0,1.0,1.0,0.0,0.25,False,neither_top1
6750e6ca46fe402c57ac,english,burberry_2020-21_esg,Raw Materials Sourcing,CG-AA-440a.4,34,True,True,True,20,29,29|32|6|34|30,0.0,1.0,1.0,0.0,0.25,29,29|30|31|6|34,0.0,1.0,1.0,0.0,0.2,False,neither_top1
73b7e8ef0412a66b0b9e,english,burberry_2020-21_esg,Labour Conditions in the Supply Chain,CG-AA-430b.3,19|20,True,True,True,20,30,30|3|4|20|19,0.0,1.0,1.0,0.0,0.25,31,31|21|30|3|4,0.0,0.0,1.0,0.0,0.16666666666666666,False,neither_top1
83fa962cf32692e7e129,english,burberry_2020-21_esg,Environmental Impacts in the Supply Chain,CG-AA-430a.1,,False,,,20,31,31|29|2|6|30,,,,,,31,31|29|2|6|30,,,,,,True,empty_gold
b73904049186c8e627fe,english,burberry_2020-21_esg,Labour Conditions in the Supply Chain,CG-AA-430b.2,,False,,,20,31,31|29|32|21|6,,,,,,31,31|29|32|21|6,,,,,,True,empty_gold
3888efcac10564ace059,english,cannickel-esg-report2023-print,Energy Management,EM-MM-130a.1,45|53,True,True,True,20,54,54|46|59|43|60,0.0,0.0,1.0,1.0,0.1,54,54|46|59|43|60,0.0,0.0,1.0,1.0,0.1,False,neither_top1
4b3a8f5d6fe185536f29,english,cannickel-esg-report2023-print,Water Management,EM-MM-140a.2,55,True,True,True,20,48,48|63|54|51|55,0.0,1.0,1.0,0.0,0.2,42,42|53|47|48|54,0.0,0.0,1.0,0.0,0.125,False,neither_top1
56009d1b85f1f8efd1f7,english,cannickel-esg-report2023-print,Waste & Hazardous Materials Management,EM-MM-150a.10,31,True,True,True,20,62,62|31|10|17|18,0.0,1.0,1.0,0.0,0.5,31,31|42|33|32|18,1.0,1.0,1.0,1.0,1.0,True,vlm_improved_top1
62eabafb49790e225fd3,english,cannickel-esg-report2023-print,Waste & Hazardous Materials Management,EM-MM-150a.9,53,True,True,True,20,62,62|42|63|51|30,0.0,0.0,1.0,0.0,0.1111111111111111,53,53|42|54|62|17,1.0,1.0,1.0,1.0,1.0,False,vlm_improved_top1
8f113da9daadefbd2aab,english,cannickel-esg-report2023-print,"Security, Human Rights & Rights of Indigenous Peoples",EM-MM-210a.3,10,True,True,True,20,27,27|13|22|21|42,0.0,0.0,1.0,0.0,0.14285714285714285,27,27|22|21|25|10,0.0,1.0,1.0,0.0,0.2,False,neither_top1
914433a05a6b8e0010e7,english,cannickel-esg-report2023-print,Water Management,EM-MM-140a.1,53,True,False,True,20,48,48|54|47|59|42,0.0,0.0,0.0,0.0,0.06666666666666667,54,54|48|59|46|50,0.0,0.0,0.0,1.0,0.09090909090909091,False,candidate_recall_miss
a22c5e2bd44c4b7ffad8,english,cannickel-esg-report2023-print,Air Quality,EM-MM-120a.1,33,True,True,True,20,60,60|33|46|13|54,0.0,1.0,1.0,0.0,0.5,60,60|33|46|13|54,0.0,1.0,1.0,0.0,0.5,True,neither_top1
b26853fe74fc9c84d9ba,english,cannickel-esg-report2023-print,Workforce Health & Safety,EM-MM-320a.1,31|35|55,True,True,True,20,55,55|29|31|51|46,1.0,1.0,1.0,1.0,1.0,55,55|35|31|30|28,1.0,1.0,1.0,1.0,1.0,False,both_top1
b6802eff5d5f89b522c8,english,cannickel-esg-report2023-print,Biodiversity Impacts,EM-MM-160a.1,,False,,,20,49,49|42|41|24|21,,,,,,49,49|50|42|24|34,,,,,,False,empty_gold
c03f6c43791dd364d316,english,cannickel-esg-report2023-print,Greenhouse Gas Emissions,EM-MM-110a.1,53,True,True,True,20,53,53|46|60|54|43,1.0,1.0,1.0,1.0,1.0,53,53|46|59|60|54,1.0,1.0,1.0,1.0,1.0,False,both_top1
314b191a643220b3977d,english,esg-2022,Greenhouse Gas Emissions,EM-MD-110a.1,18,True,True,True,20,19,19|47|18|17|26,0.0,1.0,1.0,1.0,0.3333333333333333,19,19|47|18|17|26,0.0,1.0,1.0,1.0,0.3333333333333333,False,neither_top1
8bfba94a2e1501f2bf21,english,esg-2022,"Operational Safety, Emergency Preparedness & Response",EM-MD-540a.1,14,True,True,True,20,14,14|47|51|17|28,1.0,1.0,1.0,1.0,1.0,14,14|47|13|51|17,1.0,1.0,1.0,1.0,1.0,False,both_top1
bb472e9e6ddcc0ee9477,english,esg-2022,"Operational Safety, Emergency Preparedness & Response",EM-MD-540a.4,,False,,,20,13,13|12|2|28|14,,,,,,13,13|12|14|45|23,,,,,,False,empty_gold
f3d61f6fd61a57dd774f,english,esg-2022,Greenhouse Gas Emissions,EM-MD-110a.2,7|21,True,True,True,20,16,16|30|19|47|21,0.0,1.0,1.0,0.0,0.2,45,45|46|20|26|18,0.0,0.0,0.0,0.0,0.0625,False,neither_top1
00b0ae20462770abe10d,english,esg-report-2022,Financial Inclusion & Capacity Building,FN-CB-240a.1,31|43,True,False,False,20,10,10|25|21|37|34,0.0,0.0,0.0,0.0,0.08333333333333333,25,25|21|26|44|20,0.0,0.0,0.0,0.0,0.0,True,candidate_recall_miss
10ea4f1fefb67afcb332,english,esg-report-2022,Data Security,FN-CB-230a.2,22,True,True,True,20,51,51|9|47|49|14,0.0,0.0,1.0,0.0,0.125,51,51|50|22|13|49,0.0,1.0,1.0,0.0,0.3333333333333333,False,neither_top1
2e9f5a549608be59c8c6,english,esg-report-2022,Business Ethics,FN-CB-510a.2,,False,,,20,13,13|49|47|9|12,,,,,,13,13|49|47|9|12,,,,,,False,empty_gold
5511a5d396eaca8711bc,english,esg-report-2022,"Incorporation of Environmental, Social, and Governance Factors in Credit Analysis",FN-CB-410a.2,8|9|12|14,True,True,True,20,7,7|9|14|17|15,0.0,1.0,1.0,1.0,0.5,14,14|7|8|9|17,1.0,1.0,1.0,1.0,1.0,False,vlm_improved_top1
9a1c4cf0f88981b19837,english,esg-report-2022,Systemic Risk Management,FN-CB-550a.2,14,True,True,True,20,14,14|9|7|33|47,1.0,1.0,1.0,1.0,1.0,14,14|10|12|13|33,1.0,1.0,1.0,1.0,1.0,False,both_top1
b7e7be4359f80e3142fa,english,esg-report-2022,Financed Emissions,FN-CB-410b.4,45,True,True,True,20,45,45|36|17|15|9,1.0,1.0,1.0,1.0,1.0,45,45|18|17|19|46,1.0,1.0,1.0,1.0,1.0,False,both_top1
1196d9d5bab9341213a7,english,esg-report-2022-final_ada,Data Security,FN-CB-230a.2,23|24,True,True,True,20,76,76|24|25|14|22,0.0,1.0,1.0,0.0,0.5,76,76|24|22|23|25,0.0,1.0,1.0,0.0,0.5,False,neither_top1
3544a681245aed578f70,english,esg-report-2022-final_ada,Financial Inclusion & Capacity Building,FN-CB-240a.4,62|63,True,True,True,20,62,62|60|44|63|77,1.0,1.0,1.0,1.0,1.0,60,60|65|61|59|58,0.0,0.0,1.0,0.0,0.14285714285714285,False,vlm_degraded_top1
438d1c68e568217fcae1,english,esg-report-2022-final_ada,Business Ethics,FN-CB-510a.2,26,True,True,True,20,77,77|79|26|21|27,0.0,1.0,1.0,0.0,0.3333333333333333,77,77|79|26|21|27,0.0,1.0,1.0,0.0,0.3333333333333333,True,neither_top1
4e5170e74817b2782d0b,english,esg-report-2022-final_ada,Financial Inclusion & Capacity Building,FN-CB-240a.1,40|43|47|57|59|60,True,True,True,20,56,56|55|45|50|77,0.0,0.0,1.0,1.0,0.16666666666666666,56,56|57|55|60|44,0.0,1.0,1.0,1.0,0.5,False,neither_top1
5aad2a782e54784af4a7,english,esg-report-2022-final_ada,"Incorporation of Environmental, Social, and Governance Factors in Credit Analysis",FN-CB-410a.2,,False,,,20,76,76|14|12|42|21,,,,,,76,76|14|12|21|7,,,,,,False,empty_gold
0b725412bce7cd6dcd6a,english,esgreport2022,Business Ethics,FN-CB-510a.1,,False,,,20,44,44|42|24|81|108,,,,,,44,44|42|24|81|108,,,,,,False,empty_gold
2f9719c5601b17217748,english,esgreport2022,Financed Emissions,FN-CB-410b.1,91,True,True,True,20,91,91|93|111|74|87,1.0,1.0,1.0,1.0,1.0,91,91|93|111|74|87,1.0,1.0,1.0,1.0,1.0,False,both_top1
37b07ff2fdece799a4d1,english,esgreport2022,Systemic Risk Management,FN-CB-550a.2,81|98,True,True,True,20,81,81|17|98|35|86,1.0,1.0,1.0,1.0,1.0,81,81|17|98|35|86,1.0,1.0,1.0,1.0,1.0,True,both_top1
3907974d43ef6ce62a88,english,esgreport2022,"Incorporation of Environmental, Social, and Governance Factors in Credit Analysis",FN-CB-410a.2,98,True,False,False,20,19,19|81|87|83|82,0.0,0.0,0.0,0.0,0.0,81,81|82|84|83|86,0.0,0.0,0.0,0.0,0.0,False,candidate_recall_miss
413b71374c30b6ef4867,english,esgreport2022,Financed Emissions,FN-CB-410b.4,91,True,True,True,20,91,91|13|87|74|112,1.0,1.0,1.0,1.0,1.0,91,91|92|15|93|81,1.0,1.0,1.0,1.0,1.0,False,both_top1
843ff865391acc8c8bdc,english,esgreport2022,Data Security,FN-CB-230a.1,30,True,False,False,20,74,74|38|111|87|106,0.0,0.0,0.0,0.0,0.0,38,38|36|45|33|25,0.0,0.0,0.0,0.0,0.0,False,candidate_recall_miss
c5e02adebab64081e529,english,esgreport2022,Financial Inclusion & Capacity Building,FN-CB-240a.1,96|97|100,True,False,False,20,87,87|74|106|111|76,0.0,0.0,0.0,0.0,0.05,111,111|76|74|75|87,0.0,0.0,0.0,0.0,0.0,False,candidate_recall_miss
fb1bedef099a047090aa,english,esgreport2022,Data Security,FN-CB-230a.2,33|34|35,True,True,True,20,37,37|38|12|35|32,0.0,1.0,1.0,0.0,0.25,37,37|36|33|32|35,0.0,1.0,1.0,0.0,0.3333333333333333,False,neither_top1
41b2f07b3993f7b572aa,english,kering_sustainability_progress_report_2020_2023_7d06687606,Raw Materials Sourcing,CG-AA-250a.1,,False,,,20,28,28|32|10|11|12,,,,,,24,24|32|28|4|10,,,,,,True,empty_gold
5f9c50c72cd02a0becd0,english,kering_sustainability_progress_report_2020_2023_7d06687606,Environmental Impacts in the Supply Chain,CG-AA-430a.2,2|21,True,False,True,20,32,32|10|7|3|12,0.0,0.0,0.0,0.0,0.07142857142857142,32,32|10|7|3|12,0.0,0.0,0.0,0.0,0.058823529411764705,True,candidate_recall_miss
678235adcf952c2f374a,english,kering_sustainability_progress_report_2020_2023_7d06687606,Raw Materials Sourcing,CG-AA-440a.3,11,True,True,True,20,11,11|12|32|13|28,1.0,1.0,1.0,1.0,1.0,11,11|13|10|9|14,1.0,1.0,1.0,1.0,1.0,False,both_top1
adcb0a6c013d76e38da5,english,kering_sustainability_progress_report_2020_2023_7d06687606,Management of Chemicals in Products,CG-AA-250a.2,11,True,True,True,20,32,32|28|24|23|3,0.0,0.0,1.0,0.0,0.1,10,10|32|27|29|11,0.0,1.0,1.0,1.0,0.2,False,neither_top1
ba9676b6a47a9415f94f,english,kering_sustainability_progress_report_2020_2023_7d06687606,Labour Conditions in the Supply Chain,CG-AA-430b.1,,False,,,20,10,10|32|3|17|4,,,,,,10,10|32|3|17|4,,,,,,True,empty_gold
188b357ae7e18d78b458,french,20230630_rapportesg2022_coveafinance_vf,Financed Emissions,FN-AC-410b.2,14,True,True,True,20,14,14|8|13|19|2,1.0,1.0,1.0,1.0,1.0,5,5|12|16|13|15,0.0,0.0,1.0,0.0,0.1111111111111111,False,vlm_degraded_top1
720e30af1baf916000fe,french,20230630_rapportesg2022_coveafinance_vf,Employee Diversity & Inclusion,FN-AC-330a.1,9,True,True,True,20,6,6|11|5|12|4,0.0,0.0,1.0,0.0,0.1,6,6|11|5|12|4,0.0,0.0,1.0,0.0,0.1,True,neither_top1
92d75e674bd81d0d4199,french,20230630_rapportesg2022_coveafinance_vf,Financed Emissions,FN-AC-410b.4,15,True,True,True,20,15,15|8|7|9|17,1.0,1.0,1.0,1.0,1.0,15,15|6|13|14|9,1.0,1.0,1.0,1.0,1.0,False,both_top1
93e069a14e87d9e9e38b,french,20230630_rapportesg2022_coveafinance_vf,"Incorporation of Environmental, Social, and Governance Factors in Investment Management & Advisory",FN-AC-410a.3,,False,,,20,11,11|2|18|7|3,,,,,,11,11|17|12|3|8,,,,,,False,empty_gold
be07ff891f0722999229,french,20230630_rapportesg2022_coveafinance_vf,"Incorporation of Environmental, Social, and Governance Factors in Investment Management & Advisory",FN-AC-410a.2,5|12|14,True,True,True,20,2,2|5|7|3|11,0.0,1.0,1.0,0.0,0.5,3,3|7|18|4|9,0.0,0.0,1.0,0.0,0.125,False,neither_top1
0218dac565894c97db4a,french,extrait-rse-filieres-dapprovisionnement,Raw Materials Sourcing,CG-AA-440a.3,10,True,True,True,11,11,11|9|10|2|5,0.0,1.0,1.0,1.0,0.3333333333333333,2,2|5|9|10|6,0.0,1.0,1.0,0.0,0.25,False,neither_top1
14320ad098d64d3567d4,french,extrait-rse-filieres-dapprovisionnement,Raw Materials Sourcing,CG-AA-440a.4,5|6|9|10|11,True,True,True,11,6,6|5|10|2|9,1.0,1.0,1.0,1.0,1.0,5,5|10|9|8|3,1.0,1.0,1.0,1.0,1.0,False,both_top1
73ba324fb61548350691,french,extrait-rse-filieres-dapprovisionnement,Labour Conditions in the Supply Chain,CG-AA-430b.3,9,True,True,True,11,7,7|5|4|3|2,0.0,0.0,1.0,0.0,0.1,3,3|2|4|6|10,0.0,0.0,1.0,0.0,0.1,False,neither_top1
289f26e7a170e67aa7c4,french,guerlain_rapport_developpement_durable_2022-2023,"Product Environmental, Health, and Safety Performance",CG-HP-250a.3,8|26,True,True,True,20,31,31|29|27|37|22,0.0,0.0,1.0,0.0,0.16666666666666666,31,31|22|32|29|27,0.0,0.0,1.0,0.0,0.16666666666666666,False,neither_top1
9a3ae6b960e24c1fd22e,french,guerlain_rapport_developpement_durable_2022-2023,Packaging Lifecycle Management,CG-HP-410a.2,8|26,True,True,True,20,26,26|31|22|29|54,1.0,1.0,1.0,1.0,1.0,26,26|5|27|29|28,1.0,1.0,1.0,1.0,1.0,False,both_top1
e6d61433e2be1d44edf6,french,guerlain_rapport_developpement_durable_2022-2023,Packaging Lifecycle Management,CG-HP-410a.1,8|26|28|29,True,True,True,20,26,26|22|53|54|36,1.0,1.0,1.0,1.0,1.0,26,26|28|24|23|20,1.0,1.0,1.0,1.0,1.0,False,both_top1
002ae27b0a6341410afa,french,ine_esg-report_fr_final,Air Quality,IF-EU-120a.1,,False,,,20,65,65|37|4|38|55,,,,,,55,55|37|39|65|4,,,,,,False,empty_gold
28e011480fa2ce09e4fb,french,ine_esg-report_fr_final,Water Management,IF-EU-140a.1,56,True,True,True,20,56,56|42|58|63|57,1.0,1.0,1.0,1.0,1.0,56,56|42|57|58|59,1.0,1.0,1.0,1.0,1.0,False,both_top1
2bec76000f352e25c807,french,ine_esg-report_fr_final,Grid Resiliency,IF-EU-550a.1,,False,,,20,58,58|52|71|56|69,,,,,,58,58|52|71|56|69,,,,,,False,empty_gold
5314659b1cddbdf8ea54,french,ine_esg-report_fr_final,Water Management,IF-EU-140a.2,56,True,True,True,20,56,56|58|70|42|71,1.0,1.0,1.0,1.0,1.0,56,56|58|40|42|43,1.0,1.0,1.0,1.0,1.0,False,both_top1
5c7de49b6317028fd249,french,ine_esg-report_fr_final,Grenhouse Gas Emissions & Energy Ressource Planning,IF-EU-110a.2,,False,,,20,55,55|37|4|65|38,,,,,,55,55|37|4|65|38,,,,,,False,empty_gold
7fbe87c89d26b37f36df,french,ine_esg-report_fr_final,Grid Resiliency,IF-EU-550a.2,,False,,,20,58,58|59|56|14|55,,,,,,58,58|59|56|14|55,,,,,,False,empty_gold
82583788a1fd8fd14d5a,french,ine_esg-report_fr_final,Greenhouse Gas Emissions & Energy Resource Planning,IF-EU-110a.1,,False,,,20,37,37|55|38|65|4,,,,,,55,55|37|35|38|39,,,,,,False,empty_gold
87bba2d56d33ec1808ed,french,ine_esg-report_fr_final,Workforce Health & Safety,IF-EU-320a.1,,False,,,20,58,58|56|23|46|59,,,,,,58,58|56|23|46|59,,,,,,False,empty_gold
9fc046591193683dc60c,french,ine_esg-report_fr_final,Grenhouse Gas Emissions & Energy Ressource Planning,IF-EU-110a.1,,False,,,20,55,55|37|4|65|68,,,,,,37,37|55|38|35|36,,,,,,False,empty_gold
db9662dd1958d67edc99,french,ine_esg-report_fr_final,Grenhouse Gas Emissions & Energy Ressource Planning,IF-EU-110a.3,36,True,True,True,20,55,55|61|60|36|71,0.0,1.0,1.0,0.0,0.25,55,55|37|35|36|61,0.0,1.0,1.0,0.0,0.25,False,neither_top1
f6957129497e26a6ee89,french,ine_esg-report_fr_final,Greenhouse Gas Emissions & Energy Resource Planning,IF-EU-420a.3,56|57,True,True,True,20,37,37|38|10|56|26,0.0,1.0,1.0,0.0,0.25,59,59|55|37|38|10,0.0,0.0,1.0,0.0,0.16666666666666666,True,neither_top1
082f1dfe72a56fb39cb2,french,malakoff-humanis-rapport-esg-climat-article-29-loi-energie-climat-exercice-2022-mh-22365-2306-192,Financed Emissions,FN-IN-410c.3,11|25|26|28|30,True,False,False,20,51,51|53|39|19|36,0.0,0.0,0.0,0.0,0.0625,53,53|51|34|36|39,0.0,0.0,0.0,0.0,0.0,False,candidate_recall_miss
1ada394eae235fbc1059,french,malakoff-humanis-rapport-esg-climat-article-29-loi-energie-climat-exercice-2022-mh-22365-2306-192,Financed Emissions,FN-IN-410c.1,,False,,,20,51,51|31|36|53|32,,,,,,31,31|34|36|30|32,,,,,,False,empty_gold
4efd0cd3313d66cd94b1,french,malakoff-humanis-rapport-esg-climat-article-29-loi-energie-climat-exercice-2022-mh-22365-2306-192,Financed Emissions,FN-IN-410c.2,11,True,True,True,20,39,39|11|36|49|50,0.0,1.0,1.0,0.0,0.5,48,48|53|11|10|9,0.0,1.0,1.0,0.0,0.3333333333333333,False,neither_top1
5082ea4df67864615dcb,french,malakoff-humanis-rapport-esg-climat-article-29-loi-energie-climat-exercice-2022-mh-22365-2306-192,"Incorporation of Environmental, Social and Governance Factors in Investment Management",FN-IN-410a.2,18|22|23|28|29|30|45|46|49,True,True,True,20,45,45|12|16|18|4,1.0,1.0,1.0,1.0,1.0,45,45|18|16|14|15,1.0,1.0,1.0,1.0,1.0,False,both_top1
799db87b6a456d911561,french,malakoff-humanis-rapport-esg-climat-article-29-loi-energie-climat-exercice-2022-mh-22365-2306-192,Financed Emissions,FN-IN-410c.4,25|26|30|35,True,True,True,20,51,51|53|19|36|37,0.0,0.0,1.0,0.0,0.16666666666666666,36,36|35|37|19|30,0.0,1.0,1.0,1.0,0.5,False,neither_top1
8871f05885bd5c3e412c,french,malakoff-humanis-rapport-esg-climat-article-29-loi-energie-climat-exercice-2022-mh-22365-2306-192,Transparent Information & Fair Advice for Customers,FN-IN-270a.4,17,True,False,True,20,33,33|18|45|34|37,0.0,0.0,0.0,0.0,0.0,19,19|8|18|33|45,0.0,0.0,0.0,0.0,0.06666666666666667,True,candidate_recall_miss
89cc778ca72bd977f981,french,malakoff-humanis-rapport-esg-climat-article-29-loi-energie-climat-exercice-2022-mh-22365-2306-192,Policies Designed to Incentivise Responsible Behaviour,FN-IN-410b.2,17,True,False,True,20,19,19|45|20|27|39,0.0,0.0,0.0,0.0,0.0,19,19|45|20|27|39,0.0,0.0,0.0,0.0,0.08333333333333333,True,candidate_recall_miss
3f1c21139296fc24a895,french,rapport-esg-gam,Financed Emissions,FN-AC-410b.3,35,True,False,False,20,12,12|43|5|9|51,0.0,0.0,0.0,0.0,0.0,41,41|43|6|42|45,0.0,0.0,0.0,0.0,0.0,True,candidate_recall_miss
481e520ec816981eafb5,french,rapport-esg-gam,"Incorporation of Environmental, Social, and Governance Factors in Investment Management & Advisory",FN-AC-410a.3,45|49|50,True,True,True,20,49,49|63|5|45|62,1.0,1.0,1.0,1.0,1.0,49,49|45|50|48|47,1.0,1.0,1.0,1.0,1.0,False,both_top1
7fd62634b701ecbe4c04,french,rapport-esg-gam,"Incorporation of Environmental, Social, and Governance Factors in Investment Management & Advisory",FN-AC-410a.2,11|12|15|17|26|34|39,True,True,True,20,28,28|21|5|20|9,0.0,0.0,1.0,0.0,0.1111111111111111,28,28|21|26|30|22,0.0,1.0,1.0,0.0,0.3333333333333333,False,neither_top1
91bb9d854e115145b385,french,rapport-esg-gam,Financed Emissions,FN-AC-410b.4,34,True,True,True,20,63,63|28|29|31|33,0.0,0.0,1.0,0.0,0.125,65,65|64|66|36|35,0.0,0.0,1.0,0.0,0.16666666666666666,False,neither_top1
a97ef586ed02c83c09c4,french,rapport-esg-gam,Transparent Information & Fair Advice for Customers,FN-AC-270a.3,52|53,True,False,False,20,63,63|66|15|62|16,0.0,0.0,0.0,0.0,0.06666666666666667,16,16|15|14|62|66,0.0,0.0,0.0,0.0,0.0,False,candidate_recall_miss
b69d3b92d4e061b49e93,french,rapport-esg-gam,"Incorporation of Environmental, Social, and Governance Factors in Investment Management & Advisory",FN-AC-410a.3,,False,,,20,5,5|20|25|28|9,,,,,,45,45|28|26|6|7,,,,,,False,empty_gold
d18399b14debce6776f3,french,rapport-esg-gam,"Incorporation of Environmental, Social, and Governance Factors in Investment Management & Advisory",FN-AC-410a.1,6,True,True,True,20,6,6|5|20|25|9,1.0,1.0,1.0,1.0,1.0,6,6|3|7|28|26,1.0,1.0,1.0,1.0,1.0,False,both_top1
ec8cabab5d1406e2d905,french,rapport-esg-gam,Financed Emissions,FN-AC-410b.1,35,True,False,False,20,64,64|65|66|59|31,0.0,0.0,0.0,0.0,0.0,65,65|66|38|64|59,0.0,0.0,0.0,0.0,0.0,True,candidate_recall_miss
01db5b08223f3ade17a1,french,remy_cointreau_rapport_rse_2023,Ingredient Sourcing,FB-AB-440a.2,,False,,,11,3,3|4|5|7|10,,,,,,5,5|7|4|9|6,,,,,,False,empty_gold
675db32d822f1dcd4549,french,remy_cointreau_rapport_rse_2023,Packaging Lifecycle Management,FB-AB-410a.1,4,True,True,True,11,10,10|9|4|5|3,0.0,1.0,1.0,0.0,0.3333333333333333,10,10|8|9|6|4,0.0,1.0,1.0,0.0,0.2,True,neither_top1
8ad88b7daa6821f72964,french,remy_cointreau_rapport_rse_2023,Packaging Lifecycle Management,FB-AB-410a.2,4|10,True,True,True,11,9,9|4|10|7|5,0.0,1.0,1.0,1.0,0.5,9,9|10|2|4|7,0.0,1.0,1.0,1.0,0.5,False,neither_top1
8bd18af8f017bea93310,french,remy_cointreau_rapport_rse_2023,Water Management,FB-AB-140a.2,4,True,True,True,11,4,4|9|5|7|3,1.0,1.0,1.0,1.0,1.0,9,9|5|4|7|3,0.0,1.0,1.0,0.0,0.3333333333333333,False,vlm_degraded_top1
c077e563de3c0e96d748,french,remy_cointreau_rapport_rse_2023,Environmental & Social Impacts of Ingredient Supply Chain,FB-AB-430a.1,3|4|6,True,True,True,11,4,4|3|7|5|8,1.0,1.0,1.0,1.0,1.0,4,4|3|7|5|8,1.0,1.0,1.0,1.0,1.0,True,both_top1
c608843d4705a0e33191,french,remy_cointreau_rapport_rse_2023,Energy Management,FB-AB-130a.1,4,True,True,True,11,9,9|10|4|5|3,0.0,1.0,1.0,0.0,0.3333333333333333,9,9|10|4|5|3,0.0,1.0,1.0,0.0,0.3333333333333333,False,neither_top1
1cfe98614c45356db3ac,french,rse2022_web_0,Nuclear Safety & Emergency Management,IF-EU-540a.2,9,True,True,True,20,10,10|23|9|11|1,0.0,1.0,1.0,1.0,0.3333333333333333,10,10|23|9|11|1,0.0,1.0,1.0,1.0,0.3333333333333333,False,neither_top1
81ec97de3a04ae210d88,french,rse2022_web_0,Water Management,IF-EU-140a.3,6|26,True,True,True,20,26,26|10|25|23|19,1.0,1.0,1.0,1.0,1.0,26,26|6|25|23|18,1.0,1.0,1.0,1.0,1.0,False,both_top1
b623dd7da484db71c66f,french,rse2022_web_0,Greenhouse Gas Emissions & Energy Resource Planning,IF-EU-110a.3,7,True,True,True,20,3,3|25|7|10|6,0.0,1.0,1.0,0.0,0.3333333333333333,25,25|7|6|5|3,0.0,1.0,1.0,0.0,0.5,False,neither_top1
0c52893de50914113e99,french,totalenergies_sustainability-climate-2024-progress-report_2024_fr_pdf,Workforce Health & Safety,EM-EP-320a.1,,False,,,20,110,110|62|64|103|98,,,,,,103,103|62|106|98|110,,,,,,False,empty_gold
147dea55174bc5990c35,french,totalenergies_sustainability-climate-2024-progress-report_2024_fr_pdf,Greenhouse Gas Emissions,EM-EP-110a.1,37|101,True,True,True,20,29,29|101|37|31|34,0.0,1.0,1.0,0.0,0.5,29,29|101|37|31|34,0.0,1.0,1.0,0.0,0.5,False,neither_top1
181bf69b38a40f9273fc,french,totalenergies_sustainability-climate-2024-progress-report_2024_fr_pdf,Greenhouse Gas Emissions,EM-EP-110a.3,5|15|16|19|24|31|37,True,True,True,20,29,29|102|97|42|108,0.0,0.0,1.0,0.0,0.16666666666666666,29,29|32|31|42|41,0.0,1.0,1.0,0.0,0.3333333333333333,False,neither_top1
31f8073287cd88b7f821,french,totalenergies_sustainability-climate-2024-progress-report_2024_fr_pdf,Reserves Valuation & Capital Expenditures,EM-EP-420a.4,14|25|39,True,True,True,20,39,39|108|25|109|59,1.0,1.0,1.0,1.0,1.0,24,24|30|26|25|37,0.0,1.0,1.0,1.0,0.25,False,vlm_degraded_top1
36c23fa89a1817f74046,french,totalenergies_sustainability-climate-2024-progress-report_2024_fr_pdf,Biodiversity Impacts,EM-EP-160a.1,31|83,True,True,True,20,108,108|81|82|74|75,0.0,0.0,1.0,0.0,0.14285714285714285,81,81|82|83|108|74,0.0,1.0,1.0,0.0,0.3333333333333333,False,neither_top1
39b4ad6c0368b5620930,french,totalenergies_sustainability-climate-2024-progress-report_2024_fr_pdf,Biodiversity Impacts,EM-EP-160a.2,105,True,True,True,20,105,105|108|104|40|75,1.0,1.0,1.0,1.0,1.0,75,75|105|108|104|40,0.0,1.0,1.0,0.0,0.5,False,vlm_degraded_top1
4797fc1f4c83faa0eaf7,french,totalenergies_sustainability-climate-2024-progress-report_2024_fr_pdf,Critical Incident Risk Management,EM-EP-540a.2,10,True,True,True,20,64,64|75|10|9|38,0.0,1.0,1.0,0.0,0.3333333333333333,86,86|62|63|64|75,0.0,0.0,1.0,0.0,0.16666666666666666,False,neither_top1
4f4d20e530687b5c3eb8,french,totalenergies_sustainability-climate-2024-progress-report_2024_fr_pdf,Greenhouse Gas Emissions,EM-MD-110a.3,,False,,,20,29,29|38|37|13|42,,,,,,101,101|102|29|32|28,,,,,,False,empty_gold
7409752369f6580dbcb7,french,totalenergies_sustainability-climate-2024-progress-report_2024_fr_pdf,Workforce Health & Safety,EM-EP-320a.1,,False,,,20,64,64|103|62|106|63,,,,,,103,103|62|64|61|63,,,,,,False,empty_gold
78c81324086b392d5682,french,totalenergies_sustainability-climate-2024-progress-report_2024_fr_pdf,Community Relations,EM-EP-210b.1,18|90|91|93,True,True,True,20,86,86|89|59|68|108,0.0,0.0,1.0,0.0,0.125,86,86|90|88|106|85,0.0,1.0,1.0,0.0,0.5,False,neither_top1
8a3a85d4cbbd93d41693,french,totalenergies_sustainability-climate-2024-progress-report_2024_fr_pdf,Reserves Valuation & Capital Expenditures,EM-EP-420a.3,5|47|49,True,True,True,20,33,33|5|108|71|47,0.0,1.0,1.0,0.0,0.5,33,33|5|108|71|47,0.0,1.0,1.0,0.0,0.5,True,neither_top1
a04ef703279a27f48578,french,totalenergies_sustainability-climate-2024-progress-report_2024_fr_pdf,"Security, Human Rights & Rights of Indigenous Peoples",EM-EP-210a.3,86,True,True,True,20,106,106|84|85|86|87,0.0,1.0,1.0,0.0,0.25,87,87|106|85|86|84,0.0,1.0,1.0,1.0,0.25,False,neither_top1
b57fca7d56f30ce62760,french,totalenergies_sustainability-climate-2024-progress-report_2024_fr_pdf,Workforce Health & Safety,EM-EP-320a.2,63,True,True,True,20,64,64|63|75|110|86,0.0,1.0,1.0,1.0,0.5,63,63|103|62|64|98,1.0,1.0,1.0,1.0,1.0,False,vlm_improved_top1
c0da42afa17bc095be0b,french,totalenergies_sustainability-climate-2024-progress-report_2024_fr_pdf,Management of the Legal & Regulatory Environment,EM-EP-530a.1,5|12|26,True,False,False,20,108,108|86|60|89|88,0.0,0.0,0.0,0.0,0.05263157894736842,57,57|59|89|60|88,0.0,0.0,0.0,0.0,0.0,False,candidate_recall_miss
c66300176ce7f41be80b,french,totalenergies_sustainability-climate-2024-progress-report_2024_fr_pdf,Reserves Valuation & Capital Expenditures,EM-EP-420a.1,24,True,False,True,20,40,40|25|37|23|107,0.0,0.0,0.0,0.0,0.047619047619047616,26,26|21|25|98|41,0.0,0.0,0.0,0.0,0.0625,False,candidate_recall_miss
d1a502fdfb577c43b4b1,french,totalenergies_sustainability-climate-2024-progress-report_2024_fr_pdf,Greenhouse Gas Emissions,EM-EP-110a.2,101,True,True,True,20,101,101|105|108|29|42,1.0,1.0,1.0,1.0,1.0,101,101|102|105|108|29,1.0,1.0,1.0,1.0,1.0,True,both_top1
d8b1362628756416ee2e,french,totalenergies_sustainability-climate-2024-progress-report_2024_fr_pdf,Greenhouse Gas Emissions,EM-MD-110a.1,101,True,True,True,20,29,29|101|102|46|37,0.0,1.0,1.0,0.0,0.5,101,101|29|102|46|37,1.0,1.0,1.0,1.0,1.0,False,vlm_improved_top1
ffdace5dc1f4c0578d4d,french,totalenergies_sustainability-climate-2024-progress-report_2024_fr_pdf,Air Quality,EM-MD-120a.1,105,True,True,True,20,34,34|105|101|75|37,0.0,1.0,1.0,0.0,0.5,105,105|75|37|38|34,1.0,1.0,1.0,1.0,1.0,False,vlm_improved_top1
08c612c8f71536d2f3cc,japanese,hokkaido_gas,End-Use Efficiency,IF-GU-420a.2,,False,,,20,15,15|14|27|21|11,,,,,,16,16|15|14|27|21,,,,,,True,empty_gold
5bc8f0384fce9f0ded72,japanese,hokkaido_gas,Gas Utility Network Integrity,IF-GU-540a.4,8|9|21,True,True,True,20,27,27|24|23|12|15,0.0,0.0,1.0,0.0,0.1111111111111111,27,27|24|23|12|15,0.0,0.0,1.0,0.0,0.1111111111111111,True,neither_top1
6877b82d1be7aa3bdc47,japanese,hokkaido_gas,Energy Affordability,IF-GU-240a.4,10,True,False,True,20,23,23|15|24|17|18,0.0,0.0,0.0,0.0,0.037037037037037035,23,23|15|24|17|18,0.0,0.0,0.0,0.0,0.05263157894736842,True,candidate_recall_miss
a04432f579e7efc6a190,japanese,hokkaido_gas,Activity Metrics,IF-GU-000.B,,False,,,20,14,14|27|15|21|23,,,,,,14,14|27|15|21|23,,,,,,True,empty_gold
075aed0c5b3221685365,japanese,honda_motor,Materials Sourcing,TR-AU-440a.1,95,True,True,True,20,88,88|127|83|28|29,0.0,0.0,1.0,0.0,0.125,95,95|127|23|83|28,1.0,1.0,1.0,1.0,1.0,False,vlm_improved_top1
449c982a0be151ff7a59,japanese,honda_motor,Activity Metrics,TR-AU-000.B,165|171,True,False,False,20,140,140|141|28|111|92,0.0,0.0,0.0,0.0,0.0,140,140|141|28|111|92,0.0,0.0,0.0,0.0,0.0,True,candidate_recall_miss
651d10073b6782e82d80,japanese,honda_motor,Material Efficiency & Recycling,TR-AU-440b.2,25,True,True,True,20,25,25|28|139|23|138,1.0,1.0,1.0,1.0,1.0,25,25|23|24|26|29,1.0,1.0,1.0,1.0,1.0,False,both_top1
935f5cd951a751b8356e,japanese,honda_motor,Fuel Economy & Use-Phase Emissions,TR-AU-410a.3,21,True,True,True,20,138,138|139|26|18|21,0.0,1.0,1.0,0.0,0.2,19,19|21|26|16|18,0.0,1.0,1.0,0.0,0.5,False,neither_top1
96a1d2ea51b53594d579,japanese,honda_motor,Product Safety,TR-AU-250a.1,47,True,True,True,20,47,47|34|133|28|48,1.0,1.0,1.0,1.0,1.0,47,47|63|46|45|49,1.0,1.0,1.0,1.0,1.0,False,both_top1
ae42f3ab7f60244c7dea,japanese,honda_motor,Material Efficiency & Recycling,TR-AU-440b.3,24,True,False,False,20,28,28|55|10|47|26,0.0,0.0,0.0,0.0,0.0,28,28|55|10|47|26,0.0,0.0,0.0,0.0,0.0,True,candidate_recall_miss
ea602e278cf0ee4fcde0,japanese,honda_motor,Activity Metrics,TR-AU-000.A,165,True,False,False,20,140,140|28|141|147|98,0.0,0.0,0.0,0.0,0.0,140,140|28|141|147|98,0.0,0.0,0.0,0.0,0.0,True,candidate_recall_miss
fbbf4928974a5637c7e3,japanese,honda_motor,Material Efficiency & Recycling,TR-AU-440b.1,,False,,,20,28,28|138|139|94|100,,,,,,28,28|138|139|94|100,,,,,,True,empty_gold
1acf7f1f4499ff53f107,japanese,itochu_corp,Labour_Practices,CG-MR-310a.1,165,True,False,True,20,114,114|167|44|161|119,0.0,0.0,0.0,0.0,0.0,114,114|167|44|161|119,0.0,0.0,0.0,0.0,0.058823529411764705,True,candidate_recall_miss
3ffa9f564e0aa1e9e370,japanese,itochu_corp,Product Sourcing Packaging & Marketing,CG-MR-410a.1,136,True,False,False,20,161,161|7|157|154|73,0.0,0.0,0.0,0.0,0.045454545454545456,157,157|154|155|158|161,0.0,0.0,0.0,0.0,0.0,False,candidate_recall_miss
45a323dcf34aed39b47d,japanese,itochu_corp,Workforce Diversity & Inclusion,CG-MR-330a.1,165,True,False,False,20,110,110|168|115|203|186,0.0,0.0,0.0,0.0,0.03571428571428571,170,170|166|110|109|111,0.0,0.0,0.0,0.0,0.0,False,candidate_recall_miss
511131b4e42f1901c6c6,japanese,itochu_corp,Energy Management in Retail & Distribution,CG-MR-130a.1,94,True,True,True,20,95,95|92|94|84|52,0.0,1.0,1.0,1.0,0.3333333333333333,94,94|95|93|97|96,1.0,1.0,1.0,1.0,1.0,False,vlm_improved_top1
5e8bc1aee9ac7b827b1c,japanese,itochu_corp,Data Security,CG-MR-230a.1,193,True,True,True,20,193,193|169|61|146|191,1.0,1.0,1.0,1.0,1.0,193,193|191|169|61|146,1.0,1.0,1.0,1.0,1.0,False,both_top1
6f8f879ee15e2d74b23e,japanese,itochu_corp,Workforce Diversity & Inclusion,CG-MR-330a.1,166,True,False,True,20,110,110|168|115|196|135,0.0,0.0,0.0,0.0,0.037037037037037035,170,170|111|110|115|168,0.0,0.0,0.0,0.0,0.05555555555555555,False,candidate_recall_miss
75d4d3d6815770d4812f,japanese,itochu_corp,Product Sourcing Packaging & Marketing,CG-MR-410a.3,66,True,False,False,20,60,60|162|161|61|154,0.0,0.0,0.0,0.0,0.034482758620689655,60,60|162|161|61|154,0.0,0.0,0.0,0.0,0.0,True,candidate_recall_miss
794ef56ef90bead63744,japanese,itochu_corp,Energy Management in Retail & Distribution,CG-MR-130a.1,94,True,True,True,20,95,95|92|94|84|52,0.0,1.0,1.0,1.0,0.3333333333333333,95,95|94|93|97|92,0.0,1.0,1.0,1.0,0.5,True,neither_top1
8b964e33c398e6c1a967,japanese,itochu_corp,Activity Metrics,CG-MR-000.B,95,True,True,True,20,79,79|9|95|148|161,0.0,1.0,1.0,0.0,0.3333333333333333,79,79|9|95|148|161,0.0,1.0,1.0,0.0,0.3333333333333333,True,neither_top1
96e53e2589f0975ca922,japanese,itochu_corp,Labour_Practices,CG-MR-310a.2,166,True,True,True,20,114,114|151|61|45|161,0.0,0.0,1.0,0.0,0.1,113,113|166|151|114|119,0.0,1.0,1.0,0.0,0.5,False,neither_top1
9d6b619c811501e029e2,japanese,itochu_corp,Workforce Diversity & Inclusion,CG-MR-330a.1,165,True,False,False,20,110,110|168|115|196|186,0.0,0.0,0.0,0.0,0.0,170,170|169|115|110|109,0.0,0.0,0.0,0.0,0.0,False,candidate_recall_miss
bfebbe4efad45b3b80cd,japanese,itochu_corp,Product Sourcing Packaging & Marketing,CG-MR-410a.2,59|62,True,False,True,20,146,146|60|137|61|46,0.0,0.0,0.0,0.0,0.03333333333333333,61,61|137|62|148|60,0.0,1.0,1.0,1.0,0.3333333333333333,False,candidate_recall_miss
f0984c2a7d177bc8023e,japanese,itochu_corp,Energy Management in Retail & Distribution,CG-MR-130a.1,94,True,True,True,20,95,95|92|94|84|52,0.0,1.0,1.0,1.0,0.3333333333333333,95,95|94|96|93|97,0.0,1.0,1.0,1.0,0.5,False,neither_top1
238432a1e3179eb2e293,japanese,marubeni_corp,Workforce Diversity & Inclusion,CG-MR-330a.1,115,True,True,True,20,109,109|115|78|107|116,0.0,1.0,1.0,0.0,0.5,115,115|107|116|114|106,1.0,1.0,1.0,1.0,1.0,False,vlm_improved_top1
4744e3feae784e99504b,japanese,marubeni_corp,Energy Management in Retail & Distribution,CG-MR-130a.1,59,True,True,True,20,58,58|35|120|45|50,0.0,0.0,1.0,1.0,0.125,59,59|58|35|34|33,1.0,1.0,1.0,1.0,1.0,False,vlm_improved_top1
69ff87f09d794619c916,japanese,marubeni_corp,Workforce Diversity & Inclusion,CG-MR-330a.1,115,True,True,True,20,115,115|109|78|107|104,1.0,1.0,1.0,1.0,1.0,107,107|115|114|116|109,0.0,1.0,1.0,0.0,0.5,False,vlm_degraded_top1
6cf7c824d515a7f3afd0,japanese,marubeni_corp,Energy Management in Retail & Distribution,CG-MR-130a.1,59,True,True,True,20,59,59|58|35|120|50,1.0,1.0,1.0,1.0,1.0,59,59|58|60|61|56,1.0,1.0,1.0,1.0,1.0,False,both_top1
8b7a7d1107e53e01a6d1,japanese,marubeni_corp,Labour Practices,CG-MR-310a.2,116,True,True,True,20,118,118|117|116|107|104,0.0,1.0,1.0,0.0,0.3333333333333333,116,116|117|118|115|106,1.0,1.0,1.0,1.0,1.0,False,vlm_improved_top1
b97e011e861c3d492c3a,japanese,marubeni_corp,Workforce Diversity & Inclusion,CG-MR-330a.1,115,True,True,True,20,115,115|109|107|78|106,1.0,1.0,1.0,1.0,1.0,107,107|114|115|109|116,0.0,1.0,1.0,0.0,0.3333333333333333,False,vlm_degraded_top1
c78448c78a7451e845c5,japanese,marubeni_corp,Product Sourcing Packaging & Marketing,CG-MR-410a.2,92,True,False,False,20,48,48|2|27|78|126,0.0,0.0,0.0,0.0,0.043478260869565216,48,48|2|27|78|126,0.0,0.0,0.0,0.0,0.0,True,candidate_recall_miss
d21d81e6c55a70b4dcb3,japanese,marubeni_corp,Product Sourcing Packaging & Marketing,CG-MR-410a.3,,False,,,20,48,48|22|120|1|21,,,,,,48,48|22|120|1|21,,,,,,True,empty_gold
f30e66f5042c74a0b385,japanese,marubeni_corp,Labour Practices,CG-MR-310a.2,116,True,True,True,20,118,118|116|117|107|115,0.0,1.0,1.0,0.0,0.5,116,116|117|118|115|114,1.0,1.0,1.0,1.0,1.0,False,vlm_improved_top1
0b00feb6054c0cd3b571,japanese,mazda_motor,Materials Sourcing,TR-AU-440a.1,,False,,,20,22,22|13|34|31|83,,,,,,22,22|13|34|31|83,,,,,,True,empty_gold
251a0f6455eb8255d7f1,japanese,mazda_motor,Materials Efficiency & Recycling,TR-AU-440b.1,113,True,True,True,20,29,29|26|14|13|35,0.0,0.0,1.0,0.0,0.1111111111111111,113,113|26|29|14|30,1.0,1.0,1.0,1.0,1.0,False,vlm_improved_top1
38c845278993783b577d,japanese,mazda_motor,Product Safety,TR-AU-250a.3,121,True,False,False,20,14,14|64|13|35|73,0.0,0.0,0.0,0.0,0.0,14,14|64|13|35|73,0.0,0.0,0.0,0.0,0.0,True,candidate_recall_miss
6fc498c60f4b49de6de1,japanese,mazda_motor,Fuel Economy & Use-phase Emissions,TR-AU-410a.3,35,True,False,True,20,13,13|34|16|18|19,0.0,0.0,0.0,0.0,0.09090909090909091,16,16|13|14|18|17,0.0,0.0,0.0,0.0,0.08333333333333333,False,candidate_recall_miss
a280ab2897b7f1cac5af,japanese,mazda_motor,Materials Efficiency & Recycling,TR-AU-440b.2,29,True,True,True,20,29,29|40|113|13|26,1.0,1.0,1.0,1.0,1.0,29,29|30|27|40|113,1.0,1.0,1.0,1.0,1.0,False,both_top1
c5da51b0b1c9c09fc33f,japanese,mazda_motor,Product Safety,TR-AU-250a.1,73,True,True,True,20,73,73|64|71|74|70,1.0,1.0,1.0,1.0,1.0,73,73|64|71|74|70,1.0,1.0,1.0,1.0,1.0,False,both_top1
dd0f33f99de203202590,japanese,mazda_motor,Materials Efficiency & Recycling,TR-AU-440b.1,113,True,True,True,20,29,29|26|14|13|35,0.0,0.0,1.0,0.0,0.1111111111111111,29,29|26|14|13|35,0.0,0.0,1.0,0.0,0.1111111111111111,False,neither_top1
e95c844a1a1decfb0329,japanese,mazda_motor,Materials Efficiency & Recycling,TR-AU-440b.3,29,True,True,True,20,29,29|40|92|13|39,1.0,1.0,1.0,1.0,1.0,29,29|30|34|92|24,1.0,1.0,1.0,1.0,1.0,False,both_top1
2a9a9f5d727ed82ff283,japanese,nissan_motor,Product Safety,TR-AU-250a.1,161,True,True,True,20,78,78|44|109|161|21,0.0,1.0,1.0,0.0,0.25,161,161|78|44|109|21,1.0,1.0,1.0,1.0,1.0,False,vlm_improved_top1
6467911192f2ca3ffb6d,japanese,nissan_motor,Fuel Economy & Use-phase Emissions,TR-AU-410a.2,,False,,,20,147,147|44|43|39|37,,,,,,146,146|147|44|43|39,,,,,,False,empty_gold
70012a85efb538971583,japanese,nissan_motor,Activity Metrics,TR-AU-000.B,143|146,True,False,True,20,148,148|64|153|160|115,0.0,0.0,0.0,0.0,0.05263157894736842,147,147|146|150|148|64,0.0,1.0,1.0,1.0,0.5,False,candidate_recall_miss
81016803f284597f5a83,japanese,nissan_motor,Activity Metrics,TR-AU-000.A,143|146,True,False,True,20,148,148|64|109|115|153,0.0,0.0,0.0,0.0,0.04,148,148|64|109|115|153,0.0,0.0,0.0,0.0,0.07692307692307693,True,candidate_recall_miss
83cba0ea02f203f6a802,japanese,nissan_motor,Materials Sourcing,TR-AU-440a.1,,False,,,20,88,88|58|79|57|86,,,,,,88,88|79|86|57|60,,,,,,False,empty_gold
8e8a403dfa997a4bab8c,japanese,nissan_motor,Materials Efficiency & Recycling,TR-AU-440b.3,,False,,,20,55,55|153|51|78|109,,,,,,55,55|153|51|78|109,,,,,,True,empty_gold
9e2096cf2e81af63df0e,japanese,nissan_motor,Materials Efficiency & Recycling,TR-AU-440b.1,57,True,False,False,20,51,51|157|154|86|150,0.0,0.0,0.0,0.0,0.06666666666666667,154,154|144|50|51|157,0.0,0.0,0.0,0.0,0.0,False,candidate_recall_miss
cbfa19e03ea57ab655ed,japanese,nissan_motor,Fuel Economy & Use-phase Emissions,TR-AU-410a.1,,False,,,20,145,145|151|39|49|33,,,,,,145,145|150|151|39|49,,,,,,False,empty_gold
eb7d348fb7d02e9d3497,japanese,nissan_motor,Labour Practices,TR-AU-310a.1,161,True,False,False,20,106,106|94|65|109|97,0.0,0.0,0.0,0.0,0.0,66,66|95|115|99|96,0.0,0.0,0.0,0.0,0.0,True,candidate_recall_miss
f68ad9ea4e7507f99935,japanese,nissan_motor,Fuel Economy & Use-phase Emissions,TR-AU-410a.3,27|31|37|38|44,True,False,True,20,152,152|49|33|26|39,0.0,0.0,0.0,0.0,0.09090909090909091,50,50|49|28|48|26,0.0,0.0,1.0,0.0,0.1,False,candidate_recall_miss
171fa25d5f8759005b21,japanese,sumitomo_corp,Energy Management in Retail & Distribution,CG-MR-130a.1,59,True,False,False,20,148,148|56|141|104|58,0.0,0.0,0.0,0.0,0.08333333333333333,148,148|56|141|104|58,0.0,0.0,0.0,0.0,0.0,True,candidate_recall_miss
1b2e40c729ef23fc3c27,japanese,sumitomo_corp,Energy Management in Retail & Distribution,CG-MR-130a.1,59,True,True,True,20,56,56|148|59|104|141,0.0,1.0,1.0,0.0,0.3333333333333333,59,59|56|58|148|103,1.0,1.0,1.0,1.0,1.0,False,vlm_improved_top1
27691a1d8741b69610cf,japanese,sumitomo_corp,Workforce Diversity & Inclusion,CG-MR-330a.1,,False,,,20,237,237|2|34|246|239,,,,,,239,239|238|237|236|34,,,,,,False,empty_gold
43ec66bd5c6d9966ef2a,japanese,sumitomo_corp,"Product Sourcing, Packaging & Marketing",CG-MR-410a.2,195,True,True,True,20,268,268|169|262|332|181,0.0,0.0,1.0,0.0,0.125,267,267|268|270|269|266,0.0,0.0,1.0,0.0,0.1,True,neither_top1
801b263b905ee6961904,japanese,sumitomo_corp,Data Security,CG-MR-230a.1,208,True,True,True,20,208,208|262|182|181|177,1.0,1.0,1.0,1.0,1.0,329,329|260|262|208|209,0.0,1.0,1.0,0.0,0.25,False,vlm_degraded_top1
83c35062a26a74b59f8b,japanese,sumitomo_corp,Labour Practices,CG-MR-310a.2,66,True,False,False,20,222,222|241|217|239|244,0.0,0.0,0.0,0.0,0.07692307692307693,241,241|222|217|239|244,0.0,0.0,0.0,0.0,0.0,True,candidate_recall_miss
a6add36f1c566469190f,japanese,sumitomo_corp,Workforce Diversity & Inclusion,CG-MR-330a.1,,False,,,20,237,237|2|34|239|246,,,,,,239,239|238|237|240|236,,,,,,False,empty_gold
f576a7d79d18597b2274,japanese,sumitomo_corp,Energy Management in Retail & Distribution,CG-MR-130a.1,59,True,False,False,20,148,148|56|141|104|58,0.0,0.0,0.0,0.0,0.08333333333333333,56,56|58|55|57|132,0.0,0.0,0.0,0.0,0.0,True,candidate_recall_miss
46703c8b5658f12007ae,japanese,toho_gas_1,Activity Metrics,IF-GU-000.B,,False,,,20,29,29|9|10|21|4,,,,,,29,29|9|10|21|4,,,,,,True,empty_gold
6fd7c332953b4bf83038,japanese,toho_gas_2,Activity Metrics,IF-GU-000.C,15|30,True,True,True,20,5,5|93|1|15|30,0.0,1.0,1.0,0.0,0.25,5,5|93|1|15|30,0.0,1.0,1.0,0.0,0.25,True,neither_top1
75c86176ce822f9bcb47,japanese,toho_gas_2,Activity Metrics,IF-GU-000.A,,False,,,20,5,5|91|67|62|52,,,,,,5,5|91|67|62|52,,,,,,True,empty_gold
a5adc1cfba16ca565465,japanese,toho_gas_2,End-Use Efficiency,IF-GU-420a.2,,False,,,20,40,40|54|52|21|22,,,,,,40,40|54|52|21|22,,,,,,True,empty_gold
b344d5ecb4df6663765b,japanese,toho_gas_2,Energy Affordability,IF-GU-240a.4,32|41|77,True,False,True,20,40,40|5|21|93|82,0.0,0.0,0.0,1.0,0.041666666666666664,38,38|40|5|21|93,0.0,0.0,0.0,0.0,0.09090909090909091,True,candidate_recall_miss
fca3dfcd99fa5879ce82,japanese,toho_gas_2,Gas Utility Network Integrity,IF-GU-540a.4,30,True,False,False,20,93,93|68|66|21|57,0.0,0.0,0.0,0.0,0.0,67,67|68|66|57|21,0.0,0.0,0.0,0.0,0.0,True,candidate_recall_miss
015cdd411d6666a7331f,japanese,tokyo_gas,Activity Metrics,IF-GU-000.B,47,True,True,True,20,70,70|50|47|49|2,0.0,1.0,1.0,0.0,0.3333333333333333,47,47|48|50|49|2,1.0,1.0,1.0,1.0,1.0,False,vlm_improved_top1
270f776132feaa348ca2,japanese,tokyo_gas,Energy Affordability,IF-GU-240a.4,23,True,True,True,20,70,70|21|23|12|2,0.0,1.0,1.0,0.0,0.3333333333333333,70,70|21|23|12|2,0.0,1.0,1.0,0.0,0.3333333333333333,True,neither_top1
ce66945f3e412a33ec1f,japanese,tokyo_gas,Gas Utility Network Integrity,IF-GU-540a.4,24,True,False,True,20,70,70|10|12|21|22,0.0,0.0,0.0,0.0,0.05555555555555555,70,70|10|12|21|22,0.0,0.0,0.0,0.0,0.05263157894736842,False,candidate_recall_miss
098ff73d3c56ba51dffa,korean,bh,Materials Sourcing,Description of the management of risks associated with the use of critical materials,76,True,False,True,20,87,87|29|78|44|96,0.0,0.0,0.0,0.0,0.07142857142857142,76,76|28|29|44|96,1.0,1.0,1.0,1.0,1.0,False,candidate_recall_miss
0e84f1016ce043895e64,korean,bh,Supply Chain Management,"Percentage of Tier 1 supplier facilities audited in the RBA Validated Audit Process (VAP) or equivalent, by (a) all facilities and (b) high-risk facilities",74|75|114,True,True,True,20,76,76|26|44|96|95,0.0,0.0,1.0,1.0,0.16666666666666666,78,78|76|84|24|26,0.0,0.0,1.0,0.0,0.1,True,neither_top1
28e9b279730986e36dd3,korean,bh,Supply Chain Management,"Tier 1 suppliers' (1) non-conformance rate with the RBA Validated Audit Process (VAP) or equivalent, and (2) associated corrective action rate for (a) priority non-conformances and (b) other non-conformances",75|114,True,True,True,20,44,44|76|95|96|74,0.0,0.0,1.0,0.0,0.1111111111111111,76,76|44|74|75|86,0.0,1.0,1.0,1.0,0.25,True,neither_top1
7de632da17eedf77b4a1,korean,bh,Product Security,Description of approach to identifying and addressing data security risks in products,98,True,True,True,20,97,97|43|44|100|115,0.0,0.0,1.0,1.0,0.16666666666666666,97,97|21|42|96|95,0.0,0.0,1.0,1.0,0.16666666666666666,False,neither_top1
d97781a203ccb9b0f551,korean,bh,Employee Diversity & Inclusion,"Percentage of (1) gender and (2) diversity group representation for (a) executive management, (b) non-executive management, (c) technical employees and (d) all other employees",81|110,True,False,False,20,49,49|11|44|79|4,0.0,0.0,0.0,0.0,0.043478260869565216,83,83|84|11|49|44,0.0,0.0,0.0,0.0,0.0,True,candidate_recall_miss
0b461e17c0cfa7e317c0,korean,hana_micron,Energy Management in Manufacturing,"(1) Total energy consumed, (2) percentage grid electricity and (3) percentage renewable",24|54,True,True,True,20,55,55|54|24|75|21,0.0,1.0,1.0,1.0,0.5,55,55|54|56|21|22,0.0,1.0,1.0,1.0,0.5,False,neither_top1
737598ae7160bc32e836,korean,hana_micron,Recruiting & Managing a Global & Skilled Workforce,Percentage of employees that require a work visa,62,True,True,True,20,32,32|45|60|6|71,0.0,0.0,1.0,0.0,0.14285714285714285,32,32|45|60|6|71,0.0,0.0,1.0,0.0,0.14285714285714285,True,neither_top1
873af103cf04b57625b0,korean,hana_micron,Product Lifecycle Management,Percentage of products by revenue that contain IEC 62474 declarable substances,72,True,True,True,20,54,54|55|45|43|49,0.0,0.0,1.0,0.0,0.125,72,72|54|55|45|43,1.0,1.0,1.0,1.0,1.0,False,vlm_improved_top1
9231c3d7b3a8d6e80dd5,korean,hana_micron,Water Management,"(1) Total water withdrawn, (2) total water consumed; percentage of each in regions with High or Extremely High Baseline Water Stress",57,True,True,True,20,25,25|14|57|54|55,0.0,1.0,1.0,0.0,0.3333333333333333,57,57|25|54|55|68,1.0,1.0,1.0,1.0,1.0,False,vlm_improved_top1
a1a32a3f65ad9977d4a0,korean,hana_micron,Workforce Health & Safety,"Description of efforts to assess, monitor, and reduce exposure of workforce to human health hazards",35|37,True,True,True,20,9,9|39|77|32|3,0.0,0.0,1.0,0.0,0.14285714285714285,39,39|37|38|36|32,0.0,1.0,1.0,0.0,0.5,False,neither_top1
cb552ce39a277b84362c,korean,hana_micron,Greenhouse Gas Emissions,(1) Gross global Scope 1 emissions and (2) amount of total emissions from perfluorinated compounds,22|72,True,True,True,20,75,75|72|56|54|23,0.0,1.0,1.0,0.0,0.5,75,75|76|56|54|72,0.0,1.0,1.0,0.0,0.2,False,neither_top1
fe12d677ff527e7648ef,korean,hana_micron,Greenhouse Gas Emissions,"Discussion of long- and short-term strategy or plan to manage Scope 1 emissions, emissions reduction targets, and an analysis of performance against those targets",19|21|22,True,False,True,20,20,20|72|75|76|9,0.0,0.0,0.0,1.0,0.0625,20,20|21|22|19|76,0.0,1.0,1.0,1.0,0.5,False,candidate_recall_miss
159347d33ad37ebcdb78,korean,hyundai,Product Safety,"Percentage of vehicle models rated by NCAP with an overall 5-star safety rating, by region",73,True,True,True,20,73,73|114|29|44|15,1.0,1.0,1.0,1.0,1.0,114,114|73|29|44|15,0.0,1.0,1.0,0.0,0.5,False,vlm_degraded_top1
2ca9bc86dbdedd91b02c,korean,hyundai,Fuel Economy & Use-phase Emissions,"Sales-weighted average passenger fleet fuel economy, by region",28|39,True,True,True,20,123,123|28|73|74|121,0.0,1.0,1.0,0.0,0.5,28,28|123|121|26|73,1.0,1.0,1.0,1.0,1.0,True,vlm_improved_top1
2d523d8aad315e72c78e,korean,hyundai,Materials Sourcing,Description of the management of risks associated with the use of critical materials,41|70|92,True,False,False,20,44,44|16|15|123|60,0.0,0.0,0.0,0.0,0.041666666666666664,44,44|45|93|17|18,0.0,0.0,0.0,0.0,0.0,False,candidate_recall_miss
5504c0aaffc371247ca2,korean,hyundai,Labour Practices,(1) Number of work stoppages and (2) total days idle,102,True,False,False,20,111,111|123|112|121|37,0.0,0.0,0.0,0.0,0.043478260869565216,111,111|123|112|121|37,0.0,0.0,0.0,0.0,0.0,True,candidate_recall_miss
8bcbccda52b3bad14cbe,korean,hyundai,Labour Practices,Percentage of active workforce employed under collective agreements,102,True,False,False,20,123,123|50|72|84|111,0.0,0.0,0.0,0.0,0.037037037037037035,103,103|83|93|116|111,0.0,0.0,0.0,1.0,0.0,True,candidate_recall_miss
98c2d810ced7de1d5ab1,korean,hyundai,Materials Efficiency & Recycling,"(1) Weight of end-of-life material recovered, (2) percentage recycled",,False,,,20,114,114|39|29|44|123,,,,,,114,114|40|44|38|30,,,,,,False,empty_gold
9dd053c3b0b4353339af,korean,hyundai,Fuel Economy & Use-phase Emissions,"Number of (1) zero emission vehicles (ZEV), (2) hybrid vehicles and (3) plug-in hybrid vehicles sold",,False,,,20,123,123|26|39|43|114,,,,,,26,26|114|121|123|120,,,,,,False,empty_gold
a641e5cdea24b846f049,korean,hyundai,Product Safety,Number of vehicles recalled,72,True,True,True,20,71,71|39|72|114|73,0.0,1.0,1.0,1.0,0.3333333333333333,74,74|71|39|72|114,0.0,1.0,1.0,0.0,0.25,True,neither_top1
b0bacd843227d32b7f9e,korean,hyundai,Materials Efficiency & Recycling,"(1) Total amount of waste from manufacturing, (2) percentage recycled",100,True,False,True,20,39,39|99|15|43|123,0.0,0.0,0.0,0.0,0.06666666666666667,39,39|43|97|98|44,0.0,0.0,0.0,0.0,0.07142857142857142,False,candidate_recall_miss
bad6ee33dc814e4e66f0,korean,hyundai,Fuel Economy & Use-phase Emissions,Discussion of strategy for managing fleet fuel economy and emissions risks and opportunities,25|28,True,False,False,20,123,123|37|121|43|120,0.0,0.0,0.0,0.0,0.07692307692307693,44,44|16|39|43|38,0.0,0.0,0.0,0.0,0.0,False,candidate_recall_miss
fa6a08c31abe73488c59,korean,hyundai,Product Safety,"(1) Number of safety-related defect complaints, (2) percentage investigated",72,True,False,False,20,114,114|44|59|73|15,0.0,0.0,0.0,0.0,0.05555555555555555,114,114|44|59|73|15,0.0,0.0,0.0,0.0,0.0,True,candidate_recall_miss
ea3267d62fd142dab5e0,korean,kgm,Materials Efficiency & Recycling,"(1) Total amount of waste from manufacturing, (2) percentage recycled",12,True,True,True,15,9,9|12|14|13|15,0.0,1.0,1.0,0.0,0.5,12,12|9|14|15|13,1.0,1.0,1.0,1.0,1.0,False,vlm_improved_top1
0031b563e34c256efeb2,korean,kia,Fuel Economy & Use-phase Emissions,"Sales-weighted average passenger fleet fuel economy, by region",131,True,True,True,20,131,131|137|90|78|1,1.0,1.0,1.0,1.0,1.0,131,131|137|90|78|1,1.0,1.0,1.0,1.0,1.0,True,both_top1
08380b2218703a040a7f,korean,kia,Materials Efficiency & Recycling,"(1) Weight of end-of-life material recovered, (2) percentage recycled",52|114|131,True,True,True,20,39,39|137|52|114|48,0.0,1.0,1.0,0.0,0.3333333333333333,52,52|114|53|39|48,1.0,1.0,1.0,1.0,1.0,False,vlm_improved_top1
0c4f3bd042d5a12a2f69,korean,kia,Materials Sourcing,Description of the management of risks associated with the use of critical materials,131,True,False,False,20,44,44|50|51|62|46,0.0,0.0,0.0,0.0,0.07142857142857142,50,50|45|48|46|51,0.0,0.0,0.0,0.0,0.0,False,candidate_recall_miss
3d6e7b2526b3caedd23b,korean,kia,Materials Efficiency & Recycling,"(1) Total amount of waste from manufacturing, (2) percentage recycled",52|114|131,True,True,True,20,137,137|87|114|52|44,0.0,1.0,1.0,0.0,0.3333333333333333,114,114|52|53|112|87,1.0,1.0,1.0,1.0,1.0,False,vlm_improved_top1
6fed804375adc9838f4d,korean,kia,Product Safety,Number of vehicles recalled,79|120|131,True,True,True,20,131,131|79|120|137|34,1.0,1.0,1.0,1.0,1.0,79,79|120|131|137|34,1.0,1.0,1.0,1.0,1.0,True,both_top1
72bc40357b0da588838b,korean,kia,Fuel Economy & Use-phase Emissions,Discussion of strategy for managing fleet fuel economy and emissions risks and opportunities,34|35|131,True,True,True,20,137,137|4|37|33|31,0.0,0.0,1.0,0.0,0.16666666666666666,37,37|34|33|38|43,0.0,1.0,1.0,0.0,0.5,False,neither_top1
87093c7140fb936420ec,korean,kia,Labour Practices,(1) Number of work stoppages and (2) total days idle,131,True,False,False,20,97,97|137|98|108|95,0.0,0.0,0.0,0.0,0.06666666666666667,98,98|95|97|70|132,0.0,0.0,0.0,0.0,0.0,False,candidate_recall_miss
87af99c0c9802a0be643,korean,kia,Labour Practices,Percentage of active workforce employed under collective agreements,119|131,True,False,True,20,98,98|96|97|95|129,0.0,0.0,0.0,0.0,0.08333333333333333,98,98|96|97|95|129,0.0,0.0,0.0,0.0,0.058823529411764705,True,candidate_recall_miss
94ac19ca233efb45fe32,korean,kia,Materials Efficiency & Recycling,Average recyclability of vehicles sold,131,True,True,True,20,131,131|34|1|137|32,1.0,1.0,1.0,1.0,1.0,131,131|34|1|137|32,1.0,1.0,1.0,1.0,1.0,False,both_top1
c924b1277e1370a78d5a,korean,kia,Fuel Economy & Use-phase Emissions,"Number of (1) zero emission vehicles (ZEV), (2) hybrid vehicles and (3) plug-in hybrid vehicles sold",5|131,True,True,True,20,137,137|34|131|39|17,0.0,1.0,1.0,0.0,0.3333333333333333,39,39|34|131|137|17,0.0,1.0,1.0,0.0,0.3333333333333333,True,neither_top1
c93cfb0c1f8a62b8ca8b,korean,kia,Product Safety,"(1) Number of safety-related defect complaints, (2) percentage investigated",131,True,True,True,20,131,131|79|138|95|59,1.0,1.0,1.0,1.0,1.0,108,108|95|76|79|131,0.0,1.0,1.0,0.0,0.2,False,vlm_degraded_top1
ed7e61a15c6b6b3678e8,korean,kia,Product Safety,"Percentage of vehicle models rated by NCAP with an overall 5-star safety rating, by region",131,True,True,True,20,131,131|74|3|108|138,1.0,1.0,1.0,1.0,1.0,131,131|130|79|72|75,1.0,1.0,1.0,1.0,1.0,False,both_top1
1888bc75b83432e49a41,korean,nepes,Energy Management in Manufacturing,"(1) Total energy consumed, (2) percentage grid electricity and (3) percentage renewable",37,True,True,True,20,37,37|12|38|21|8,1.0,1.0,1.0,1.0,1.0,37,37|13|12|39|38,1.0,1.0,1.0,1.0,1.0,False,both_top1
303cf64d7e6935ccd776,korean,nepes,Greenhouse Gas Emissions,(1) Gross global Scope 1 emissions and (2) amount of total emissions from perfluorinated compounds,37,True,True,True,20,12,12|37|14|40|6,0.0,1.0,1.0,0.0,0.5,37,37|12|13|14|10,1.0,1.0,1.0,1.0,1.0,False,vlm_improved_top1
967361189398dbb0055a,korean,nepes,Water Management,"(1) Total water withdrawn, (2) total water consumed; percentage of each in regions with High or Extremely High Baseline Water Stress",13|37,True,True,True,20,37,37|13|6|24|8,1.0,1.0,1.0,1.0,1.0,13,13|12|37|14|11,1.0,1.0,1.0,1.0,1.0,False,both_top1
971da898ab83883b619b,korean,nepes,Waste Management,"(1) Amount of hazardous waste from manufacturing, (2) percentage recycled",13|37,True,True,True,20,37,37|13|6|30|36,1.0,1.0,1.0,1.0,1.0,13,13|37|12|6|30,1.0,1.0,1.0,1.0,1.0,False,both_top1
b9763451dd7e1b63f3de,korean,nepes,Workforce Health & Safety,"Description of efforts to assess, monitor, and reduce exposure of workforce to human health hazards",17,True,False,False,20,23,23|24|30|27|21,0.0,0.0,0.0,0.0,0.06666666666666667,23,23|24|30|27|21,0.0,0.0,0.0,0.0,0.0,False,candidate_recall_miss
c25f720163a0bd6fb6d7,korean,nepes,Greenhouse Gas Emissions,"Discussion of long- and short-term strategy or plan to manage Scope 1 emissions, emissions reduction targets, and an analysis of performance against those targets",,False,,,20,14,14|37|40|21|8,,,,,,14,14|12|13|37|40,,,,,,False,empty_gold
13713e218c21c7cacb86,korean,samsung_electro_mechanics,Product Security,Description of approach to identifying and addressing data security risks in products,94|96,True,True,True,20,94,94|62|70|41|42,1.0,1.0,1.0,1.0,1.0,94,94|95|92|63|41,1.0,1.0,1.0,1.0,1.0,False,both_top1
39fb09a1eefb8b689626,korean,samsung_electro_mechanics,Employee Diversity & Inclusion,"Percentage of (1) gender and (2) diversity group representation for (a) executive management, (b) non-executive management, (c) technical employees and (d) all other employees",116,True,True,True,20,110,110|47|19|116|6,0.0,1.0,1.0,0.0,0.25,116,116|110|19|20|47,1.0,1.0,1.0,1.0,1.0,False,vlm_improved_top1
61b1366c5a642decfc77,korean,samsung_electro_mechanics,Materials Sourcing,Description of the management of risks associated with the use of critical materials,,False,,,20,41,41|38|76|62|19,,,,,,41,41|38|76|62|19,,,,,,False,empty_gold
f6a811b941b5d7653059,korean,samsung_electro_mechanics,Supply Chain Management,"Percentage of Tier 1 supplier facilities audited in the RBA Validated Audit Process (VAP) or equivalent, by (a) all facilities and (b) high-risk facilities",,False,,,20,119,119|55|106|120|70,,,,,,55,55|119|120|106|70,,,,,,False,empty_gold
fb6ed1be8491ef8f1c1d,korean,samsung_electro_mechanics,Supply Chain Management,"Tier 1 suppliers' (1) non-conformance rate with the RBA Validated Audit Process (VAP) or equivalent, and (2) associated corrective action rate for (a) priority non-conformances and (b) other non-conformances",,False,,,20,55,55|70|73|74|110,,,,,,55,55|56|54|53|52,,,,,,False,empty_gold
5d6bf019e0fe005c8e75,korean,samsung_electronics,Supply Chain Management,"Percentage of Tier 1 supplier facilities audited in the RBA Validated Audit Process (VAP) or equivalent, by (a) all facilities and (b) high-risk facilities",42|43|44,True,True,True,20,39,39|42|41|31|57,0.0,1.0,1.0,0.0,0.5,42,42|39|41|31|57,1.0,1.0,1.0,1.0,1.0,False,vlm_improved_top1
6153f33c800a49ad7396,korean,samsung_electronics,Product Security,Description of approach to identifying and addressing data security risks in products,48|49|50,True,True,True,20,49,49|48|50|36|32,1.0,1.0,1.0,1.0,1.0,48,48|49|50|36|32,1.0,1.0,1.0,1.0,1.0,False,both_top1
6b39ae687ae4133a0bee,korean,samsung_electronics,Employee Diversity & Inclusion,"Percentage of (1) gender and (2) diversity group representation for (a) executive management, (b) non-executive management, (c) technical employees and (d) all other employees",37,True,True,True,20,31,31|37|32|53|48,0.0,1.0,1.0,0.0,0.5,59,59|37|33|31|38,0.0,1.0,1.0,0.0,0.5,False,neither_top1
d886c65cb7f8b7230bab,korean,samsung_electronics,Supply Chain Management,"Tier 1 suppliers' (1) non-conformance rate with the RBA Validated Audit Process (VAP) or equivalent, and (2) associated corrective action rate for (a) priority non-conformances and (b) other non-conformances",43|44|61,True,False,False,20,39,39|31|50|17|49,0.0,0.0,0.0,0.0,0.0,79,79|42|39|31|50,0.0,0.0,0.0,0.0,0.0,False,candidate_recall_miss
dda2c1b9845388342112,korean,samsung_electronics,Product Lifecycle Management,Weight of end-of-life products and e-waste recovered; percentage recycled,12|16,True,True,True,20,15,15|12|16|26|22,0.0,1.0,1.0,1.0,0.5,26,26|16|15|4|22,0.0,1.0,1.0,0.0,0.5,False,neither_top1
0052708928e5de126dd5,korean,skhynix,Waste Management,"(1) Amount of hazardous waste from manufacturing, (2) percentage recycled",83,True,False,False,20,46,46|96|3|22|34,0.0,0.0,0.0,0.0,0.09090909090909091,46,46|96|3|22|34,0.0,0.0,0.0,0.0,0.0,False,candidate_recall_miss
42e199728ff44eab5628,korean,skhynix,Recruiting & Managing a Global & Skilled Workforce,Percentage of employees that require a work visa,,False,,,20,3,3|69|30|21|61,,,,,,69,69|67|13|74|68,,,,,,True,empty_gold
5a59c29ca8c6e0425f19,korean,skhynix,Water Management,"(1) Total water withdrawn, (2) total water consumed; percentage of each in regions with High or Extremely High Baseline Water Stress",82,True,True,True,20,43,43|82|91|3|42,0.0,1.0,1.0,0.0,0.5,82,82|43|91|42|44,1.0,1.0,1.0,1.0,1.0,False,vlm_improved_top1
6e67d7d5fad62e1a5d03,korean,skhynix,Greenhouse Gas Emissions,"Discussion of long- and short-term strategy or plan to manage Scope 1 emissions, emissions reduction targets, and an analysis of performance against those targets",20,True,False,True,20,96,96|22|91|21|37,0.0,0.0,0.0,0.0,0.06666666666666667,37,37|21|22|38|96,0.0,0.0,0.0,0.0,0.0625,False,candidate_recall_miss
a464a9a3e7fbf9760706,korean,skhynix,Energy Management in Manufacturing,"(1) Total energy consumed, (2) percentage grid electricity and (3) percentage renewable",,False,,,20,81,81|22|3|96|50,,,,,,81,81|91|80|82|79,,,,,,False,empty_gold
aeac73b8da9d07e277e6,korean,skhynix,Materials Sourcing,Description of the management of risks associated with the use of critical materials,20|22|61|80,True,True,True,20,34,34|35|95|52|93,0.0,0.0,1.0,0.0,0.1111111111111111,52,52|33|32|36|37,0.0,0.0,0.0,0.0,0.07692307692307693,True,neither_top1
bba794453acb8770add2,korean,skhynix,Workforce Health & Safety,"Description of efforts to assess, monitor, and reduce exposure of workforce to human health hazards",20|31|32,True,True,True,20,3,3|30|32|31|35,0.0,1.0,1.0,0.0,0.3333333333333333,30,30|32|31|35|34,0.0,1.0,1.0,1.0,0.5,False,neither_top1
0e95500b6b29fe0c7006,thai,bafs,Workforce Health & Safety,EM-RM-320a.1,121,True,True,True,20,209,209|121|220|219|118,0.0,1.0,1.0,0.0,0.5,209,209|121|220|219|118,0.0,1.0,1.0,0.0,0.5,False,neither_top1
50099ef106cbd38cc34c,thai,bafs,Greenhouse Gas Emissions,EM-RM-110a.1,62,True,True,True,20,217,217|16|62|9|216,0.0,1.0,1.0,0.0,0.3333333333333333,217,217|16|62|9|216,0.0,1.0,1.0,0.0,0.3333333333333333,True,neither_top1
56d04ea1c2584a4d421f,thai,bafs,Greenhouse Gas Emissions,EM-RM-110a.2,62,True,True,True,20,217,217|64|62|216|191,0.0,1.0,1.0,0.0,0.3333333333333333,62,62|60|61|66|64,1.0,1.0,1.0,1.0,1.0,False,vlm_improved_top1
9ce382c513402097d85b,thai,bafs,Water Management,EM-RM-140a.1,,False,,,20,217,217|83|216|222|77,,,,,,83,83|81|85|84|217,,,,,,False,empty_gold
abc0365f30a02f534459,thai,bafs,Workforce Health & Safety,EM-RM-320a.2,121,True,False,False,20,219,219|125|124|221|218,0.0,0.0,0.0,0.0,0.0,125,125|124|114|119|218,0.0,0.0,0.0,0.0,0.0,False,candidate_recall_miss
d58c930ef97197505f9b,thai,bafs,Air Quality,EM-RM-120a.1,210,True,False,False,20,217,217|16|199|123|222,0.0,0.0,0.0,0.0,0.05,217,217|16|199|123|222,0.0,0.0,0.0,0.0,0.0,True,candidate_recall_miss
e1de00e677a541f9dc37,thai,bafs,Hazardous Materials Management,EM-RM-150a.1,60,True,False,False,20,217,217|222|216|221|66,0.0,0.0,0.0,0.0,0.06666666666666667,217,217|221|216|222|66,0.0,0.0,0.0,0.0,0.0,False,candidate_recall_miss
0cd95a577fb9652c0ee9,thai,cimbt,Financed Emissions,FN-CB-410b.4,,False,,,20,36,36|37|58|35|6,,,,,,57,57|45|58|6|36,,,,,,False,empty_gold
7bb2aa358d071763f8eb,thai,cimbt,Data Security,FN-CB-230a.2,,False,,,20,59,59|56|89|73|30,,,,,,59,59|56|32|90|89,,,,,,False,empty_gold
bbe2d117bca6044e87ec,thai,cimbt,Business Ethics,FN-CB-510a.2,32,True,True,True,20,89,89|63|56|69|68,0.0,0.0,1.0,0.0,0.1,88,88|32|62|64|63,0.0,1.0,1.0,0.0,0.5,False,neither_top1
caeae4a67c18ed6f2447,thai,cimbt,Business Ethics,FN-CB-510a.1,,False,,,20,72,72|66|92|68|55,,,,,,94,94|90|93|65|74,,,,,,True,empty_gold
eaa8bef132cf61632f5c,thai,cimbt,Data Security,FN-CB-230a.1,60,True,False,True,20,59,59|89|35|68|91,0.0,0.0,0.0,1.0,0.045454545454545456,59,59|76|68|91|90,0.0,0.0,0.0,1.0,0.09090909090909091,False,candidate_recall_miss
08bfe585e0ad8e831427,thai,cpall,Workforce Diversity & Inclusion,CG-MR-330a.1,191,True,False,False,20,293,293|197|297|294|169,0.0,0.0,0.0,0.0,0.0,293,293|294|297|299|296,0.0,0.0,0.0,0.0,0.0,False,candidate_recall_miss
16dcaa1f6ac7ec9d67fc,thai,cpall,Data Security,CG-MR-230a.2,163,True,False,False,20,303,303|304|305|302|185,0.0,0.0,0.0,0.0,0.06666666666666667,185,185|183|184|311|309,0.0,0.0,0.0,0.0,0.0,False,candidate_recall_miss
447b611d4447ea639bbb,thai,cpall,Energy Management in Retail & Distribution,CG-MR-130a.1,58,True,False,True,20,62,62|60|307|50|65,0.0,0.0,0.0,0.0,0.0,58,58|306|65|62|302,1.0,1.0,1.0,1.0,1.0,False,candidate_recall_miss
4d5e3b334931042c8387,thai,cpall,Energy Management in Retail & Distribution,CG-MR-130a.1,58,True,False,True,20,62,62|60|307|50|317,0.0,0.0,0.0,0.0,0.0,58,58|306|288|59|63,1.0,1.0,1.0,1.0,1.0,False,candidate_recall_miss
71cc3eb19bca82af9ffb,thai,cpall,Workforce Diversity & Inclusion,CG-MR-330a.1,191,True,False,False,20,293,293|197|297|294|169,0.0,0.0,0.0,0.0,0.0,293,293|294|297|296|295,0.0,0.0,0.0,0.0,0.0,False,candidate_recall_miss
8bb35a8dabedea3f6396,thai,cpall,Activity,CG-MR-000.A,8,True,False,False,20,240,240|302|300|304|303,0.0,0.0,0.0,0.0,0.0,240,240|239|304|303|305,0.0,0.0,0.0,0.0,0.0,False,candidate_recall_miss
9b894c04a11fa9def10e,thai,cpall,Workforce Diversity & Inclusion,CG-MR-330a.1,294,True,True,True,20,293,293|197|297|294|169,0.0,1.0,1.0,1.0,0.25,293,293|294|297|296|295,0.0,1.0,1.0,1.0,0.5,False,neither_top1
9d51ca903f0bb51a69d5,thai,cpall,Data Security,CG-MR-230a.1,44,True,False,False,20,311,311|183|185|310|309,0.0,0.0,0.0,0.0,0.0,183,183|182|185|184|186,0.0,0.0,0.0,0.0,0.0,False,candidate_recall_miss
d6c7401a5f59bb3d4f0b,thai,cpall,"Product Sourcing, Packaging & Marketing",CG-MR-410a.3,72,True,True,True,20,49,49|72|74|79|317,0.0,1.0,1.0,0.0,0.5,74,74|79|82|78|84,0.0,0.0,1.0,0.0,0.14285714285714285,False,neither_top1
f627eb1e060bd36320a9,thai,cpall,Data Security,CG-MR-230a.2,163,True,True,True,20,303,303|185|304|302|183,0.0,0.0,1.0,0.0,0.1,185,185|183|186|184|182,0.0,0.0,0.0,0.0,0.08333333333333333,False,neither_top1
0b6d954da1ff6e70d2e4,thai,crc,Energy Management in Retail & Distribution,CG-MR-130a.1,24,True,True,True,20,62,62|18|64|63|17,0.0,0.0,1.0,0.0,0.125,18,18|24|25|21|20,0.0,1.0,1.0,0.0,0.5,False,neither_top1
34e14b143586f3e436fb,thai,crc,Activity,CG-MR-000.B,,False,,,20,48,48|32|63|64|30,,,,,,48,48|32|63|64|30,,,,,,True,empty_gold
41050252ef90ffa7e55b,thai,crc,Activity,CG-MR-000.A,,False,,,20,63,63|64|62|61|48,,,,,,30,30|3|63|64|62,,,,,,True,empty_gold
757326706a77645c6671,thai,crc,Labour Practices,CG-MR-310a.2,47,True,True,True,20,35,35|64|61|63|21,0.0,0.0,1.0,0.0,0.125,47,47|20|59|60|19,1.0,1.0,1.0,1.0,1.0,False,vlm_improved_top1
7a28b49b775a2f61981f,thai,crc,Labour Practices,CG-MR-310a.2,47,True,True,True,20,35,35|61|64|63|21,0.0,0.0,1.0,0.0,0.1,35,35|61|64|63|21,0.0,0.0,1.0,0.0,0.1,True,neither_top1
7b9c0cd636e28c4fffd9,thai,crc,Activity,CG-MR-000.A,,False,,,20,64,64|63|62|61|32,,,,,,32,32|64|63|62|61,,,,,,True,empty_gold
92a2efabaec1a2b2b7c5,thai,crc,Energy Management in Retail & Distribution,CG-MR-130a.1,24,True,True,True,20,18,18|62|64|63|17,0.0,0.0,1.0,0.0,0.14285714285714285,18,18|62|64|63|17,0.0,0.0,1.0,0.0,0.14285714285714285,True,neither_top1
cdee3ea0b6ee1a45a6a9,thai,crc,Workforce Diversity & Inclusion,CG-MR-330a.1,30,True,False,False,20,35,35|63|64|61|62,0.0,0.0,0.0,0.0,0.0,34,34|47|36|45|41,0.0,0.0,0.0,0.0,0.0,True,candidate_recall_miss
d723fc9be203f6144af6,thai,crc,Workforce Diversity & Inclusion,CG-MR-330a.1,46,True,False,True,20,35,35|63|64|61|62,0.0,0.0,0.0,0.0,0.09090909090909091,46,46|47|34|35|36,1.0,1.0,1.0,1.0,1.0,True,candidate_recall_miss
ed40373ccca75aa37728,thai,crc,"Product Sourcing, Packaging & Marketing",CG-MR-410a.3,,False,,,20,21,21|64|63|62|26,,,,,,21,21|26|17|61|32,,,,,,False,empty_gold
f23ad3b183467ac447ec,thai,crc,Workforce Diversity & Inclusion,CG-MR-330a.1,46,True,True,True,20,35,35|63|64|61|62,0.0,0.0,1.0,0.0,0.1,35,35|63|64|61|62,0.0,0.0,1.0,0.0,0.1,True,neither_top1
f2f80a96a571da970c7e,thai,crc,Energy Management in Retail & Distribution,CG-MR-130a.1,24,True,True,True,20,64,64|62|18|17|63,0.0,0.0,1.0,0.0,0.16666666666666666,18,18|17|63|24|61,0.0,1.0,1.0,0.0,0.25,True,neither_top1
0fe30c8f23599fe1000e,thai,cv,Community Relations,EM-CO-210b.1,23,True,True,True,20,23,23|3|11|30|26,1.0,1.0,1.0,1.0,1.0,11,11|23|25|22|27,0.0,1.0,1.0,0.0,0.5,False,vlm_degraded_top1
5ecbd6a2b4fe051e9ab3,thai,cv,Waste Management,EM-CO-150a.2,,False,,,20,17,17|10|20|21|16,,,,,,17,17|16|33|11|15,,,,,,False,empty_gold
76dfaaa9494e83c90401,thai,cv,Biodiversity Impacts,EM-CO-160a.1,,False,,,20,11,11|10|30|22|23,,,,,,11,11|10|30|22|23,,,,,,False,empty_gold
7e2580369cba995eddd0,thai,cv,,EM-CO-210a.2,,False,,,20,3,3|23|27|25|30,,,,,,27,27|25|23|31|11,,,,,,True,empty_gold
84d66147108b6444cfc2,thai,cv,Labour Relations,EM-CO-310a.1,29,True,True,True,20,29,29|31|32|25|11,1.0,1.0,1.0,1.0,1.0,31,31|32|29|30|26,0.0,1.0,1.0,0.0,0.3333333333333333,True,vlm_degraded_top1
a95eb432c99457fa3e66,thai,cv,,M-CO-110a.2,,False,,,20,19,19|18|11|17|21,,,,,,19,19|18|11|17|21,,,,,,False,empty_gold
b9b938f39d50456a88c4,thai,cv,,EM-CO-150a.5,,False,,,20,17,17|10|11|16|15,,,,,,17,17|15|16|18|12,,,,,,False,empty_gold
e017b18421111472609a,thai,cv,,EM-CO-320a.2,,False,,,20,30,30|11|19|21|31,,,,,,30,30|11|10|31|12,,,,,,False,empty_gold
e30d01b2898d1bcc7086,thai,cv,,EM-CO-150a.8,,False,,,20,17,17|10|16|18|11,,,,,,17,17|16|15|11|18,,,,,,False,empty_gold
21c1539b82547c425168,thai,icc,Workforce Diversity & Inclusion,CG-MR-330a.1,52,True,False,False,20,102,102|9|7|36|105,0.0,0.0,0.0,0.0,0.0,105,105|102|100|64|63,0.0,0.0,0.0,0.0,0.0,False,candidate_recall_miss
4bd81bb2bd115814e11b,thai,icc,Workforce Diversity & Inclusion,CG-MR-330a.1,52,True,False,False,20,102,102|36|105|9|7,0.0,0.0,0.0,0.0,0.0,105,105|9|7|64|100,0.0,0.0,0.0,0.0,0.0,False,candidate_recall_miss
4f1649291cf9fdf94a63,thai,icc,"Product Sourcing, Packaging & Marketing",CG-MR-410a.3,,False,,,20,92,92|93|57|22|42,,,,,,92,92|85|93|58|21,,,,,,False,empty_gold
5ea5bfc9cc1fc45d2d01,thai,icc,Data Security,CG-MR-230a.2,21,True,False,False,20,100,100|106|101|105|103,0.0,0.0,0.0,0.0,0.07692307692307693,73,73|72|74|71|75,0.0,0.0,0.0,0.0,0.0,False,candidate_recall_miss
6ccca42a8c23d3cc92fd,thai,icc,Data Security,CG-MR-230a.1,72,True,False,False,20,101,101|106|100|103|21,0.0,0.0,0.0,0.0,0.0,48,48|73|50|104|99,0.0,0.0,0.0,0.0,0.0,False,candidate_recall_miss
c0fbaabcda15b455fd1a,thai,icc,Workforce Diversity & Inclusion,CG-MR-330a.1,52,True,False,False,20,102,102|105|36|64|7,0.0,0.0,0.0,0.0,0.0,62,62|105|102|36|64,0.0,0.0,0.0,0.0,0.0,False,candidate_recall_miss
e2444411b24e2ccd3f41,thai,icc,Energy Management in Retail & Distribution,CG-MR-130a.1,,False,,,20,103,103|104|100|101|17,,,,,,84,84|87|18|85|99,,,,,,False,empty_gold
04ee2116537986246ec2,thai,kbank,Data Security,FN-CB-230a.1,103,True,False,False,20,217,217|238|243|210|35,0.0,0.0,0.0,0.0,0.0,217,217|238|243|210|35,0.0,0.0,0.0,0.0,0.0,True,candidate_recall_miss
1a7b2fe8561bb46982ba,thai,kbank,Systemic Risk Management,FN-CB-550a.2,154,True,False,False,20,24,24|240|217|35|223,0.0,0.0,0.0,0.0,0.0,24,24|240|217|35|223,0.0,0.0,0.0,0.0,0.0,True,candidate_recall_miss
30b38f491a1fde53c215,thai,kbank,Financial Inclusion & Capacity Building,FN-CB-240a.1,92,True,False,False,20,217,217|242|4|243|223,0.0,0.0,0.0,0.0,0.0,217,217|242|4|243|223,0.0,0.0,0.0,0.0,0.0,True,candidate_recall_miss
45f926f0e1e0fdb32eaf,thai,kbank,Financed Emissions,FN-CB-410b.4,194,True,False,False,20,197,197|217|44|223|35,0.0,0.0,0.0,0.0,0.0,197,197|223|217|44|35,0.0,0.0,0.0,0.0,0.0,False,candidate_recall_miss
7de027e1a0714f62e2e6,thai,kbank,Financed Emissions,FN-CB-410b.1,,False,,,20,210,210|216|217|215|44,,,,,,215,215|212|44|217|210,,,,,,True,empty_gold
8347fc20148bf1aa5af7,thai,kbank,Financed Emissions,FN-CB-410b.1,,False,,,20,217,217|210|216|215|44,,,,,,217,217|210|216|215|44,,,,,,True,empty_gold
a635c18447f4566e49b6,thai,kbank,Data Security,FN-CB-230a.1,103,True,False,False,20,243,243|238|210|217|35,0.0,0.0,0.0,0.0,0.0,243,243|238|210|217|35,0.0,0.0,0.0,0.0,0.0,True,candidate_recall_miss
bcd153c6d80ede862b14,thai,kbank,Financed Emissions,FN-CB-410b.1,,False,,,20,216,216|210|217|215|44,,,,,,197,197|209|216|215|208,,,,,,False,empty_gold
db6e7c7b4fa5c93f2c7b,thai,kbank,Business Ethics,FN-CB-510a.2,150,True,False,False,20,238,238|210|236|240|217,0.0,0.0,0.0,0.0,0.0,212,212|235|234|241|238,0.0,0.0,0.0,0.0,0.0,True,candidate_recall_miss
e1109414feb475c5ff4a,thai,kbank,Financial Inclusion & Capacity Building,FN-CB-240a.2,92,True,False,False,20,217,217|242|236|243|26,0.0,0.0,0.0,0.0,0.0,223,223|236|244|243|242,0.0,0.0,0.0,0.0,0.0,True,candidate_recall_miss
e398081136d7631d2898,thai,kbank,"Incorporation of Environmental, Social, and Governance Factors in Credit Analysis",FN-CB-410a.2,66,True,False,False,20,217,217|35|44|223|219,0.0,0.0,0.0,0.0,0.0,218,218|24|219|46|217,0.0,0.0,0.0,0.0,0.0,False,candidate_recall_miss
e4265e3d453cdfb44a12,thai,kbank,Financed Emissions,FN-CB-410b.2,,False,,,20,242,242|223|210|35|44,,,,,,223,223|211|209|210|44,,,,,,False,empty_gold
348298f6e72e6bb68e81,thai,pttep,Biodiversity Impacts,EM-EP-160a.1,260,True,False,False,20,78,78|202|262|16|184,0.0,0.0,0.0,0.0,0.0,262,262|268|261|78|264,0.0,0.0,0.0,0.0,0.0,False,candidate_recall_miss
52375f2e8960be0ddf10,thai,pttep,Workforce Health & Safety,EM-EP-320a.1,,False,,,20,268,268|89|126|93|404,,,,,,268,268|89|126|93|404,,,,,,False,empty_gold
d45bcb431a911cc9d8d2,thai,pttep,Reserves Valuation & Capital Expenditures,EM-EP-420a.3,,False,,,20,459,459|85|484|210|278,,,,,,459,459|85|484|210|278,,,,,,True,empty_gold
ecc126fbcf698e3223c1,thai,pttep,Workforce Health & Safety,EM-EP-320a.2,,False,,,20,89,89|268|79|78|291,,,,,,268,268|89|208|79|78,,,,,,False,empty_gold
3d4016925f2aa9973c1d,thai,scb,Financial Inclusion & Capacity Building,FN-CB-240a.1,,False,,,20,127,127|64|104|126|131,,,,,,70,70|104|64|67|44,,,,,,True,empty_gold
5574ce3bbda52856f163,thai,scb,"Incorporation of Environmental, Social, and Governance Factors in Credit Analysis",FN-CB-410a.2,77,True,False,False,20,126,126|131|125|74|30,0.0,0.0,0.0,0.0,0.0,72,72|65|75|76|29,0.0,0.0,0.0,0.0,0.0,False,candidate_recall_miss
6a9ed7ace94b670224d1,thai,scb,Data Security,FN-CB-230a.1,95,True,False,False,20,31,31|128|125|126|124,0.0,0.0,0.0,0.0,0.045454545454545456,124,124|32|105|30|31,0.0,0.0,0.0,0.0,0.0,False,candidate_recall_miss
783bcdbda1dda34b5417,thai,scb,Data Security,FN-CB-230a.2,95,True,False,False,20,31,31|30|32|126|125,0.0,0.0,0.0,0.0,0.043478260869565216,31,31|32|30|126|129,0.0,0.0,0.0,0.0,0.0,False,candidate_recall_miss
847d50e9a462ca87e6ae,thai,scb,Financial Inclusion & Capacity Building,FN-CB-240a.1,,False,,,20,127,127|64|131|44|104,,,,,,70,70|64|104|126|127,,,,,,False,empty_gold
8d2e4b0fbd6bc5e87647,thai,scb,Business Ethics,FN-CB-510a.2,,False,,,20,126,126|30|31|88|128,,,,,,126,126|30|31|88|128,,,,,,True,empty_gold
c9ff11e155670b3882d6,thai,scb,Data Security,FN-CB-230a.1,95,True,False,False,20,128,128|124|31|125|131,0.0,0.0,0.0,0.0,0.047619047619047616,124,124|123|122|28|31,0.0,0.0,0.0,0.0,0.0,True,candidate_recall_miss
faaf5f3cefe6a7f8a84f,thai,scb,Data Security,FN-CB-230a.1,95,True,False,False,20,124,124|125|128|131|126,0.0,0.0,0.0,0.0,0.047619047619047616,124,124|123|122|29|104,0.0,0.0,0.0,0.0,0.0,False,candidate_recall_miss
029b9360cefd31f89dd0,thai,scm,Labour Practices,CG-MR-310a.2,108,True,True,True,20,82,82|91|69|105|88,0.0,0.0,1.0,0.0,0.1,107,107|91|82|105|88,0.0,0.0,1.0,1.0,0.14285714285714285,True,neither_top1
02a465fceda092f7c1b0,thai,scm,Workforce Diversity & Inclusion,CG-MR-330a.1,107,True,False,False,20,92,92|54|89|12|84,0.0,0.0,0.0,0.0,0.09090909090909091,53,53|92|93|90|94,0.0,0.0,0.0,0.0,0.0,False,candidate_recall_miss
103d68bc470d7d5171a0,thai,scm,Workforce Diversity & Inclusion,CG-MR-330a.1,107,True,True,True,20,92,92|54|89|12|84,0.0,0.0,1.0,0.0,0.125,53,53|107|108|94|87,0.0,1.0,1.0,0.0,0.5,False,neither_top1
161fb2d9b525319f3d5c,thai,scm,Workforce Diversity & Inclusion,CG-MR-330a.1,86,True,False,False,20,92,92|89|54|84|69,0.0,0.0,0.0,0.0,0.0,108,108|107|91|92|89,0.0,0.0,0.0,0.0,0.0,False,candidate_recall_miss
2ba66d7bdfe0ba40d04f,thai,scm,"Product Sourcing, Packaging & Marketing",CG-MR-410a.3,76,True,True,True,20,105,105|76|74|25|77,0.0,1.0,1.0,0.0,0.5,76,76|74|77|75|25,1.0,1.0,1.0,1.0,1.0,False,vlm_improved_top1
2fccc5eb39602f3d66c9,thai,scm,Workforce Diversity & Inclusion,CG-MR-330a.1,86,True,False,False,20,92,92|89|54|84|69,0.0,0.0,0.0,0.0,0.0,108,108|91|107|92|93,0.0,0.0,0.0,0.0,0.0,False,candidate_recall_miss
d3b9323f60fa32007f64,thai,scm,"Product Sourcing, Packaging & Marketing",CG-MR-410a.2,77,True,True,True,20,76,76|32|48|50|56,0.0,0.0,1.0,1.0,0.1111111111111111,76,76|32|48|50|56,0.0,0.0,1.0,1.0,0.1111111111111111,True,neither_top1
ec3416affffa2312d9ec,thai,scm,Labour Practices,CG-MR-310a.2,108,True,True,True,20,82,82|91|105|89|69,0.0,0.0,1.0,0.0,0.1111111111111111,107,107|108|91|82|105,0.0,1.0,1.0,1.0,0.5,True,neither_top1
0f7500d416a4e93b3a64,thai,tisco,Data Security,FN-CB-230a.1,58,True,False,False,20,217,217|238|243|210|35,0.0,0.0,0.0,0.0,0.0,217,217|238|243|210|35,0.0,0.0,0.0,0.0,0.0,True,candidate_recall_miss
0fed71769eacbbdf7465,thai,tisco,Financed Emissions,FN-CB-410b.1,,False,,,20,210,210|216|217|215|44,,,,,,215,215|197|213|211|216,,,,,,False,empty_gold
1cbc80386897f11a0256,thai,tisco,Financial Inclusion & Capacity Building,FN-CB-240a.1,72,True,False,False,20,217,217|242|4|243|223,0.0,0.0,0.0,0.0,0.0,242,242|243|4|217|223,0.0,0.0,0.0,0.0,0.0,True,candidate_recall_miss
57e7849472b966b5b96a,thai,tisco,Data Security,FN-CB-230a.1,58,True,False,False,20,243,243|238|210|217|35,0.0,0.0,0.0,0.0,0.0,243,243|238|210|217|35,0.0,0.0,0.0,0.0,0.0,True,candidate_recall_miss
6b4bbc8dc8501e74a14a,thai,tisco,Financed Emissions,FN-CB-410b.1,,False,,,20,217,217|210|216|215|44,,,,,,197,197|209|215|218|219,,,,,,False,empty_gold
73c48a10dfee929d6d61,thai,tisco,Data Security,FN-CB-230a.2,54,True,False,False,20,210,210|241|238|237|223,0.0,0.0,0.0,0.0,0.0,210,210|241|238|237|223,0.0,0.0,0.0,0.0,0.0,True,candidate_recall_miss
7efad3113f43687af00e,thai,tisco,Financed Emissions,FN-CB-410b.1,127,True,False,False,20,216,216|210|217|215|44,0.0,0.0,0.0,0.0,0.0,197,197|215|211|216|210,0.0,0.0,0.0,0.0,0.0,False,candidate_recall_miss
88d552b76e3d2fb5b2c4,thai,tisco,Data Security,FN-CB-230a.1,58,True,False,False,20,243,243|210|35|242|217,0.0,0.0,0.0,0.0,0.0,243,243|210|35|242|217,0.0,0.0,0.0,0.0,0.0,True,candidate_recall_miss
98f2ac9b055da29a098d,thai,tisco,Activity,FN-CB-000.B,72,True,False,False,20,217,217|4|242|223|166,0.0,0.0,0.0,0.0,0.0,69,69|219|217|218|216,0.0,0.0,0.0,0.0,0.0,True,candidate_recall_miss
a24c22b1803ccd498077,thai,tisco,Business Ethics,FN-CB-510a.2,45,True,False,False,20,238,238|210|236|240|217,0.0,0.0,0.0,0.0,0.0,238,238|210|236|240|217,0.0,0.0,0.0,0.0,0.0,True,candidate_recall_miss
d9c8874df850b4701126,thai,tisco,Financed Emissions,FN-CB-410b.4,,False,,,20,197,197|217|44|223|35,,,,,,197,197|223|217|35|43,,,,,,False,empty_gold
f0d2f6ce2e0b43001529,thai,tisco,Activity,FN-CB-000.B,72,True,False,False,20,217,217|4|166|6|242,0.0,0.0,0.0,0.0,0.0,69,69|26|164|165|167,0.0,0.0,0.0,0.0,0.0,False,candidate_recall_miss
